Prompt Number,Title,Use Case,Full Prompt,Aspect Ratio,Best Platforms
001,Silk Draped Perfume Elegance,"High-end fragrance advertising, luxury e-commerce, Instagram campaigns","You are an award-winning luxury product photographer specializing in high-end fragrance campaigns for brands like Chanel and Dior. Create a sophisticated perfume bottle photograph featuring a rectangular glass perfume bottle positioned on draped champagne silk fabric with natural wrinkles and folds catching light. Use soft directional lighting from a 45-degree angle creating gentle shadows and highlighting the silk's lustrous sheen. The bottle should be sharp with the label clearly visible while the background silk melts into creamy bokeh using f/2.8 aperture. Include elegant negative space in the upper third for advertising copy placement. Use medium format camera aesthetic with Hasselblad color science, muted gold and cream color palette, editorial luxury magazine styling with tactile emphasis showing detailed fabric texture. The composition should feel expensive, refined, and campaign-ready with photorealistic material rendering. Avoid fake branding, excessive text, or artificial reflections.",4:5,Instagram / Pinterest / Premium E-commerce
002,Marble Watch Masculine Luxury,"Watch brand campaigns, men's luxury accessories, editorial features","You are a luxury watch photographer specializing in Swiss timepiece advertising and horological editorial content. Create a dramatic product photograph of a premium automatic watch with visible complications positioned on honed Carrara marble surface. Use dramatic side lighting creating defined shadows at 7 o'clock position with additional rim light separating the watch from background. Employ macro lens perspective capturing intricate dial details, polished case finishing, and genuine leather strap grain texture. Include atmospheric dust particles visible in light rays creating depth. Use high-contrast chiaroscuro lighting reminiscent of classical painting with cool blue-grey color grading and architectural precision in composition. The watch should show accurate time and realistic reflections with professional product retouching standards. Avoid distorted watch faces, incorrect hand positions, or fake brand names.",1:1,Instagram / Luxury Brand Campaigns / Print Advertising
003,Velvet Diamond Ring Drama,"Fine jewelry marketing, engagement ring campaigns, luxury retail","You are a fine jewelry photographer specializing in high-end diamond and gemstone advertising for luxury jewelers. Create a low-key dramatic photograph of a diamond engagement ring resting on a deep burgundy velvet cushion against a completely black background. Use single focused spotlight creating brilliant light refraction through diamond facets with visible fire and brilliance. Photograph the ring at eye level with slight downward angle using macro photography to reveal metal craftsmanship, prong details, and stone clarity. Include volumetric light beam visible in atmospheric haze with cinematic color grading preserving both rich shadows and sparkling highlights. The diamond should show realistic light dispersion with accurate gemstone properties. Avoid plastic-looking gems, distorted metal, or excessive sparkle effects.",4:5,E-commerce / Social Media / Email Campaigns
004,Minimalist Skincare on Stone,"Premium skincare brands, clean beauty campaigns, wellness marketing","You are a minimalist product photographer specializing in Scandinavian-inspired clean beauty and wellness brand campaigns. Create a serene product photograph featuring a high-end serum bottle centered on a rough-hewn limestone block with natural texture. Use diffused natural window light from the left creating soft graduated shadows and even illumination. Employ Scandinavian minimalist aesthetic with abundant negative space, neutral earth-tone palette of warm greys and off-whites. The product label should face camera at perfect angle with shallow depth creating gentle background fade. Show honest material textures including stone grain and glass reflectivity with editorial cleanliness and premium simplicity. Shot with tilt-shift lens aesthetic for controlled focus plane. Avoid clutter, bright colors, or busy compositions.",4:5,Instagram / Website Landing Pages / Print Catalogs
005,Suspended Luxury Handbag,"Designer bag campaigns, luxury fashion accessories, premium retail","You are a high-end fashion photographer specializing in luxury accessories and designer handbag campaigns for major fashion houses. Create a dynamic product photograph of a designer leather handbag suspended in mid-air against a seamless cream background using invisible rigging to create a floating effect. Use controlled studio lighting with large octabox for wrapping softness plus additional fill light from below eliminating harsh shadows. Capture the bag at a dynamic three-quarter angle showing structure, hardware details, and leather craftsmanship. The rich cognac leather should show visible natural grain and character with gold-tone metal accents catching small specular highlights. Use high-end retouching maintaining authentic texture with commercial fashion photography standards. Avoid visible wires, unnatural shadows, or distorted bag shape.",1:1,Social Media Campaigns / E-commerce / Paid Advertising
006,Whiskey Bottle Ice and Reflection,"Premium spirits advertising, lifestyle beverage photography, bar marketing","You are a commercial beverage photographer specializing in premium spirits and luxury alcohol brand campaigns. Create a sophisticated product photograph of a crystal whiskey decanter on polished black granite surface creating perfect mirror reflection. Include chunks of clear artisan ice scattered around the base catching and refracting light. The golden amber liquid should be visible through glass showing depth and clarity with dramatic backlighting creating luminous glow. Add subtle smoke or vapor wisping from ice adding atmospheric dimension with rim lighting defining bottle edges. Use sophisticated color palette of amber, deep black, and ice-blue with cinematic beverage photography aesthetic. Ultra-sharp focus on label with 100mm macro lens perspective. Avoid artificial smoke, unrealistic reflections, or distorted glass.",4:5,Magazine Ads / Social Media / Premium Beverage Marketing
007,Tech Device Brutalist Architecture,"Premium electronics, luxury lifestyle tech, modern product marketing","You are a technology lifestyle photographer specializing in premium consumer electronics and luxury tech brand campaigns. Create an editorial photograph of high-end wireless headphones placed on geometric concrete architectural element with strong angular lines and brutalist aesthetic. Use natural daylight through unseen skylight creating graduated illumination across concrete surfaces. Position product following rule of thirds with background showing out-of-focus brutalist architecture creating depth. Employ modernist aesthetic with industrial materials, color palette of concrete grey with brushed metal accents. Use perspective control lens maintaining perfectly vertical lines with editorial technology photography standards emphasizing premium build quality and materiality. Avoid plastic-looking materials, incorrect perspective, or cluttered backgrounds.",16:9,Website Heroes / Technology Blogs / Brand Campaigns
008,Flowing Silk Scarf Luxury,"Fashion accessories, luxury textile marketing, designer scarves","You are a fashion accessories photographer specializing in luxury textiles and designer silk goods for high-end fashion brands. Create an elegant still life photograph of a designer silk scarf artfully draped over a matte black pedestal with fabric flowing naturally showing gravity and movement. Use lighting from above creating dimensional folds and shadows in silk material revealing pattern details. Feature rich jewel-tone colors of sapphire blue and emerald green against dark background with fabric photographed to show natural lustre and hand-painted design details. Include high-key highlights on silk ridges with luxury fashion editorial styling. Ensure color-accurate reproduction critical for e-commerce with medium aperture f/5.6 for balanced depth of field. Avoid flat lighting, color inaccuracy, or stiff fabric appearance.",4:5,E-commerce / Instagram / Fashion Editorial
009,Artisan Chocolate Gold Accents,"Premium confectionery, gourmet food marketing, luxury gifts",You are a luxury food photographer specializing in high-end confectionery and artisan chocolate brand campaigns. Create an indulgent close-up photograph of hand-crafted chocolate bonbons arranged on natural slate surface with edible gold leaf accents. Use macro photography revealing glossy chocolate shell finish and intricate surface decorations including painted details and textures. Employ dramatic side lighting creating specular highlights on chocolate curves and dimensional shadows. Use shallow depth of field at f/2.8 isolating foreground piece while others fade into soft bokeh. Feature rich brown color with metallic gold details and artisanal food photography aesthetic with texture emphasis showing cocoa sheen and professional color grading. Shot with 100mm macro lens revealing handcrafted details. Avoid plastic-looking chocolate or artificial shine.,1:1,Instagram / Product Packaging / Gourmet Marketing
010,Burning Candle Atmospheric Glow,"Premium home fragrance, luxury lifestyle, wellness products","You are an atmospheric lifestyle photographer specializing in luxury home fragrance and wellness brand campaigns. Create an intimate low-light photograph of a luxury scented candle burning in a completely dark environment where the single flame creates the only light source. The warm orange glow should illuminate the frosted glass container and surrounding space in a diminishing radius with wisps of smoke rising vertically showing stillness. Use strong contrast between warm candlelight and deep shadows with visible wax pool at surface. Employ premium home fragrance aesthetic with cinematic low-light photography shot using fast prime lens at f/1.4 capturing natural ambient glow and flame detail. The mood should feel intimate, luxurious, and calming. Avoid multiple light sources, unnatural colors, or fake flame effects.",4:5,Social Media / Brand Atmosphere / Email Marketing
011,Champagne Pour Celebration,"Luxury beverage advertising, celebration campaigns, event marketing","You are a high-speed beverage photographer specializing in dynamic liquid photography and premium champagne advertising campaigns. Create an elegant action photograph of champagne being poured into a crystal flute against black velvet background with liquid captured mid-pour showing carbonation bubbles and fluid movement. The golden liquid should catch light with internal glow and fine bubbles streaming upward in glass creating visual interest. Include a hand wearing elegant jewelry partially visible holding bottle with manicured nails. Use dramatic single-source lighting from side creating highlights on glass facets with high-speed photography freezing liquid motion while maintaining flow visibility. Employ celebratory luxury aesthetic with rich color contrast of gold champagne against darkness. Avoid motion blur, spills, or unrealistic bubble patterns.",4:5,Social Media / Beverage Marketing / Event Promotion
012,Leather Goods Flat Lay Organization,"Designer accessories, luxury brand campaigns, collection showcases","You are a luxury accessories photographer specializing in editorial flat lay compositions for premium leather goods brands. Create an organized overhead photograph of premium leather wallet, cardholders, and key fob arranged in intentional flat lay composition on Italian limestone surface. Use overhead lighting creating even illumination without harsh shadows with items positioned showing craftsmanship details and visible stitching. Feature rich caramel and chocolate leather tones with visible edge finishing details and monogram hardware catching subtle highlights. Use editorial product photography aesthetic with negative space balanced for text overlay. Shot from directly above with tilt-shift lens ensuring parallel plane sharpness across all products. Avoid shadows, uneven lighting, or cluttered arrangement.",1:1,Instagram / E-commerce Collections / Catalog Photography
013,Pearl Necklace Velvet Display,"Fine jewelry marketing, bridal accessories, luxury pearls","You are a fine jewelry photographer specializing in pearls and bridal jewelry for luxury jewelers and high-end retailers. Create an elegant product photograph of a graduated pearl necklace gracefully arranged on navy velvet display with each pearl showing lustrous surface and subtle natural color variations from cream to pale pink. Use macro detail revealing individual pearl surfaces, natural blemishes showing authenticity, and intricate gold clasp details. Employ soft directional lighting creating gentle shadows with luxurious color palette of navy and ivory with gold accents. Use high-end jewelry photography standards with background gradually fading to darkness emphasizing organic pearl character and quality grading. Shot with ring light for even illumination. Avoid plastic-looking pearls or artificial uniformity.",4:5,E-commerce / Pinterest / Bridal Marketing
014,Watch Dial Macro Detail,"Horological marketing, luxury timepiece details, watch enthusiast content","You are a horological macro photographer specializing in luxury watch details and movement photography for watch brands and collector publications. Create an extreme close-up photograph of a luxury watch dial showing intricate guilloche pattern, applied indices, hands, and finishing techniques on dial surface. Use macro lens revealing Swiss watchmaking craftsmanship with focus on center while edges softly blur into bokeh. Employ dramatic lighting emphasizing dimensional details with metallic surfaces showing brushed and polished contrasts. Feature cool silver and blue color palette with technical precision photography and detail-oriented composition showcasing movement complications. Shot at f/4 for critical sharpness zone maintaining detail in focus area. Avoid distorted dial, incorrect hand positions, or over-processed HDR look.",1:1,Instagram / Watch Enthusiast Content / Detail Marketing
015,Rose Gold Cosmetics Elegance,"Premium makeup brands, beauty e-commerce, feminine luxury","You are a beauty product photographer specializing in premium cosmetics and luxury makeup brand campaigns with editorial styling. Create a sophisticated product photograph of high-end lipstick and compact powder arranged on rose gold metallic tray positioned on soft pink marble surface. Use diffused natural light creating gentle shadows without harshness with rose gold packaging details reflecting light beautifully. Feature blush and nude color palette throughout with minimal styling and modern luxury aesthetic. Product labels should face forward clearly with editorial beauty photography standards and premium feminine aesthetic. Include negative space in composition for brand messaging shot with 85mm lens at f/4 for controlled depth. Avoid harsh lighting, color casts, or cluttered styling.",4:5,Instagram / Beauty E-commerce / Brand Campaigns
016,Executive Fountain Pen Portfolio,"Executive accessories, professional luxury goods, corporate gifting","You are a corporate luxury photographer specializing in executive accessories and professional leather goods for premium business brands. Create a refined product photograph of a premium fountain pen with gold nib resting diagonally across burgundy leather portfolio with warm directional lighting from top-left creating refined shadows. Use focus on pen nib showing craftsmanship and brand engraving details with leather texture showing rich grain and natural patina. Employ sophisticated masculine aesthetic with corporate luxury styling and selective focus keeping pen sharp while background gently blurs. Feature editorial commercial photography with deep rich colors of burgundy, gold, and black shot with 100mm macro lens. Avoid fake branding, plastic materials, or amateur lighting.",16:9,LinkedIn / Corporate Marketing / Executive Gift Campaigns
017,Crystal Glassware Luminous Still Life,"Luxury tableware, home entertaining, premium glassware","You are a luxury home goods photographer specializing in fine crystal and tableware for premium homeware brands. Create an elegant still life photograph of fine crystal wine glasses arranged in sophisticated grouping on white linen tablecloth with backlighting creating luminous glow through crystal showing clarity and cut patterns. Include subtle reflections on glossy surface beneath glasses with high-key lighting and controlled shadows. Use clean and sophisticated aesthetic with lifestyle luxury home styling emphasizing crystal quality and light refraction properties. Feature pristine white and crystal-clear color palette with commercial product photography for high-end brands. Avoid harsh shadows, color casts, or cluttered backgrounds.",4:5,E-commerce / Pinterest / Home & Lifestyle Marketing
018,Silk Necktie Editorial Menswear,"Men's fashion accessories, luxury menswear, designer ties","You are a menswear accessories photographer specializing in luxury ties and formal accessories for designer menswear brands. Create a refined product photograph of designer silk necktie artfully arranged showing pattern and fabric sheen on dark walnut wood surface with lighting creating highlights on silk texture. Position tie in gentle S-curve composition with rich pattern visible ensuring color accuracy critical for e-commerce. Use depth showing fabric weight and quality with masculine luxury aesthetic and selective focus on tie knot area transitioning to softness. Employ editorial menswear photography shot with natural window light and black bounce card for contrast enhancement. Avoid flat appearance, color inaccuracy, or unnatural fabric stiffness.",4:5,E-commerce / Men's Fashion Marketing / Social Media
019,Champagne Ice Bucket Sophistication,"Premium beverage lifestyle, hospitality advertising, luxury events","You are a luxury lifestyle photographer specializing in premium beverage and hospitality brand campaigns for high-end venues and champagne houses. Create an atmospheric product photograph of vintage champagne bottle in polished silver ice bucket filled with crushed ice and condensation beading on cold metal surface. Use dark atmospheric background suggesting upscale venue with warm ambient lighting creating reflections on silver surface. Include visible ice crystals with bottle label partially visible showing brand identity. Employ lifestyle luxury beverage photography with sophisticated celebration aesthetic and rich color palette of silver, gold foil, and deep shadows. Use commercial advertising style standards. Avoid over-lit scenes or cheap-looking props.",4:5,Hospitality Marketing / Social Media / Beverage Campaigns
020,Designer Sunglasses Mirror Reflection,"Eyewear brand campaigns, fashion accessories, summer collections","You are a fashion accessories photographer specializing in eyewear and sunglasses for designer fashion brands and optical retailers. Create a clean product photograph of high-end sunglasses on reflective black acrylic surface creating perfect mirror image with controlled studio lighting eliminating unwanted reflections in lenses. Show frames displaying premium materials and hardware details with modern minimalist composition and centered product placement. Use cool metallic color palette with commercial fashion photography standards and lenses showing subtle gradient tint. Maintain crisp focus throughout product with background fading to darkness. Shot with polarizing filter to control reflections precisely. Avoid distorted frames, visible studio reflections, or unnatural shadows.",1:1,Instagram / E-commerce / Fashion Marketing
021,Artisan Tea Set Marble Serenity,"Premium tea brands, lifestyle home products, wellness marketing",You are a lifestyle product photographer specializing in artisan tea brands and premium home goods with Japanese-inspired aesthetics. Create a serene overhead photograph of artisan ceramic teapot and cups arranged on white Carrara marble slab with steam rising from freshly poured tea creating atmosphere. Use natural window light from left creating soft shadows with Japanese-inspired minimalist aesthetic and muted earth-tone ceramics against cool marble. Feature lifestyle product photography with overhead angle showing arrangement and surface beauty emphasizing organic textures. Create serene and refined mood with premium home goods styling shot in natural light with white reflector fill. Avoid cluttered compositions or harsh lighting.,1:1,Pinterest / Lifestyle Blogs / E-commerce
022,Gold Lighter Flame Drama,"Luxury smoking accessories, men's lifestyle, premium gifts","You are a luxury lifestyle photographer specializing in premium men's accessories and smoking goods for high-end lifestyle brands. Create a dramatic close-up photograph of gold-plated luxury lighter on black background with single light source creating specular highlights on polished gold surface. Capture flame in sharp detail showing blue core and orange tip with macro photography revealing engraved details and craftsmanship. Use high contrast between glowing flame and dark surroundings with sophisticated masculine luxury aesthetic. Feature warm gold tones against cool darkness with commercial product photography and premium retouching. Avoid motion blur, fake flame effects, or excessive glow.",4:5,Social Media / Luxury Lifestyle / Product Detail Marketing
023,Luxury Stationery Flat Lay Detail,"Premium paper goods, corporate gifting, wedding stationery","You are a stationery and paper goods photographer specializing in luxury wedding and corporate stationery for premium paper brands. Create an organized overhead photograph of high-end embossed stationery cards, gold fountain pen, and wax seal arranged in organized flat lay on white oak surface. Use soft overhead lighting creating minimal shadows with textures visible showing paper quality and embossing depth. Feature sophisticated neutral color palette of cream, gold, and natural wood with editorial product styling and negative space for text. Employ lifestyle luxury home office aesthetic shot from directly above with even lighting distribution. Avoid harsh shadows or cluttered arrangements.",1:1,Instagram / Pinterest / Stationery Brand Marketing
024,Natural Skincare Botanical Elements,"Premium skincare, natural beauty, spa luxury",You are a natural beauty photographer specializing in organic skincare and wellness brands with spa-inspired aesthetics. Create a serene product photograph of elegant hand cream tube with gold cap positioned on natural stone beside fresh botanical elements like eucalyptus leaves and small white flowers. Use natural diffused daylight creating organic shadows with spa-like aesthetic and neutral earth tones. Show product reflecting luxury natural beauty philosophy with editorial skincare photography emphasizing textures of stone and botanicals. Create serene and refined mood with clean composition and intentional negative space shot with natural light only. Avoid artificial elements or clinical backgrounds.,4:5,Instagram / Natural Beauty Marketing / E-commerce
025,Watch Strap Craftsmanship Detail,"Watch brand advertising, craftsmanship storytelling, detail marketing","You are a horological detail photographer specializing in luxury watch craftsmanship and material photography for premium watch brands. Create a macro close-up photograph of luxury watch case transitioning to hand-stitched leather strap with emphasis on attachment point and stitching detail showing artisanal craftsmanship. Use dramatic side lighting creating texture visibility on both metal and leather materials with shallow depth of field focusing on stitching workmanship. Feature warm brown leather against cool steel case with artisanal detail photography and commercial horological marketing standards. Shot with 100mm macro lens at f/2.8 revealing construction quality. Avoid soft focus, poor lighting, or missing details.",16:9,Website Detail Imagery / Instagram / Brand Storytelling
026,Briefcase Leather Texture Close-Up,"Executive leather goods, professional accessories, craftsmanship focus","You are a leather goods photographer specializing in executive accessories and luxury leather craftsmanship for premium luggage and accessory brands. Create a detailed close-up photograph of premium briefcase showing full-grain leather texture, visible stitching, and brass hardware with lighting emphasizing leather grain and natural character marks. Feature warm brown leather tones with selective focus on hardware lock mechanism while background leather texture softly blurs. Use craftsmanship-focused photography with commercial leather goods marketing standards and rich material aesthetic. Shot with macro lens revealing authentic material quality and construction details. Avoid fake leather appearance or plastic-looking hardware.",4:5,Product Detail Pages / Instagram / Craftsmanship Marketing
027,Perfume Fresh Flowers Romance,"Fragrance advertising, beauty editorial, feminine luxury","You are a beauty and fragrance photographer specializing in feminine perfume campaigns and floral editorial styling for luxury beauty brands. Create a romantic product photograph of designer perfume bottle surrounded by fresh peonies and roses in coordinating soft pink and white tones with natural window light creating soft-focus atmosphere. Show glass bottle reflecting floral colors with shallow depth of field keeping bottle sharp while flowers create dreamy bokeh background. Use feminine luxury aesthetic with editorial fragrance photography and color palette of blush pink, white, and clear glass. Create delicate and elegant mood shot with 85mm lens at f/1.8. Avoid artificial flowers or harsh lighting.",4:5,Instagram / Pinterest / Fragrance Campaigns
028,Minimalist Silverware Linen Elegance,"High-end tableware, luxury home goods, dining aesthetics","You are a home goods photographer specializing in minimalist Scandinavian-inspired tableware and dining aesthetics for premium lifestyle brands. Create a clean overhead photograph of premium silver cutlery arranged on natural linen napkin with soft natural light creating gentle shadows and Scandinavian minimalist aesthetic. Use muted neutral palette of polished silver, linen white, and natural textile texture with editorial lifestyle photography emphasizing negative space in composition. Show quality and design simplicity with modern luxury home styling shot from above with diffused lighting. Avoid cluttered compositions or distracting elements.",1:1,Pinterest / Home Goods E-commerce / Editorial Features
029,Cigar Whiskey Masculine Luxury,"Premium tobacco and spirits, masculine lifestyle, lounge atmosphere","You are a luxury lifestyle photographer specializing in masculine products and premium spirits photography for cigar lounges and whiskey brands. Create an atmospheric photograph of hand-rolled cigar resting on edge of crystal tumbler filled with amber whiskey on dark walnut background with warm tungsten-balanced lighting creating intimate club atmosphere. Include smoke wisping from cigar creating atmospheric element with rich color palette of tobacco brown, amber liquid, and warm wood tones. Use sophisticated masculine luxury lifestyle aesthetic with commercial beverage and tobacco photography standards. Employ selective focus on cigar band with moody and refined aesthetic. Avoid bright lighting or casual settings.",4:5,Social Media / Lifestyle Marketing / Print Advertising
030,Cashmere Scarf Texture Luxury,"Premium textile marketing, winter fashion, luxury accessories",You are a textile and fashion photographer specializing in luxury fabric photography and premium winter accessories for high-end fashion brands. Create a macro close-up photograph of folded cashmere scarf showing fiber softness and weave structure with gentle lighting revealing textile texture without harsh shadows. Feature rich camel or charcoal color showing depth in folds with emphasis on material quality and tactile appeal. Use commercial textile photography with shallow depth of field focusing on fabric weave detail and luxurious material aesthetic. Employ neutral sophisticated color grading shot with macro lens revealing fiber quality and hand feel. Avoid flat appearance or synthetic-looking materials.,1:1,E-commerce Detail Images / Instagram / Fashion Marketing
031,Watch Box Premium Presentation,"Watch retail, premium gifting, luxury packaging",You are a luxury retail photographer specializing in product presentation and premium packaging for high-end watch brands and jewelers. Create an elegant photograph of open luxury watch presentation box with timepiece displayed on interior cushion and dramatic lighting from above creating shadows in box interior. Focus on watch face with box providing premium context showing materials including leather interior and polished wood or metal exterior. Use sophisticated product presentation photography with rich color palette and attention to packaging design details. Employ commercial retail photography standards shot at angle showing both watch and premium packaging together. Avoid cheap-looking materials or poor lighting.,4:5,E-commerce / Gift Marketing / Retail Display
032,Leather Gloves Silk Lining Detail,"Fashion accessories, luxury winter goods, craftsmanship focus",You are a fashion accessories photographer specializing in luxury leather goods and winter accessories for designer fashion brands. Create a refined product photograph of premium leather gloves arranged on marble surface with one glove artfully positioned showing interior silk lining and craftsmanship. Use refined lighting creating soft shadows with focus on leather quality and visible stitching details. Feature rich chocolate or black leather against cool marble with sophisticated composition and editorial fashion accessory photography. Emphasize textures showing leather grain and silk sheen with luxury lifestyle aesthetic shot with medium aperture for balanced sharpness. Avoid flat styling or poor material representation.,4:5,Fashion E-commerce / Instagram / Seasonal Campaigns
033,Champagne Bubbles Macro Celebration,"Luxury glassware, celebration marketing, beverage advertising",You are a high-speed beverage photographer specializing in macro liquid photography and champagne advertising for premium beverage brands. Create an elegant extreme close-up photograph of champagne flute with bubbles rising through golden liquid captured in sharp detail with macro lens showing individual bubbles and carbonation streams. Use backlighting creating luminous glow through glass and liquid with elegant stem and bowl visible. Feature celebration and luxury aesthetic with high-key lighting and clean background. Focus on bubble stream with soft fade to edges using commercial beverage photography standards. Shot with 100mm macro lens and fast shutter speed freezing bubble motion. Avoid motion blur or artificial bubbles.,4:5,Celebratory Marketing / Social Media / Beverage Advertising
034,Cufflinks White Shirt Formal Detail,"Men's fashion accessories, formal wear, luxury details",You are a menswear photographer specializing in formal accessories and detail photography for luxury men's fashion brands and tailors. Create a refined close-up photograph of gold or silver cufflinks on crisp white dress shirt cuff showing cufflink design detail and shirt fabric texture with soft directional lighting creating dimension. Focus on cufflink with background shirt slightly blurred using masculine luxury accessory photography aesthetic. Feature clean and refined style with metal catching small highlights and commercial menswear detail photography standards. Shot with 100mm lens at f/4 maintaining detail and sharpness. Avoid cluttered backgrounds or poor focus.,1:1,E-commerce / Menswear Marketing / Instagram
035,Designer Bag Hardware Macro,"Designer handbag marketing, craftsmanship storytelling, brand heritage","You are a luxury fashion detail photographer specializing in designer handbag craftsmanship and brand heritage storytelling for high-end fashion houses. Create a macro photograph of designer handbag hardware showing logo-engraved lock, clasp, or zipper pull with leather texture visible in soft-focused background. Use lighting emphasizing metal finish and engraving detail with shallow depth of field isolating hardware element for luxury brand storytelling through detail. Feature commercial fashion photography with warm or cool metallic tones against rich leather emphasizing quality construction. Shot with macro lens revealing craftsmanship and precision. Avoid fake branding or poor detail capture.",1:1,Instagram Detail Posts / E-commerce / Brand Heritage Marketing
036,Men's Cologne Wood Elements Masculine,"Men's fragrance advertising, masculine luxury, lifestyle marketing",You are a men's lifestyle photographer specializing in masculine fragrance campaigns and editorial product styling for premium men's grooming brands. Create an authentic lifestyle photograph of men's cologne bottle on aged wood surface beside masculine elements like leather-bound journal or vintage grooming tools with warm natural light from window creating authentic shadows. Use earth-tone color palette of browns and deep greens with lifestyle fragrance photography emphasizing authentic materials and textures. Feature editorial masculine aesthetic with product integrated into lifestyle scene shot with natural light and shallow depth of field. Avoid artificial staging or feminine aesthetics.,4:5,Social Media / Editorial Content / Fragrance Campaigns
037,Dark Chocolate Unwrapping Moment,"Premium chocolate marketing, artisan confections, luxury food gifts",You are a luxury food photographer specializing in artisan chocolate and premium confectionery for high-end chocolate brands and gourmet retailers. Create an indulgent photograph of artisan dark chocolate bar partially unwrapped from gold foil packaging with broken piece revealing interior texture on dark slate surface. Use dramatic side lighting creating highlights on foil and chocolate surface with rich brown color and gold accents. Employ editorial food photography with emphasis on quality and artisanal craftsmanship using selective focus on broken edge showing chocolate texture and snap. Feature premium confection aesthetic shot with macro lens. Avoid artificial shine or plastic appearance.,4:5,Food Marketing / Instagram / Premium Product Launch
038,Silk Pillowcase Morning Light Luxury,"Premium bedding, luxury sleep products, home lifestyle",You are a lifestyle home photographer specializing in luxury bedding and sleep products for premium home textile brands. Create a serene photograph of champagne or silver silk pillowcase on bed corner with morning natural light streaming across fabric showing lustrous sheen and natural draping. Show fabric weight and quality with soft focus lifestyle bedroom photography using neutral sophisticated color palette emphasizing silk texture and light interaction. Feature luxury home goods aesthetic with editorial bedroom styling creating serene and refined mood. Shot with natural window light creating gentle gradients and dimensional lighting. Avoid harsh shadows or artificial styling.,4:5,E-commerce / Pinterest / Lifestyle Marketing
039,Fountain Pen Nib Gold Macro,"Fine writing instruments, executive gifts, craftsmanship detail","You are a luxury goods macro photographer specializing in fine writing instruments and executive accessories for premium pen brands. Create an extreme macro close-up photograph of fountain pen nib showing brand engraving, iridium tip, and ink feed with gold or rhodium-plated finish catching light dramatically. Use selective focus with very shallow depth of field against black background isolating subject completely. Emphasize precision craftsmanship and detail with commercial luxury goods photography using warm metallic tones and technical product detail marketing. Shot with macro lens and ring light for even illumination revealing engraving clarity. Avoid soft focus or missing fine details.",1:1,Product Detail Marketing / Instagram / Craftsmanship Focus
040,Diamond Ring Velvet Box Presentation,"Fine jewelry retail, engagement ring presentation, luxury gifting",You are a jewelry retail photographer specializing in engagement rings and luxury jewelry presentation for high-end jewelers and bridal retailers. Create an elegant photograph of diamond ring displayed in open velvet jewelry box with interior lighting from within box creating subtle glow and dramatic external lighting highlighting gemstone brilliance. Focus on jewelry with box providing premium retail context showing rich velvet texture and sophisticated color palette of jewel tones and metallic accents. Use commercial jewelry marketing standards with proper gemstone photography capturing fire and brilliance. Shot with controlled studio lighting and black background. Avoid cheap-looking boxes or poor diamond rendering.,4:5,E-commerce / Social Media / Jewelry Retail
041,Leather Wallet Interior Organization,"Leather goods marketing, product functionality, organizational details","You are a product photographer specializing in leather accessories and functional product photography for premium leather goods brands. Create a detailed photograph of open luxury leather wallet showing interior card slots, bill compartment, and organizational details with warm lighting revealing leather grain and stitching quality throughout. Focus on craftsmanship and functionality with rich leather tones of cognac or black using commercial product photography showing features clearly. Use editorial lifestyle perspective with emphasis on quality construction and design thoughtfulness. Shot from above at slight angle revealing complete interior layout and organization. Avoid shadows obscuring details or poor lighting.",1:1,E-commerce / Product Feature Marketing / Instagram
042,Luxury Watch Wrist Lifestyle Context,"Watch advertising, lifestyle luxury, aspirational marketing",You are a lifestyle photographer specializing in luxury watch campaigns and aspirational product placement for premium timepiece brands. Create an authentic lifestyle photograph of luxury watch on male wrist with arm resting on steering wheel of high-end vehicle or executive desk with selective focus on watch face and background elements softly blurred providing affluent context. Use natural or warm indoor lighting with lifestyle luxury photography showing watch clearly including visible brand and accurate time display. Feature sophisticated masculine aesthetic with commercial lifestyle product photography standards. Shot with 85mm lens at wide aperture creating natural bokeh. Avoid fake settings or poor watch visibility.,4:5,Instagram / Lifestyle Marketing / Brand Campaigns
043,Candle Gift Set Flat Lay Luxury,"Home fragrance gifting, seasonal campaigns, luxury home goods",You are a lifestyle product photographer specializing in gift photography and home fragrance styling for premium candle brands and holiday campaigns. Create a beautiful overhead photograph of premium candle gift set arranged in flat lay on neutral linen surface with candles in glass vessels and elegant packaging visible. Use natural overhead lighting creating soft shadows with luxury home fragrance aesthetic and muted sophisticated color palette. Feature editorial gift presentation styling with negative space for text placement emphasizing premium packaging design. Suitable for holiday or special occasion marketing photography shot from directly above with even lighting. Avoid cluttered arrangements or harsh shadows.,1:1,Gift Guide Marketing / Pinterest / E-commerce
044,Eyeglasses Frame Temple Detail,"Eyewear marketing, optical retail, craftsmanship focus","You are an optical product photographer specializing in eyewear detail photography and frame craftsmanship for designer eyewear brands. Create a detailed close-up photograph of premium eyeglasses frame showing temple hinge, logo detail, and material quality with acetate or metal finish emphasized through careful lighting. Use shallow depth of field isolating frame element with commercial eyewear photography standards focusing on craftsmanship and design details. Feature neutral or dramatic background depending on brand aesthetic with product detail marketing photography standards. Shot with macro lens revealing construction quality, hinge mechanism, and finish details. Avoid distorted perspective or poor detail capture.",16:9,E-commerce Detail Images / Instagram / Optical Marketing
045,Luxury Bath Products Marble Spa,"Premium bath and body, spa luxury, wellness lifestyle","You are a spa and wellness photographer specializing in luxury bath products and home spa aesthetics for premium beauty and wellness brands. Create a fresh photograph of high-end bath oil, salts, and artisan soap arranged on white marble bathroom surface with natural window light creating clean bright atmosphere and water droplets on marble adding spa freshness. Show product labels visible and sharp with luxury bathroom lifestyle photography using clean white and neutral palette with product color accents. Feature editorial home spa aesthetic creating serene and refined mood. Shot with natural light and white reflector fill for even illumination. Avoid cluttered styling or clinical appearance.",4:5,E-commerce / Instagram / Wellness Marketing
046,Designer Necktie Suit Jacket Styling,"Menswear styling, formal fashion, sartorial marketing",You are a menswear stylist and photographer specializing in formal fashion and sartorial elegance for luxury men's fashion brands. Create a refined styling photograph of designer necktie hanging against luxury suit jacket on wooden hanger with focus on tie pattern and texture against suit fabric quality. Use natural lighting revealing fabric qualities of both elements with close-up composition showing styling and color coordination. Feature editorial menswear photography with sophisticated masculine aesthetic emphasizing quality textiles and design harmony. Employ lifestyle formal wear marketing standards shot with medium telephoto lens creating natural compression and depth. Avoid wrinkled fabrics or poor styling.,4:5,Fashion Marketing / Instagram / Menswear Retail
047,Coffee Table Book Stack Styling,"Home styling, luxury lifestyle publishing, interior design",You are an interior styling photographer specializing in luxury home decor and lifestyle product placement for design publications and home brands. Create an aspirational photograph of stack of designer coffee table books with luxury brand or art photography covers on elegant surface with decorative objects like small sculpture or fresh flowers nearby. Use natural light creating inviting atmosphere with editorial home styling photography emphasizing book covers showing titles and imagery clearly. Feature lifestyle luxury aesthetic with sophisticated color coordination and intentional styling. Shot at slight angle showing book spines and top cover with depth. Avoid cluttered arrangements or poor lighting.,4:5,Interior Styling / Pinterest / Lifestyle Marketing
048,Shaving Brush Razor Set Grooming,"Men's grooming products, traditional shaving, luxury bathroom",You are a men's grooming photographer specializing in traditional shaving products and luxury bathroom accessories for premium men's grooming brands. Create an atmospheric photograph of premium shaving brush with natural badger hair bristles and safety razor arranged on dark bathroom counter with warm lighting creating intimate masculine atmosphere. Show water droplets visible on brush adding freshness with focus on craftsmanship details of handles and razor construction. Use masculine luxury grooming aesthetic with editorial men's lifestyle photography emphasizing rich material textures. Shot with natural window light creating dimensional shadows and depth. Avoid artificial staging or feminine aesthetics.,1:1,Men's Grooming Marketing / Instagram / E-commerce
049,Wine Bottle Vineyard Context Story,"Premium wine marketing, vineyard storytelling, terroir connection",You are a wine photographer specializing in vineyard storytelling and premium wine brand campaigns connecting products to their origins and terroir. Create an evocative photograph of luxury wine bottle with shallow vineyard landscape softly blurred in background suggesting wine origin and terroir with warm golden hour light creating glow through bottle showing wine color beautifully. Feature label facing camera with perfect legibility using lifestyle wine photography connecting product to place authentically. Employ editorial beverage marketing with rich color palette of wine red or golden white against green vineyard bokeh. Shot with wide aperture creating atmospheric context through selective focus. Avoid fake backgrounds or studio look.,4:5,Wine Marketing / Social Media / Brand Storytelling
050,Leather Belt Buckle Craftsmanship,"Fashion accessories, men's luxury goods, artisan leather","You are a fashion accessories photographer specializing in leather craftsmanship and men's luxury accessories for premium fashion brands. Create a detailed product photograph of premium leather belt artfully coiled on wood or stone surface with buckle prominently displayed showing hardware detail and visible brand engraving. Use lighting emphasizing leather texture and metal finish with warm natural tones and commercial fashion accessory photography standards. Employ selective focus on buckle with leather providing rich textural context using editorial menswear styling. Shot with macro lens revealing craftsmanship, material quality, and construction details. Avoid fake branding or plastic-looking materials.",1:1,E-commerce / Instagram / Fashion Marketing
051,Clean White Sneaker Product Shot,"Footwear e-commerce, marketplace listings, Amazon product pages","You are an e-commerce product photographer specializing in marketplace-ready product images for major platforms like Amazon and Shopify. Create a clean professional photograph of athletic sneaker on pure white seamless background using three-quarter front angle showing all design details clearly. Use even studio lighting eliminating all shadows for clean marketplace aesthetic with shoe appearing to float with subtle drop shadow beneath for dimension. Ensure colors are accurate for e-commerce color matching with all design elements visible including laces, sole construction, and brand logos. Follow commercial product photography and Amazon listing standards with complete sharpness using medium aperture. Shot with professional product photography lighting setup. Avoid shadows, color casts, or background distractions.",1:1,Amazon / Shopify / E-commerce Marketplaces
052,Lifestyle Headphones Workspace Scene,"Tech accessories e-commerce, lifestyle product marketing, work-from-home",You are a lifestyle product photographer specializing in tech accessories and work-from-home product marketing for consumer electronics brands. Create an authentic lifestyle photograph of wireless headphones positioned on clean wooden workspace beside smartphone and coffee cup with natural morning light from window creating warm work-from-home atmosphere. Show product clearly visible with brand name legible using lifestyle e-commerce photography and warm natural color palette. Create relatable everyday context with items arranged following visual hierarchy keeping headphones as primary focus. Shot from slightly above at 30-degree angle showing workspace context naturally. Avoid cluttered backgrounds or artificial staging.,4:5,Product Pages / Instagram / Facebook Ads
053,Skincare Water Splash Dynamic,"Beauty product ads, skincare e-commerce, social media advertising","You are a beauty advertising photographer specializing in dynamic product photography and high-speed liquid photography for skincare brands. Create an energetic photograph of skincare serum bottle centered with dynamic water splash frozen mid-motion around product using high-speed photography capturing water movement and suspended droplets catching light. Use clean white background with product label perfectly visible and sharp conveying fresh and hydrating visual message. Feature commercial beauty product advertising with bright even lighting and turquoise or clear water against white creating clean refreshing aesthetic. Shot with very fast shutter speed freezing all motion crisply. Avoid motion blur, artificial splash effects, or obscured product.",1:1,Social Media Ads / E-commerce / Beauty Marketing
054,Kitchen Appliance Counter Scene,"Home appliances, kitchen product marketing, lifestyle e-commerce","You are a home goods photographer specializing in kitchen appliances and lifestyle product photography for kitchenware brands and retailers. Create a relatable photograph of modern kitchen appliance like blender or coffee maker positioned on clean marble counter with fresh ingredients nearby suggesting real use and functionality. Use bright natural kitchen lighting with product prominently displayed showing controls, features, and brand clearly. Feature lifestyle kitchen photography with appliance in brand color clearly visible using clean organized composition and relatable home context. Shot from front angle showing product face, features, and surrounding context naturally. Avoid cluttered counters or unrealistic staging.",4:5,E-commerce / Facebook Ads / Kitchen Product Marketing
055,Fitness Gear Flat Lay Bundle,"Activewear accessories, fitness product bundles, workout gear","You are a fitness lifestyle photographer specializing in activewear accessories and workout gear flat lay styling for sports and fitness brands. Create an organized overhead photograph of workout accessories including resistance bands, water bottle, towel, and fitness tracker arranged in flat lay on gym floor or yoga mat surface. Use overhead perspective with items positioned clearly showing product features, branding, and functionality. Feature bright even lighting with active lifestyle aesthetic using color-coordinated product arrangement and negative space for promotional text overlay. Employ e-commerce lifestyle photography shot from directly above with balanced composition. Avoid shadows or disorganized layouts.",1:1,Instagram / E-commerce Bundles / Fitness Marketing
056,Supplement Bottle Natural Ingredients,"Health supplements, nutrition products, vitamin marketing","You are a health and wellness product photographer specializing in supplement photography and natural ingredient styling for nutrition brands. Create a fresh photograph of vitamin or protein supplement bottle surrounded by natural ingredients like fresh fruits, nuts, or herbs that represent formula contents with clean white or light wood background. Show product label facing forward with clear brand visibility using health and wellness aesthetic with fresh organic ingredients arranged artfully around product. Use natural diffused lighting with e-commerce lifestyle product photography suggesting quality and natural sourcing. Shot with moderate depth showing product sharp and ingredients slightly soft providing context. Avoid artificial or clinical appearance.",1:1,Amazon / Health E-commerce / Social Media
057,Backpack Features Display Multi-Angle,"Bags and luggage, travel gear e-commerce, functional products","You are a product photographer specializing in bags, luggage, and functional gear photography for travel and outdoor brands. Create a detailed photograph of modern backpack showing key features like pockets, zippers, straps, and organizational compartments on clean grey or white background. Use lighting revealing material texture and construction quality with bag positioned to demonstrate functionality and capacity clearly. Feature e-commerce product photography highlighting practical selling points with neutral professional photography aesthetic showing all details for customer evaluation. Shot with even studio lighting eliminating distracting shadows. Avoid poor angles hiding features or inadequate lighting.",1:1,E-commerce Platforms / Amazon / Product Pages
058,Makeup Color Swatches Display,"Cosmetics products, beauty e-commerce, color selection tools","You are a beauty e-commerce photographer specializing in makeup product photography and accurate color representation for cosmetics brands and retailers. Create a practical photograph of lipstick or eyeshadow palette with actual color swatches applied on white surface beside product showing true color representation for online shopping. Use bright even lighting for critical color accuracy with both product and swatches sharp and clearly visible. Feature e-commerce beauty photography standards with clean composition placing product on left and swatches on right against white background. Critical color matching for online shopping decisions with shot using color-calibrated lighting setup. Avoid color casts, shadows, or inaccurate color rendering.",16:9,E-commerce / Beauty Product Pages / Color Selection
059,Smart Watch Charging Stand Display,"Wearable tech, smart device marketing, tech accessories","You are a consumer electronics photographer specializing in wearable technology and smart device product photography for tech brands. Create a modern photograph of smartwatch displayed on charging stand showing active screen with time and fitness statistics clearly visible with clean modern setting and soft neutral background. Show screen clearly bright and legible with product design highlighted using tech lifestyle photography and minimalist composition. Feature watch face showing actual interface with ambient modern lighting and e-commerce tech product photography standards. Shot from slight angle showing both screen content and device industrial design. Avoid dark screens, fake UI, or cluttered backgrounds.",4:5,Tech E-commerce / Product Pages / Instagram
060,Pet Product with Animal Interaction,"Pet supplies, animal product marketing, lifestyle pet photography","You are a pet product photographer specializing in lifestyle animal photography and pet product marketing for pet supply brands and retailers. Create an authentic photograph of pet toy, food bowl, or accessory shown with happy dog or cat interacting naturally in bright home environment with both pet and product clearly in frame. Use authentic lifestyle pet photography with product visible and identifiable while pet provides emotional connection and context. Feature natural lighting creating warm inviting mood with e-commerce pet product marketing using relatable home setting. Shot capturing genuine pet behavior and product interaction naturally. Avoid forced poses, stressed animals, or hidden products.",4:5,Pet E-commerce / Social Media Ads / Amazon
061,Phone Case Device Mockup Display,"Phone accessories, device case marketing, tech e-commerce","You are a tech accessories photographer specializing in phone case and mobile accessory product photography for consumer electronics brands. Create a clean photograph of protective phone case displayed on smartphone mockup showing perfect fit and case design with pattern or color clearly visible. Position phone at slight angle on clean background using lifestyle tech accessory photography with case covering phone showing protection while displaying attractive design. Use bright even lighting with multiple coordinating cases optionally visible in soft-focused background showing product line. Feature e-commerce accessory photography standards with accurate color representation. Shot with neutral white or gradient background. Avoid distorted phones, poor fit representation, or color inaccuracy.",1:1,E-commerce / Amazon / Tech Accessories
062,Organic Tea Package Brewed Cup,"Beverage products, tea and coffee marketing, organic food e-commerce","You are a food and beverage photographer specializing in tea, coffee, and artisan beverage product photography for organic food brands. Create a cozy photograph of tea package beside freshly brewed cup with visible steam rising and loose tea leaves scattered artfully on natural wood surface. Use warm natural lighting creating inviting atmosphere with product packaging label clearly visible and lifestyle beverage photography aesthetic. Show cup displaying tea color and clarity with morning light mood using earth tones and organic aesthetic throughout. Feature e-commerce food and beverage photography with authentic styling. Shot with natural window light creating warmth. Avoid artificial elements or clinical product shots.",4:5,Food E-commerce / Instagram / Organic Product Marketing
063,Home Organization Product in Use,"Storage solutions, home organization products, functional lifestyle","You are a home organization photographer specializing in storage solutions and functional product photography for home goods and organization brands. Create a practical photograph of drawer organizer, storage bin, or closet system shown in actual use context with items neatly organized inside demonstrating functionality. Use clean bright home setting with product demonstrating clear functionality and organizational benefit using lifestyle home photography. Show product visible with brand if applicable creating relatable home organization aesthetic with before/after benefit implied through organized result. Shot showing product solving common storage problems practically. Avoid empty products, cluttered messes, or unrealistic perfection.",4:5,Home Goods E-commerce / Amazon / Facebook Ads
064,Burning Candle Cozy Home Scene,"Home fragrance, candle e-commerce, ambient lifestyle",You are a home lifestyle photographer specializing in home fragrance and ambient lifestyle product photography for candle and home scent brands. Create an inviting photograph of scented candle with flame burning in cozy home setting positioned on coffee table or bathroom counter with soft styling elements like books or small plants nearby. Use warm intimate lighting with candle label facing forward clearly and lifestyle home fragrance photography creating inviting atmosphere suggesting relaxation and comfort. Feature product integrated into aspirational home scene with natural evening light mood and cozy aesthetic. Shot with shallow depth focusing on candle as hero element. Avoid harsh lighting or cold atmospheres.,4:5,E-commerce / Instagram / Home Fragrance Marketing
065,Laptop Sleeve Modern Workspace,"Tech accessories, laptop protection products, professional gear",You are a professional tech accessory photographer specializing in laptop accessories and workspace product photography for modern professionals. Create a clean photograph of laptop sleeve or protective case on modern desk with laptop partially inserted showing proper fit and protection clearly. Use clean workspace aesthetic with product material and protective features visible using lifestyle tech accessory photography. Feature professional workspace context with neutral modern color palette and product clearly displayed showing design and functionality. Use bright natural office lighting creating professional atmosphere. Shot from angle showing sleeve and workspace together. Avoid cluttered desks or poor product visibility.,16:9,Tech E-commerce / Amazon / Professional Accessories
066,Jewelry on Model Hand Close-Up,"Jewelry e-commerce, accessory detail marketing, scale reference","You are a jewelry photographer specializing in e-commerce jewelry photography and lifestyle product placement for jewelry brands and retailers. Create a elegant close-up photograph of ring, bracelet, or watch worn on model hand against simple neutral background with focus on jewelry and hand providing natural scale and wearing context. Show natural skin tone visible with jewelry details clear and sharp using commercial jewelry photography standards. Feature hand positioned gracefully showing product from most attractive angle with soft diffused lighting eliminating harsh shadows. Use e-commerce standard jewelry presentation with accurate color and detail rendering. Shot with macro lens for detail. Avoid awkward hand positions or poor lighting.",1:1,Jewelry E-commerce / Instagram / Product Detail Pages
067,Kids Toy Action Play Shot,"Children's toys, play product marketing, parent-focused ads","You are a toy photographer specializing in children's product photography and authentic play moment capture for toy brands and retailers. Create an engaging photograph of children's toy shown in use with child's hands visible playing naturally and authentically in bright cheerful environment. Show toy features and play value demonstrated through genuine action with lifestyle toy photography and authentic play moment captured naturally. Feature product clearly visible and identifiable with safe and joyful aesthetic appealing to parents. Shot from angle showing toy details and natural play interaction. Avoid staged poses, frustrated children, or hidden product features.",4:5,Toy E-commerce / Amazon / Facebook Parent Marketing
068,Yoga Mat Rolled and Unrolled Detail,"Fitness equipment, yoga product marketing, home workout gear","You are a fitness product photographer specializing in yoga equipment and home fitness gear photography for wellness and activewear brands. Create a clean photograph of yoga mat partially unrolled on wooden floor showing thickness, texture, and color clearly with natural light from window creating dimensional shadows. Position mat diagonally for visual interest using lifestyle fitness photography with product features visible including material texture, surface grip, and brand logo placement. Feature clean minimal composition with fitness aesthetic including plants or natural elements optionally. Shot from above at 45-degree angle showing mat texture and construction. Avoid flat lighting or poor texture representation.",4:5,Fitness E-commerce / Instagram / Amazon
069,Cookware with Fresh Ingredients Styling,"Kitchen products, cookware e-commerce, home chef marketing",You are a culinary product photographer specializing in cookware and kitchen product photography with food styling for kitchenware brands. Create an appetizing photograph of non-stick pan or pot on stovetop or counter with fresh cooking ingredients like colorful vegetables and herbs arranged nearby naturally. Use bright kitchen environment with cookware showing quality construction and finish clearly using lifestyle cooking photography. Show product prepared for use suggesting functionality and cooking experience with clean modern kitchen aesthetic and natural lighting. Feature product brand visible if applicable with inviting culinary mood. Shot showing cookware and ingredients together creating aspiration. Avoid messy surfaces or unappealing food.,1:1,Kitchen E-commerce / Amazon / Home Chef Marketing
070,Sunglasses Outdoor Summer Lifestyle,"Eyewear fashion, summer accessories, vacation marketing","You are a fashion accessories photographer specializing in sunglasses and summer lifestyle product photography for eyewear brands. Create a fresh outdoor photograph of sunglasses on natural surface like sand, weathered wood dock, or stone with bright natural sunlight creating authentic outdoor summer context. Show lenses with slight natural reflection or gradient tint visible and lifestyle summer accessory photography with product clearly visible showing frame style and color accurately. Feature vacation or beach aesthetic softly suggested in blurred background with bright natural lighting creating summer mood. Shot with natural outdoor lighting. Avoid fake backgrounds or studio appearance.",1:1,Fashion E-commerce / Instagram / Summer Campaigns
071,Hair Care Product with Model,"Beauty products, hair care marketing, result-focused advertising","You are a beauty photographer specializing in hair care product photography and beauty result marketing for cosmetics and hair care brands. Create an aspirational photograph of shampoo, conditioner, or styling product held by model with healthy shiny hair prominently visible in frame showing product results. Use focus split between product bottle and beautiful hair results with bright clean bathroom or studio setting and product label facing camera clearly. Feature beauty lifestyle photography with model partially visible focusing viewer attention on hair quality and product together. Use aspirational beauty aesthetic with soft beauty lighting creating dimensional glow. Shot with diffused lighting. Avoid bad hair, poor product visibility, or artificial results.",4:5,Beauty E-commerce / Instagram / Hair Care Advertising
072,Tool Set Organized Workshop Display,"Hardware, tools, and equipment e-commerce, professional tools","You are a commercial product photographer specializing in tools, hardware, and equipment photography for professional tool brands and retailers. Create an organized photograph of tool set or individual tools arranged in professional display on workshop surface or tool chest with even lighting showing tool details, construction quality, and functionality clearly. Position products showing features and professional capabilities with commercial hardware photography aesthetic. Feature tools appearing clean and professional with construction or DIY aesthetic using recognizable tool colors like red or professional grey. Shot from above or slight angle showing complete set organization and individual tool details. Avoid messy arrangements or poor lighting hiding details.",1:1,Hardware E-commerce / Amazon / Professional Tools
073,Plant in Decorative Pot Home Decor,"Home decor, plant and pot e-commerce, indoor gardening","You are a home decor photographer specializing in plants, planters, and indoor gardening product photography for home goods brands. Create a beautiful photograph of decorative planter pot with healthy vibrant green plant in bright home setting near window with natural light creating shadows and dimensional depth. Show pot design and color clearly visible using lifestyle home decor photography with plant health suggesting quality product and good care. Feature minimal styling with focus on pot design and plant beauty using modern home aesthetic with organic feel. Shot from slight angle showing pot design detail and plant fullness. Avoid dying plants, dark lighting, or cluttered settings.",4:5,Home Decor E-commerce / Instagram / Plant Marketing
074,Water Bottle Outdoor Active Setting,"Reusable bottles, outdoor gear, fitness hydration products","You are an outdoor lifestyle photographer specializing in active gear and hydration product photography for outdoor and fitness brands. Create an energetic photograph of stainless steel or BPA-free plastic water bottle positioned outdoors on hiking trail, natural rock formation, or gym setting with natural outdoor lighting. Show bottle displaying design, features, and brand clearly with lifestyle active photography and condensation on bottle suggesting cold temperature retention feature. Feature outdoor or fitness context softly visible in background with product photography emphasizing durability and active lifestyle use. Shot with natural light showing product in authentic use environment. Avoid studio backgrounds or static presentations.",4:5,Outdoor E-commerce / Fitness Marketing / Amazon
075,Desk Organizer Office Supplies Scene,"Office products, workspace organization, productivity tools","You are an office product photographer specializing in workspace organization and productivity product photography for office supply brands. Create a neat photograph of desk organizer filled with pens, pencils, and office supplies on clean modern desk in bright office environment. Show product demonstrating organizational functionality clearly with lifestyle workspace photography and items arranged neatly demonstrating product value and organization benefit. Feature neutral professional aesthetic with product design visible and natural office lighting creating clean professional mood. Shot from angle showing product structure, compartments, and organized contents. Avoid cluttered messy desks or poor product visibility.",4:5,Office E-commerce / Amazon / Professional Organization
076,Bluetooth Speaker Music Context,"Audio equipment, portable speaker marketing, entertainment tech","You are a consumer electronics photographer specializing in audio equipment and lifestyle tech photography for speaker and audio brands. Create a dynamic photograph of portable Bluetooth speaker with subtle music or casual party context suggested through background elements without overwhelming product. Show product clearly visible with controls, design features, and brand name legible using lifestyle audio photography. Feature speaker positioned prominently with modern casual setting and ambient lighting creating mood without overpowering product focus. Shot at angle showing speaker features, button layout, and build quality. Avoid dark scenes hiding product or excessive party chaos.",1:1,Electronics E-commerce / Instagram / Tech Marketing
077,Baby Product Soft Nursery Scene,"Baby gear, nursery product marketing, parenting products","You are a baby product photographer specializing in nursery photography and parenting product marketing for baby gear brands and retailers. Create a gentle photograph of baby product like monitor, bottle warmer, or diaper organizer in soft-lit nursery setting with product clearly visible showing features and controls. Use lifestyle parenting photography with gentle pastel color palette and nursery context providing emotional parental appeal. Show product solving parenting need or challenge with safe and clean aesthetic creating trust. Feature shot in natural window light creating soft dimensional shadows. Avoid harsh lighting, clinical appearance, or unsafe product placement.",4:5,Baby E-commerce / Amazon / Parent Marketing
078,Running Shoes Athletic Context,"Athletic footwear, running gear, sports performance","You are a sports photographer specializing in athletic footwear and performance gear photography for running and sports brands. Create an energetic photograph of running shoes on outdoor trail, track surface, or gym setting suggesting active use and athletic performance with shoes showing design and technology features clearly. Use lifestyle athletic photography with slight motion blur or dynamic positioning optional creating energy and movement. Show shoe brand and model visible with fitness aesthetic and authentic athletic environment softly visible providing context. Feature natural outdoor or gym lighting creating authentic sports atmosphere. Avoid static studio shots or fake motion.",4:5,Sports E-commerce / Instagram / Athletic Marketing
079,Gaming Headset RGB Setup Scene,"Gaming accessories, streaming equipment, esports gear","You are a gaming photographer specializing in gaming gear and streaming equipment photography for gaming peripheral brands. Create an immersive photograph of gaming headset displayed on gaming desk near monitor and RGB mechanical keyboard with headset design and features clearly visible. Use gaming lifestyle photography with LED lights and tech aesthetic creating gaming atmosphere and product positioned showing ear cups, microphone boom, and branding. Feature modern gaming setup context with colorful RGB lighting creating signature gaming mood and environment. Shot from angle showing product detail and partial gaming setup providing context. Avoid overly dark scenes or excessive RGB washing out product.",16:9,Gaming E-commerce / Twitch / YouTube Marketing
080,Coffee Maker Morning Brewing Scene,"Kitchen appliances, coffee equipment, morning routine products",You are a lifestyle home photographer specializing in kitchen appliances and morning routine product photography for coffee and kitchen brands. Create an inviting photograph of coffee maker brewing fresh coffee in bright morning kitchen with steam or coffee stream visible creating action and freshness. Use warm morning natural light through window with appliance clearly showing brand name and control features using lifestyle kitchen photography. Show fresh brewed coffee in cup beside machine with inviting morning routine aesthetic and product demonstrating functionality in real use. Shot from angle showing brewing action and kitchen context naturally. Avoid dark scenes or static non-brewing product.,4:5,Kitchen E-commerce / Instagram / Morning Routine Marketing
081,Phone Charging Cable Lifestyle Use,"Tech accessories, charging products, daily use tech",You are a tech accessory photographer specializing in charging accessories and daily-use tech product photography for consumer electronics brands. Create a practical photograph of charging cable plugged into smartphone on nightstand or desk with cable design and features like braided texture or reinforced connectors visible. Use lifestyle tech accessory photography with clean modern setting and cable plus device both in frame showing practical use naturally. Feature practical use demonstrated with neutral modern aesthetic and product quality apparent through visible material construction and design. Use soft ambient lighting creating realistic home environment. Avoid tangled cables or messy settings.,1:1,Tech E-commerce / Amazon / Accessory Marketing
082,Reusable Shopping Bag Groceries Scene,"Eco products, reusable bag marketing, sustainable lifestyle","You are a sustainable lifestyle photographer specializing in eco-friendly products and green living product photography for sustainable brands. Create a fresh photograph of reusable shopping bag filled with fresh produce and groceries in kitchen or outdoor market setting with bag design and capacity visible clearly. Use eco-friendly lifestyle photography with fresh vegetables and healthy products showing through or arranged beside bag demonstrating functionality and sustainability. Feature sustainable living aesthetic with natural bright lighting and bag brand or eco-design clearly visible. Shot showing bag capacity, durability, and sustainable message. Avoid plastic products or wasteful appearances.",4:5,Eco E-commerce / Social Media / Sustainable Marketing
083,Throw Pillow Couch Styled Scene,"Home textiles, decorative pillows, interior styling",You are an interior styling photographer specializing in home textiles and decorative home goods photography for home decor brands. Create an inviting photograph of decorative throw pillow styled on sofa or accent chair in well-lit living room with pillow pattern and color clearly visible as focal point. Use lifestyle home decor photography with pillow positioned showing design from most attractive angle and complementary home styling creating aspirational setting without overwhelming product. Feature natural window light creating inviting warm atmosphere with pillow as clear hero element and tasteful background styling. Shot with moderate depth keeping pillow sharp. Avoid busy patterns competing or dark rooms.,1:1,Home Decor E-commerce / Instagram / Pinterest
084,Facial Cleansing Brush Bathroom Scene,"Beauty devices, skincare tools, personal care electronics",You are a beauty device photographer specializing in skincare tools and personal care electronics photography for beauty tech brands. Create a clean photograph of electric facial cleansing brush on pristine bathroom counter with skincare products nearby providing spa context with brush design and features visible including brush head and controls. Use bright clean bathroom lighting with lifestyle beauty photography and product suggesting professional spa-quality skincare routine at home. Feature clean white and spa aesthetic with brush head and control buttons clearly shown. Shot from angle revealing product functionality and premium build quality. Avoid cluttered counters or clinical cold lighting.,4:5,Beauty E-commerce / Amazon / Skincare Marketing
085,Lunch Container Healthy Meal Prep,"Food storage, meal prep containers, healthy lifestyle","You are a food lifestyle photographer specializing in meal prep and healthy eating product photography for kitchen storage and wellness brands. Create an appetizing photograph of meal prep container filled with colorful healthy food like fresh salad, whole grains, and lean protein on kitchen counter or office desk with container design and sealing feature visible. Use lifestyle meal prep photography with food arranged appetizingly showing container capacity and portion organization clearly. Feature bright natural lighting with healthy eating aesthetic and container brand visible if applicable. Shot from above showing complete meal presentation and container functionality. Avoid unappealing food or poor food styling.",1:1,Kitchen E-commerce / Health Marketing / Amazon
086,Car Phone Mount Installed Dashboard,"Auto accessories, phone mounts, driving safety products",You are an automotive accessory photographer specializing in car accessories and vehicle product photography for auto accessory brands. Create a practical photograph of phone mount installed in car dashboard or windshield with smartphone securely attached showing mount functionality and adjustability clearly. Use automotive lifestyle photography with phone screen visible showing navigation app providing use context and clean car interior environment. Feature product functionality demonstrated with natural car interior lighting creating authentic driving environment. Shot from driver perspective showing practical installation and use naturally. Avoid distracting backgrounds or unsafe product placement implying distracted driving.,16:9,Auto Accessories E-commerce / Amazon / Tech Marketing
087,Aromatherapy Diffuser Operating Mist,"Wellness products, home fragrance devices, relaxation marketing",You are a wellness lifestyle photographer specializing in aromatherapy and relaxation product photography for wellness and home spa brands. Create a calming photograph of essential oil diffuser operating with visible mist rising and soft ambient lighting creating relaxation mood naturally. Show diffuser design and LED lighting feature visible with lifestyle wellness photography positioned on nightstand or side table with calming background. Feature peaceful spa aesthetic with product clearly identifiable and branded if applicable. Shot in low-key lighting emphasizing atmospheric mist and ambient device glow creating tranquil mood. Avoid harsh lighting or clinical appearance.,4:5,Wellness E-commerce / Instagram / Relaxation Marketing
088,Dog Leash Collar Set Display,"Pet accessories, dog walking products, pet lifestyle","You are a pet product photographer specializing in dog accessories and pet lifestyle photography for pet supply brands and retailers. Create an appealing photograph of dog collar and leash set on outdoor surface or worn by happy healthy dog with product design and quality construction visible clearly. Use pet lifestyle photography with collar and leash showing construction features, hardware quality, and design details with bright outdoor natural lighting creating pet-friendly aesthetic. Show product colors and brand visible with positive pet energy. Shot showing product design and dog interaction naturally if applicable. Avoid stressed animals or poorly designed products.",1:1,Pet E-commerce / Amazon / Dog Owner Marketing
089,Picture Frame Photo Display Home,"Home decor, frames and wall art, gift marketing","You are a home decor photographer specializing in frames, wall art, and home styling photography for home goods and gift brands. Create an elegant photograph of decorative picture frame with photo or art displayed positioned on shelf or wall in styled home setting with frame design and finish clearly visible as focus. Use lifestyle home decor photography with frame as primary focus and tasteful home styling in background providing context without distraction. Feature natural lighting creating dimensional shadows and frame material and color apparent showing quality. Shot from slight angle showing frame dimension, profile, and display. Avoid cluttered shelves or distracting backgrounds.",4:5,Home Decor E-commerce / Instagram / Gift Marketing
090,Wireless Earbuds Charging Case Display,"Audio accessories, portable earbuds, premium tech","You are a premium tech photographer specializing in wireless audio products and portable tech accessory photography for consumer audio brands. Create a sleek photograph of true wireless earbuds positioned beside or emerging from open charging case on clean minimalist surface with earbuds and case design clearly visible showing premium finish. Use lifestyle tech photography with products showing premium materials, features, and build quality with modern minimalist aesthetic and brand logo visible subtly. Feature even lighting showing product details clearly with shot from above or slight angle revealing both individual earbuds and charging case together. Avoid cluttered backgrounds or poor product visibility.",1:1,Tech E-commerce / Amazon / Audio Marketing
091,Resistance Bands Exercise Demonstration,"Fitness equipment, home workout gear, exercise products",You are a fitness photographer specializing in home workout equipment and exercise demonstration photography for fitness and wellness brands. Create an action photograph of resistance bands shown in use with hands or body partially visible demonstrating exercise with bands showing tension and elasticity naturally. Use lifestyle fitness photography with product colors and resistance levels visible through color coding and bright gym or home workout environment creating motivational fitness mood. Show authentic exercise moment captured with product functionality apparent and proper form demonstrated. Shot showing bands in active realistic use creating aspiration. Avoid fake poses or unclear product features.,4:5,Fitness E-commerce / Instagram / Home Workout Marketing
092,Notebook Pen Flat Lay Professional,"Stationery, office supplies, professional journaling","You are a stationery photographer specializing in notebooks, journals, and professional office supplies photography for paper goods brands. Create a refined overhead photograph of leather or fabric notebook with quality pen arranged on clean desk surface in flat lay perspective with notebook cover texture and design visible clearly. Use lifestyle stationery photography with neutral professional aesthetic and items positioned with intentional spacing creating visual interest. Feature natural light creating soft dimensional shadows with notebook opened or closed showing quality binding and paper. Shot from directly above with balanced composition. Avoid harsh shadows or cluttered arrangements.",1:1,Stationery E-commerce / Instagram / Professional Supplies
093,Air Purifier Bedroom Clean Setting,"Home appliances, air quality products, health devices",You are a home wellness photographer specializing in air quality products and health appliance photography for home wellness brands. Create a clean photograph of air purifier operating in bedroom corner with clean modern interior and purifier design plus control panel visible clearly. Use lifestyle home wellness photography with natural room lighting and product suggesting health benefit and clean air quality improvement with bedroom context providing scale and realistic use case. Feature modern home aesthetic with neutral calming colors creating health-conscious atmosphere. Shot from angle showing product design and partial room context naturally. Avoid cluttered rooms or industrial appearance.,4:5,Home Appliance E-commerce / Wellness Marketing / Amazon
094,Travel Luggage Packed Ready Scene,"Luggage, travel gear marketing, vacation products","You are a travel photographer specializing in luggage and travel gear product photography for travel brands and luggage manufacturers. Create an inspiring photograph of travel suitcase open or closed showing design features like wheels, telescoping handles, and organizational compartments with travel-related items like passport and boarding pass nearby. Use lifestyle travel photography with luggage brand and design clearly visible using bright clean setting suggesting travel preparation excitement. Feature product suggesting quality construction and functionality with modern travel aesthetic creating wanderlust. Shot showing luggage design features and travel context together. Avoid damaged luggage or messy unpacking scenes.",4:5,Travel E-commerce / Amazon / Adventure Marketing
095,Cutting Board Knife Set Culinary Display,"Kitchen tools, culinary equipment, chef accessories","You are a culinary product photographer specializing in kitchen tools and chef equipment photography for kitchenware and culinary brands. Create an appetizing photograph of wooden or bamboo cutting board with quality knife set arranged showing blade profiles and handle designs with fresh herbs or vegetables adding color and culinary context. Use lifestyle kitchen photography with products showing craftsmanship, quality materials, and professional culinary aesthetic with bright kitchen lighting creating inviting cooking mood. Feature items positioned showing functionality and design details clearly. Shot from above or angle showing product details and culinary styling. Avoid dull knives or cheap-looking materials.",1:1,Kitchen E-commerce / Cooking Marketing / Amazon
096,Indoor Plant Grow Light Operating,"Gardening equipment, plant care products, urban gardening",You are an indoor gardening photographer specializing in plant care equipment and urban gardening product photography for horticultural brands. Create a thriving photograph of LED grow light positioned over healthy vibrant indoor plants on shelf or table with light operating showing purple or full-spectrum glow and plants demonstrating health and growth. Use lifestyle indoor gardening photography with product design visible and modern urban gardening aesthetic appealing to apartment dwellers and plant enthusiasts. Feature shot showing light and thriving plants together demonstrating product effectiveness and benefit. Shot with natural and grow light combined. Avoid dying plants or poor product visibility.,4:5,Gardening E-commerce / Plant Parent Marketing / Amazon
097,Makeup Brush Set Organized Display,"Beauty tools, makeup accessories, professional cosmetics","You are a beauty tools photographer specializing in makeup brushes and professional cosmetic tools photography for beauty brands and makeup artists. Create a professional photograph of makeup brush set arranged in holder or laid out showing different brush types, sizes, and purposes with bristles clean, shaped, and displayed attractively. Use beauty lifestyle photography with bright even lighting and brushes showing quality construction and fiber quality with neutral clean background. Feature product branding visible on handles with cosmetic tools aesthetic creating professional makeup artistry appeal. Shot from angle showing brush variety, quality, and complete set. Avoid dirty brushes or poor arrangement.",1:1,Beauty E-commerce / Instagram / Makeup Marketing
098,Laptop Stand Ergonomic Workspace,"Office accessories, ergonomic products, remote work gear","You are a workspace photographer specializing in ergonomic office accessories and remote work product photography for productivity and office brands. Create a professional photograph of laptop stand with laptop positioned at proper ergonomic height on modern organized desk with stand design and adjustment features visible clearly. Use lifestyle workspace photography with clean organized desk setting and product demonstrating ergonomic benefit and proper posture support with professional home office aesthetic. Feature natural window lighting creating productive work atmosphere. Shot from angle showing stand functionality, adjustment mechanism, and workspace context together. Avoid cluttered desks or poor ergonomic positioning.",16:9,Office E-commerce / Remote Work Marketing / Amazon
099,Wine Aerator Pouring Action Shot,"Wine accessories, entertaining products, sommelier tools","You are a wine and spirits photographer specializing in wine accessories and entertaining product photography for wine brands and sommelier tools. Create a dynamic photograph of wine aerator attached to bottle pouring red wine into crystal glass showing aeration effect and oxygenation with dynamic pour captured mid-stream using fast shutter. Use lifestyle wine photography with aerator design and functionality visible clearly against dark sophisticated background and wine color appearing rich and appealing. Feature product demonstrating use and benefit with elegant entertaining aesthetic. Shot with fast shutter freezing pour while maintaining liquid flow visibility. Avoid spills, motion blur, or unclear product function.",4:5,Wine E-commerce / Instagram / Entertaining Marketing
100,Phone Camera Lens Clip Attachment,"Photography accessories, mobile photography, creator tools","You are a mobile photography accessory photographer specializing in smartphone photography tools and creator equipment photography for tech accessory brands. Create an innovative photograph of clip-on phone camera lens attached to smartphone showing product installation and optical design with phone positioned as if taking enhanced photo demonstrating improved capability. Use tech accessory lifestyle photography with lens features and glass quality visible clearly and modern content creator aesthetic appealing to mobile photographers and social media creators. Feature product clearly identifiable with professional mobile photography positioning. Shot from angle showing lens attachment, phone, and photography context. Avoid cheap-looking optics or poor attachment visibility.",1:1,Tech Accessories E-commerce / Creator Marketing / Amazon
101,Bath Bombs Fizzing Spa Scene,"Bath products, self-care marketing, spa gifts","You are a spa and wellness photographer specializing in bath products and self-care photography for personal care and wellness brands. Create a luxurious photograph of colorful bath bombs arranged on bathroom shelf or beside bathtub with one bath bomb dissolving in water showing fizzing action and vibrant color release into bath water. Use spa lifestyle photography with products showing colors, sizes, and artisan quality with relaxation aesthetic and soft bathroom lighting creating spa mood. Show bath bombs as focus with home spa context providing emotional appeal and self-care positioning. Shot capturing both product display and use together creating desire. Avoid clinical appearance or unappealing product staging.",4:5,Bath & Body E-commerce / Instagram / Self-Care Marketing
102,Electric Toothbrush Charging Base,"Personal care products, dental hygiene, bathroom essentials","You are a personal care product photographer specializing in dental hygiene and bathroom product photography for oral care and wellness brands. Create a clean photograph of electric toothbrush standing upright on charging base on pristine bathroom counter with toothbrush design and features visible including brush head and control buttons. Use lifestyle personal care photography with bright clean bathroom aesthetic and product suggesting premium dental care quality and effectiveness with white and modern styling creating health appeal. Feature product brand visible with clinical cleanliness. Shot from slight angle showing toothbrush, base, and clean bathroom background. Avoid cluttered counters or messy bathrooms.",4:5,Personal Care E-commerce / Amazon / Health Marketing
103,Measuring Cups Spoons Baking Setup,"Baking supplies, kitchen measuring tools, culinary accessories","You are a culinary product photographer specializing in baking tools and kitchen equipment photography for cooking and baking brands. Create an inviting photograph of stainless steel or ceramic measuring cups and spoons set arranged on kitchen counter with baking ingredients like flour, sugar, and vanilla nearby suggesting baking preparation. Use overhead or angled shot with lifestyle baking photography and products showing measurement markings and nesting design features clearly with bright kitchen lighting. Feature culinary aesthetic with products clean and professional appearing. Shot showing complete set and functionality together. Avoid messy counters or unclear measurements.",1:1,Kitchen E-commerce / Baking Marketing / Amazon
104,Car Seat Cover Installed Interior,"Auto accessories, vehicle interior products, car care","You are an automotive interior photographer specializing in car accessories and vehicle interior product photography for auto accessory brands. Create a practical photograph of car seat cover fully installed on driver or passenger seat showing proper fit and attractive design with cover material and pattern visible clearly. Use automotive lifestyle photography with clean car interior and product demonstrating protection benefit and style enhancement with cover features like pockets, stitching, or headrest compatibility apparent. Feature natural car interior lighting creating authentic vehicle environment. Shot from angle showing seat with cover installation completely and naturally. Avoid poorly fitted covers or messy car interiors.",4:5,Auto Accessories E-commerce / Amazon / Vehicle Marketing
105,Spice Rack Kitchen Organization Display,"Kitchen organization, cooking accessories, pantry solutions","You are a kitchen organization photographer specializing in storage solutions and pantry organization product photography for home organization brands. Create an organized photograph of spice rack filled with uniform spice jars showing complete kitchen storage solution with rack design and capacity visible clearly. Use lifestyle kitchen organization photography with bright kitchen lighting and spices labeled and neatly arranged demonstrating product organizational value and functionality with rack material and finish clear showing quality. Feature modern kitchen aesthetic creating aspiration for organized cooking spaces. Shot from angle showing rack structure, capacity, and organized contents together. Avoid messy spices or cluttered appearance.",1:1,Kitchen E-commerce / Organization Marketing / Amazon
106,Cooling Gel Eye Mask Wellness,"Beauty wellness products, self-care accessories, relaxation tools","You are a beauty wellness photographer specializing in self-care accessories and relaxation product photography for beauty and wellness brands. Create a soothing photograph of gel eye mask on clean white surface with one mask optionally shown on model face partially visible suggesting comfortable use and relaxation benefit. Show product design and cooling gel material visible through mask with lifestyle beauty wellness photography and fresh spa aesthetic with clean bright lighting. Feature product suggesting stress relief, relaxation, and eye care with premium self-care positioning. Shot showing product and application context together. Avoid clinical or medical appearance.",4:5,Beauty Wellness E-commerce / Self-Care Marketing / Amazon
107,Bike Phone Mount Handlebars Outdoor,"Cycling accessories, outdoor gear, fitness tech",You are an outdoor sports photographer specializing in cycling accessories and active lifestyle product photography for bike and outdoor brands. Create an action-ready photograph of phone mount securely attached to bicycle handlebars with smartphone mounted showing navigation or fitness tracking app on screen with outdoor cycling environment visible. Use lifestyle cycling photography with mount design and secure attachment visible clearly and natural outdoor lighting creating authentic cycling atmosphere. Show product demonstrating functionality and security during rides with active outdoor aesthetic. Shot from cyclist perspective showing mount installation and use naturally. Avoid indoor studio shots or unstable-looking mounts.,4:5,Cycling E-commerce / Outdoor Marketing / Amazon
108,Food Storage Container Set Stacked,"Kitchen storage, meal prep products, organization solutions","You are a kitchen organization photographer specializing in food storage and meal prep product photography for kitchen storage brands. Create a practical photograph of glass or BPA-free plastic food storage container set in various sizes stacked or arranged showing space-saving nesting capability with containers clean and lids visible showing seal quality. Use lifestyle kitchen organization photography with containers showing transparency, seal features, and stackability clearly with bright even lighting. Feature product demonstrating space-saving design and organization benefit with modern kitchen aesthetic. Shot from angle showing multiple container sizes, nesting feature, and organization potential. Avoid dirty containers or poorly stacked arrangements.",1:1,Kitchen E-commerce / Organization Marketing / Amazon
109,Smart Security Camera Wall Mount,"Home security, smart home devices, safety products","You are a smart home photographer specializing in security products and home automation device photography for security and smart home brands. Create a confident photograph of security camera mounted on wall or positioned on shelf showing camera angle, LED indicator lights, and modern design with camera design and monitoring features visible. Use lifestyle home security photography with modern home interior context and product suggesting safety, protection, and smart monitoring capability with clean aesthetic creating trust. Feature camera brand and model apparent with professional security positioning. Shot from angle showing camera and partial room context suggesting coverage area. Avoid intimidating appearance or cluttered rooms.",4:5,Security E-commerce / Smart Home Marketing / Amazon
110,Insulated Tumbler Cold Drink Condensation,"Drinkware, beverage containers, on-the-go lifestyle","You are a lifestyle product photographer specializing in drinkware and beverage containers photography for hydration and lifestyle brands. Create a refreshing photograph of stainless steel insulated tumbler with cold drink showing realistic condensation beading on exterior surface or hot drink with subtle steam rising from opening with tumbler design and color finish visible clearly. Use lifestyle drinkware photography positioned on desk, in car cup holder, or outdoor setting suggesting versatile use with product brand visible and temperature retention feature demonstrated visually. Feature appropriate setting suggesting product use case naturally. Shot with lighting emphasizing condensation or steam. Avoid fake condensation or unclear product features.",4:5,Drinkware E-commerce / Instagram / Lifestyle Marketing
111,Morning Coffee Flat Lay Aesthetic,"Instagram lifestyle content, personal brand posts, influencer marketing","You are an Instagram lifestyle photographer specializing in flat lay photography and social media content creation for influencers and personal brands. Create an aspirational overhead photograph of morning coffee in elegant ceramic mug on soft linen blanket with hand wearing delicate minimalist jewelry reaching naturally for cup showing lifestyle moment. Use soft natural morning light through window creating gentle dimensional shadows with neutral earth-tone color palette of beige, cream, and warm coffee brown creating cozy inviting mood. Feature abundant negative space in upper area for text quote or caption overlay with lifestyle influencer photography aesthetic and shallow depth focusing on hand and cup as storytelling elements. Shot from directly above creating Instagram-perfect flat lay. Avoid harsh shadows or cluttered compositions.",4:5,Instagram Feed / Lifestyle Influencers / Morning Routine Content
112,Minimal Workspace Desk Aesthetic,"Instagram content, work-from-home posts, productivity inspiration","You are a minimalist lifestyle photographer specializing in workspace aesthetics and productivity content for Instagram creators and remote work influencers. Create a clean overhead photograph of organized minimal desk workspace with laptop, coffee cup, notebook, and small succulent plant arranged with intentional spacing on white or light wood surface. Use natural window light creating soft shadows with Scandinavian minimalist aesthetic and neutral color palette of whites, greys, and natural wood tones. Feature generous negative space for motivational quote or caption overlay with modern productivity lifestyle photography creating aspiration and calm. Shot from directly above with balanced composition showing organized minimalism. Avoid cluttered desks or distracting elements.",4:5,Instagram / Pinterest / Work-from-Home Content
113,Golden Hour Portrait Glow,"Personal branding, lifestyle content, influencer portraits",You are a lifestyle portrait photographer specializing in golden hour photography and Instagram personal branding content for influencers and creators. Create a dreamy portrait photograph during golden hour with subject bathed in warm glowing sunlight from behind creating rim light and lens flare with face partially lit showing natural authentic expression. Use soft focus with shallow depth of field at f/1.8 isolating subject from softly blurred natural background with warm golden color grading and sun-kissed aesthetic creating aspirational lifestyle mood. Feature natural authentic moment captured with editorial lifestyle portrait photography standards. Shot with backlighting creating ethereal glow. Avoid harsh midday sun or artificial studio lighting.,4:5,Instagram Feed / Personal Branding / Lifestyle Content
114,Breakfast Board Styling Food Flat Lay,"Food content, lifestyle brunch posts, recipe sharing","You are a food stylist and photographer specializing in breakfast and brunch content photography for food bloggers and Instagram food creators. Create an appetizing overhead photograph of styled breakfast board with avocado toast, fresh berries, coffee, and flowers arranged on white marble or wooden board with natural morning light from window. Use food styling with vibrant fresh colors and lifestyle breakfast aesthetic with items arranged showing variety and visual appeal creating morning inspiration. Feature overhead flat lay perspective with negative space for text or recipe details and bright natural lighting creating fresh inviting mood. Shot from directly above with food styling emphasis. Avoid dark lighting or unappealing food presentation.",1:1,Instagram Food Content / Pinterest / Recipe Sharing
115,Beach Lifestyle Vacation Aesthetic,"Travel content, vacation posts, summer lifestyle","You are a travel lifestyle photographer specializing in beach and vacation content for travel influencers and destination marketers. Create an aspirational photograph of beach scene with sunhat, sunglasses, and tropical drink on sandy beach with turquoise ocean softly visible in blurred background suggesting paradise vacation. Use bright natural sunlight with coastal color palette of turquoise, white, sandy beige, and tropical accent colors creating vacation mood and wanderlust. Feature lifestyle travel photography with items arranged naturally suggesting relaxation and escape with summer aesthetic and travel inspiration. Shot with shallow depth creating dreamy bokeh background. Avoid crowded beaches or grey weather.",4:5,Instagram Travel / Summer Content / Vacation Marketing
116,Cozy Reading Nook Lifestyle,"Lifestyle content, cozy aesthetic, book lover community","You are a lifestyle photographer specializing in cozy home aesthetics and hygge lifestyle content for home and lifestyle influencers. Create a warm inviting photograph of cozy reading nook with open book, steaming tea cup, soft blanket, and warm string lights with soft window light combining with ambient warm lighting. Use cozy lifestyle aesthetic with warm color grading featuring cream, caramel, and soft orange tones creating hygge mood and comfort. Feature lifestyle home photography suggesting relaxation, comfort, and peaceful moments with negative space for lifestyle quotes. Shot with soft lighting creating intimate cozy atmosphere. Avoid harsh lighting or clinical spaces.",4:5,Instagram Lifestyle / Cozy Aesthetic / Book Community
117,Fitness Workout Motivation Shot,"Fitness content, workout motivation, athletic lifestyle","You are a fitness lifestyle photographer specializing in workout content and athletic motivation photography for fitness influencers and gym brands. Create an energetic photograph of fitness moment with athletic woman in workout clothes performing exercise with dumbbells or yoga pose in bright modern gym or outdoor setting with natural athletic movement captured. Use fitness lifestyle photography with bright motivational lighting and active color palette creating energy and inspiration with focus on form, strength, and empowerment. Feature authentic athletic moment with determined expression and proper form demonstrated creating fitness motivation and aspiration. Shot with natural light emphasizing athletic physique and movement. Avoid unflattering angles or poor form demonstration.",4:5,Instagram Fitness / Workout Motivation / Athletic Brands
118,Fashion Outfit Flat Lay Grid,"Fashion content, outfit planning, style inspiration","You are a fashion stylist and photographer specializing in outfit flat lay photography and fashion content for style influencers and clothing brands. Create a styled overhead photograph of complete outfit laid out including clothing, shoes, accessories, and handbag arranged in organized flat lay on neutral background showing outfit combination and styling. Use fashion photography with items arranged showing textures, colors, and style coordination with bright even overhead lighting eliminating shadows and lifestyle fashion aesthetic creating style inspiration. Feature negative space and balanced composition with outfit clearly visible showing all pieces and styling details. Shot from directly above with professional fashion flat lay standards. Avoid wrinkled clothes or poor arrangement.",1:1,Instagram Fashion / Outfit Inspiration / Style Content
119,Skincare Shelfie Product Display,"Beauty content, skincare routines, product recommendations","You are a beauty content photographer specializing in skincare photography and product display content for beauty influencers and skincare enthusiasts. Create an organized photograph of skincare products arranged on bathroom shelf or marble counter showing complete skincare routine with various bottles, serums, and tools displayed aesthetically. Use beauty lifestyle photography with clean bright bathroom lighting and products arranged showing labels clearly with minimalist beauty aesthetic and clean white or marble background. Feature organized product display creating skincare goals and routine inspiration with negative space for product recommendations or routine details. Shot with even natural light. Avoid cluttered messy arrangements or poor lighting hiding details.",4:5,Instagram Beauty / Skincare Content / Product Reviews
120,Coffee Shop Aesthetic Latte Art,"Coffee content, cafe lifestyle, morning routine posts","You are a lifestyle photographer specializing in coffee photography and cafe aesthetic content for coffee enthusiasts and lifestyle creators. Create an inviting photograph of artistic latte with beautiful foam art in ceramic cup on wooden cafe table with natural window light creating warm atmosphere and cafe lifestyle aesthetic. Use coffee shop photography with focus on latte art detail while showing cafe environment softly blurred in background with warm brown, cream, and natural wood color palette creating cozy coffee culture mood. Feature lifestyle coffee moment with inviting composition and negative space for coffee quotes or cafe details. Shot with shallow depth focusing on latte art. Avoid dark dingy cafes or poor latte art.",4:5,Instagram Coffee Content / Cafe Culture / Lifestyle Posts
121,Self-Care Bath Time Luxury,"Wellness content, self-care posts, relaxation lifestyle","You are a wellness lifestyle photographer specializing in self-care and relaxation content photography for wellness influencers and spa brands. Create a luxurious photograph of bathtub filled with bubbles or bath salts with candles, fresh flowers, book, and glass of wine arranged on bath tray creating spa-like self-care scene. Use wellness photography with soft warm bathroom lighting and relaxation aesthetic featuring white, cream, and soft pink tones creating peaceful spa mood and self-care inspiration. Feature lifestyle wellness content suggesting indulgence, relaxation, and me-time with negative space for wellness quotes. Shot with soft lighting creating intimate relaxation atmosphere. Avoid cluttered bathrooms or unappealing water.",4:5,Instagram Wellness / Self-Care Content / Spa Lifestyle
122,Plant Mom Botanical Aesthetic,"Plant content, botanical lifestyle, home greenery",You are a botanical lifestyle photographer specializing in plant photography and green living content for plant enthusiasts and home decor influencers. Create a fresh photograph of lush indoor plants arranged near window with natural bright light streaming through leaves creating botanical aesthetic with focus on one thriving plant while others create verdant background. Use plant photography with vibrant green tones and natural bright lighting creating plant parent goals and botanical lifestyle mood with modern home interior context softly visible. Feature lifestyle plant content creating plant care inspiration and green living aspiration. Shot with natural window light emphasizing plant health and beauty. Avoid dying plants or dark dingy settings.,4:5,Instagram Plant Content / Botanical Lifestyle / Home Decor
123,Jewelry Close-Up Hand Aesthetic,"Jewelry content, accessory marketing, fashion details",You are a jewelry and accessories photographer specializing in close-up jewelry content and fashion detail photography for jewelry brands and fashion influencers. Create an elegant close-up photograph of delicate jewelry worn on hand including rings and bracelets with natural graceful hand positioning against soft neutral background or fabric. Use jewelry photography with soft natural lighting creating dimensional shadows and highlighting metal and gemstone details with shallow depth of field keeping jewelry sharp and fashion aesthetic creating desire and elegance. Feature minimal styling focusing on jewelry pieces and feminine aesthetic with negative space for product details. Shot with macro lens revealing jewelry craftsmanship. Avoid awkward hand positions or poor lighting.,1:1,Instagram Jewelry / Fashion Details / Accessory Marketing
124,Travel Adventure Landscape Portrait,"Travel content, adventure posts, destination inspiration","You are an adventure travel photographer specializing in destination photography and travel content for travel influencers and tourism brands. Create an inspiring photograph of person standing in stunning natural landscape like mountain vista, desert scene, or coastal cliff with dramatic scenery and traveler shown from behind or side gazing at view creating wanderlust. Use travel photography with epic landscape in background and golden hour or blue hour lighting creating dramatic mood and adventure aesthetic with person providing scale and human connection to place. Feature destination travel content creating travel inspiration and bucket list aspiration. Shot with wide angle showing landscape grandeur. Avoid touristy crowds or grey uninspiring weather.",4:5,Instagram Travel / Adventure Content / Destination Marketing
125,Brunch Table Overhead Gathering,"Food lifestyle, social dining, gathering content","You are a lifestyle food photographer specializing in dining and social gathering photography for food and lifestyle influencers. Create a vibrant overhead photograph of brunch table with multiple dishes, colorful smoothie bowls, avocado toast, pancakes, and fresh coffee arranged with hands reaching for food suggesting social dining experience. Use food lifestyle photography with bright natural overhead lighting and colorful fresh food creating appetizing social dining aesthetic with lifestyle moment captured showing sharing and community. Feature overhead perspective with abundant food variety and social dining inspiration with negative space for gathering captions. Shot from directly above capturing social dining moment. Avoid dark lighting or unappetizing food.",1:1,Instagram Food / Social Dining / Lifestyle Content
126,Makeup Getting Ready Moment,"Beauty content, getting ready posts, makeup tutorials","You are a beauty lifestyle photographer specializing in makeup and getting ready content photography for beauty influencers and makeup artists. Create an authentic photograph of makeup application moment with beauty products, brushes, and mirror on vanity table with hand applying makeup or face partially visible in mirror reflection showing getting ready process. Use beauty lifestyle photography with bright natural window light and clean organized vanity aesthetic with beauty products visible and feminine luxury mood creating beauty content and tutorial context. Feature lifestyle beauty moment with negative space for makeup tips or product details. Shot with soft lighting creating flattering beauty atmosphere. Avoid harsh shadows or cluttered vanities.",4:5,Instagram Beauty / Getting Ready Content / Makeup Tutorials
127,Minimalist Fashion Portrait Neutral Tones,"Fashion content, minimalist aesthetic, brand campaigns","You are a minimalist fashion photographer specializing in clean aesthetic fashion content and brand campaign photography for fashion influencers and clothing brands. Create a sophisticated fashion portrait of model wearing minimalist neutral clothing in beige, cream, or white tones against simple neutral background with clean lines and minimal composition. Use fashion photography with soft even lighting eliminating harsh shadows and minimalist aesthetic with neutral earth-tone color palette creating sophisticated restrained elegance and timeless fashion mood. Feature lifestyle fashion photography with focus on clothing texture, fit, and styling with editorial quality. Shot with medium format look and neutral color grading. Avoid busy patterns or cluttered backgrounds.",4:5,Instagram Fashion / Minimalist Content / Brand Campaigns
128,Street Style Fashion Candid,"Fashion content, street style, urban lifestyle",You are a street style fashion photographer specializing in candid urban fashion photography and lifestyle content for fashion influencers and style bloggers. Create a dynamic candid photograph of fashionable person walking on urban street wearing trendy outfit with authentic movement and natural confident stride with city architecture softly blurred in background. Use street style photography with natural urban lighting and fashion-forward outfit clearly visible showing styling details with authentic moment captured creating street fashion inspiration and urban lifestyle aesthetic. Feature lifestyle fashion content with editorial candid quality and modern city context. Shot with medium telephoto lens creating natural compression and depth. Avoid stiff posed looks or unflattering moments.,4:5,Instagram Fashion / Street Style / Urban Content
129,Healthy Smoothie Bowl Colorful,"Health content, nutrition posts, wellness lifestyle","You are a healthy food photographer specializing in nutrition and wellness food content for health influencers and wellness brands. Create a vibrant photograph of colorful smoothie bowl topped with fresh fruits, granola, chia seeds, and edible flowers arranged artistically in ceramic bowl on white marble surface with natural bright morning light. Use food styling with vibrant colors of purple acai or pink pitaya with colorful fresh toppings creating visual appeal and health food photography aesthetic making nutrition look delicious and aspirational. Feature overhead or slight angle perspective with negative space for nutrition tips or recipe details. Shot with bright natural lighting emphasizing fresh ingredients. Avoid muddy colors or unappetizing presentation.",1:1,Instagram Health / Nutrition Content / Wellness Lifestyle
130,Boho Bedroom Aesthetic Cozy,"Home decor, interior content, cozy lifestyle","You are an interior lifestyle photographer specializing in bedroom aesthetics and cozy home content for home decor influencers and interior brands. Create an inviting photograph of bohemian-styled bedroom corner with unmade bed, textured throws, macrame wall hanging, and plants with natural window light creating warm cozy atmosphere. Use interior photography with boho aesthetic featuring warm earth tones, natural textures, and layered textiles creating lived-in comfortable mood and home inspiration with lifestyle home content showing authentic cozy bedroom styling. Feature negative space for home decor tips or product sources. Shot with natural light creating dimensional shadows and warmth. Avoid sterile staged rooms or poor lighting.",4:5,Instagram Home Decor / Interior Content / Cozy Aesthetic
131,Yoga Sunset Silhouette Peaceful,"Yoga content, wellness lifestyle, meditation posts",You are a wellness lifestyle photographer specializing in yoga and mindfulness content photography for yoga instructors and wellness influencers. Create a peaceful photograph of person in yoga pose silhouetted against sunset or sunrise sky with dramatic colorful sky and figure showing recognizable yoga asana in perfect form creating serene inspirational moment. Use wellness photography with warm golden and orange sunset tones and silhouette creating dramatic contrast with peaceful yoga aesthetic and mindfulness mood creating yoga inspiration and spiritual connection. Feature lifestyle wellness content with negative space in sky for inspirational quotes. Shot during golden hour with proper exposure for sky. Avoid poor form or unclear silhouettes.,4:5,Instagram Yoga / Wellness Content / Meditation Posts
132,Pastry Cafe Moment Indulgence,"Food content, cafe lifestyle, dessert photography","You are a food lifestyle photographer specializing in desserts and cafe culture content for food bloggers and cafe brands. Create a tempting photograph of beautiful pastry or cake slice on elegant plate in cafe setting with coffee cup nearby and natural window light creating warm inviting cafe atmosphere. Use food photography with focus on pastry details showing layers, texture, and filling with shallow depth of field and lifestyle cafe aesthetic creating indulgence and treat-yourself mood with warm inviting color palette. Feature lifestyle food moment with negative space for food descriptions or cafe location. Shot with natural light emphasizing pastry appeal. Avoid dark dingy cafes or unappetizing food.",4:5,Instagram Food / Cafe Content / Dessert Photography
133,Running Trail Athletic Action,"Fitness content, running inspiration, athletic lifestyle",You are an athletic lifestyle photographer specializing in running and outdoor fitness content for fitness influencers and sportswear brands. Create a dynamic photograph of runner on scenic trail path with motion captured mid-stride showing athletic form and determination with beautiful natural landscape visible in background creating outdoor fitness inspiration. Use fitness photography with natural outdoor lighting and athletic aesthetic featuring running apparel and proper running form with motion creating energy and motivation mood showing fitness lifestyle and outdoor adventure. Feature action fitness content with runner as focal point and nature context. Shot with fast shutter freezing motion while maintaining environment. Avoid blurry faces or poor running form.,4:5,Instagram Fitness / Running Content / Athletic Lifestyle
134,Champagne Celebration Close-Up,"Celebration content, lifestyle luxury, event marketing",You are a lifestyle celebration photographer specializing in luxury moments and event content for lifestyle influencers and luxury brands. Create an elegant close-up photograph of champagne glasses clinking in celebratory toast with bubbles visible in golden liquid and hands partially visible holding crystal glasses with soft warm background suggesting upscale celebration. Use lifestyle photography with warm ambient lighting and luxury celebration aesthetic featuring gold champagne tones and bokeh background creating sophisticated celebration mood and special occasion content. Feature intimate celebration moment with negative space for celebration captions. Shot with shallow depth focusing on glasses and toast. Avoid dark dingy settings or cheap glassware.,1:1,Instagram Celebration / Luxury Lifestyle / Event Content
135,Autumn Sweater Season Aesthetic,"Seasonal content, autumn lifestyle, cozy fashion","You are a seasonal lifestyle photographer specializing in autumn content and cozy season photography for lifestyle and fashion influencers. Create a warm photograph of person wearing cozy oversized sweater holding pumpkin spice latte or warm mug surrounded by fall foliage with golden autumn leaves and warm seasonal lighting creating quintessential fall aesthetic. Use lifestyle photography with warm autumn color palette of orange, rust, burgundy, and gold tones and cozy season mood creating autumn inspiration and seasonal content with sweater weather lifestyle aesthetic. Feature lifestyle autumn moment with negative space for seasonal captions. Shot with natural autumn light creating warmth. Avoid summer looks or wrong season elements.",4:5,Instagram Seasonal / Autumn Content / Cozy Lifestyle
136,Luxury Hotel Bed Morning Light,"Travel content, hotel lifestyle, luxury vacation","You are a luxury travel photographer specializing in hotel and accommodation content for travel influencers and hospitality brands. Create an inviting photograph of luxurious hotel bed with crisp white linens, plush pillows, and breakfast tray with coffee and croissant positioned on bed with natural morning light streaming through sheer curtains creating dreamy travel moment. Use hotel photography with bright natural lighting and luxury accommodation aesthetic featuring white and neutral tones with lifestyle travel content creating hotel goals and vacation inspiration mood. Feature lifestyle travel moment with negative space for hotel details or location. Shot with natural window light creating soft dimensional lighting. Avoid messy unmade beds or poor quality linens.",4:5,Instagram Travel / Hotel Content / Luxury Vacation
137,Fresh Market Produce Shopping,"Food lifestyle, healthy eating, market content","You are a lifestyle food photographer specializing in farmers market and fresh produce content for food bloggers and healthy living influencers. Create a vibrant photograph of person holding reusable shopping bag filled with fresh colorful vegetables, fruits, and flowers at outdoor farmers market with market stalls softly visible in background creating fresh local food shopping experience. Use lifestyle photography with bright natural outdoor lighting and fresh produce aesthetic featuring vibrant vegetable and fruit colors creating healthy lifestyle inspiration and farm-to-table mood with lifestyle food content showing sustainable shopping. Feature lifestyle moment with focus on fresh produce. Shot with natural market lighting. Avoid wilted produce or dark indoor markets.",4:5,Instagram Food / Healthy Lifestyle / Market Content
138,Minimalist Jewelry Styling Detail,"Jewelry content, minimalist aesthetic, accessory styling",You are a jewelry photographer specializing in minimalist jewelry content and delicate accessory photography for jewelry designers and fashion influencers. Create an elegant close-up photograph of layered delicate gold or silver necklaces on neck and collarbones with minimal styling against neutral background showing jewelry layering technique and minimal aesthetic. Use jewelry photography with soft natural lighting creating dimensional shadows on skin and jewelry details sharp and clear with minimalist fashion aesthetic featuring dainty jewelry creating understated elegance mood and jewelry styling inspiration. Feature lifestyle jewelry content with focus on layering and styling. Shot with macro lens revealing jewelry detail. Avoid heavy jewelry or busy styling.,1:1,Instagram Jewelry / Minimalist Content / Accessory Styling
139,Candlelit Dinner Romantic Ambiance,"Food lifestyle, date night content, romantic atmosphere","You are a lifestyle food photographer specializing in dining ambiance and romantic content for restaurants and lifestyle influencers. Create a romantic photograph of elegant dinner table setting with candles, wine glasses, and beautiful plated food with warm candlelight creating intimate dining atmosphere and soft bokeh background suggesting upscale restaurant. Use lifestyle photography with warm ambient candlelight and romantic dinner aesthetic featuring warm golden tones and intimate mood creating date night inspiration and special occasion dining content with lifestyle dining moment. Feature negative space for restaurant details or occasion captions. Shot with low light and wide aperture creating bokeh. Avoid harsh overhead lighting or casual dining appearance.",4:5,Instagram Dining / Romantic Content / Restaurant Marketing
140,Clean Beauty Product Flat Lay,"Beauty content, product curation, clean beauty marketing","You are a beauty product photographer specializing in clean beauty and product flat lay content for beauty brands and eco-conscious influencers. Create an organized overhead photograph of clean beauty products including skincare, makeup, and tools arranged in aesthetic flat lay on marble or neutral surface with botanical elements like leaves or flowers adding natural element. Use beauty photography with bright even overhead lighting and clean beauty aesthetic featuring minimal packaging and natural ingredients visible creating eco-beauty inspiration and product curation content with lifestyle beauty photography. Feature negative space for product recommendations or clean beauty messaging. Shot from directly above with balanced composition. Avoid cluttered arrangements or artificial products.",1:1,Instagram Beauty / Clean Beauty / Product Curation
141,Home Office Productivity Setup,"Work content, productivity posts, office aesthetic","You are a workspace photographer specializing in home office aesthetics and productivity content for remote workers and professional influencers. Create an inspiring photograph of organized home office workspace with laptop, monitor, desk accessories, and motivational artwork on wall with natural window light creating bright productive atmosphere. Use workspace photography with clean modern aesthetic and professional home office styling featuring neutral colors and organized workspace creating productivity inspiration and work-from-home goals mood with lifestyle work content. Feature negative space for productivity tips or workspace sources. Shot with natural lighting creating bright inviting workspace. Avoid cluttered messy desks or dark rooms.",16:9,Instagram Work Content / Productivity / Home Office
142,Pet Lifestyle Candid Moment,"Pet content, animal lifestyle, pet brand marketing","You are a pet lifestyle photographer specializing in candid animal photography and pet content for pet influencers and animal brands. Create an adorable photograph of dog or cat in authentic candid moment playing, resting, or interacting in bright home environment with natural behavior captured showing personality and creating emotional connection. Use pet photography with bright natural lighting and lifestyle pet aesthetic capturing genuine pet personality and behavior with warm home environment and pet lifestyle content creating pet parent community and animal love mood. Feature authentic pet moment with pet as clear focal point. Shot with natural light capturing genuine behavior. Avoid forced poses or stressed animals.",1:1,Instagram Pets / Animal Content / Pet Brand Marketing
143,Sunset Wine Terrace Lifestyle,"Lifestyle content, wine culture, evening relaxation",You are a lifestyle photographer specializing in wine culture and evening relaxation content for lifestyle influencers and wine brands. Create a serene photograph of wine glass on outdoor terrace or balcony railing during golden hour with sunset colors in background and outdoor furniture softly visible creating peaceful evening wine moment. Use lifestyle photography with warm golden hour lighting and wine lifestyle aesthetic featuring warm sunset tones and relaxation mood creating evening ritual inspiration and wine culture content with lifestyle moment. Feature negative space in sunset sky for captions. Shot during golden hour with proper exposure. Avoid harsh midday sun or grey weather.,4:5,Instagram Lifestyle / Wine Content / Evening Relaxation
144,Bohemian Fashion Desert Portrait,"Fashion content, bohemian aesthetic, editorial lifestyle","You are a fashion lifestyle photographer specializing in bohemian style and desert fashion content for fashion influencers and clothing brands. Create a striking photograph of model wearing flowing bohemian dress or outfit in desert landscape with sand dunes or desert flora visible and warm golden light creating dreamy boho fashion moment. Use fashion photography with warm desert lighting and bohemian aesthetic featuring earth tones, flowing fabrics, and natural desert beauty creating free-spirited fashion mood and boho style inspiration with lifestyle fashion content. Feature fashion as focus with desert providing dramatic context. Shot during golden hour creating warmth. Avoid harsh midday sun or unflattering lighting.",4:5,Instagram Fashion / Bohemian Content / Editorial Lifestyle
145,Fresh Squeezed Juice Morning Ritual,"Health content, morning routine, nutrition lifestyle",You are a healthy lifestyle photographer specializing in nutrition and morning routine content for wellness influencers and juice brands. Create a fresh photograph of freshly squeezed orange juice in glass with orange halves and juicer visible on kitchen counter with natural morning light streaming through window creating bright healthy morning scene. Use food photography with bright natural lighting and healthy lifestyle aesthetic featuring vibrant citrus colors and fresh morning mood creating nutrition inspiration and healthy morning ritual content with lifestyle wellness photography. Feature negative space for health tips or recipe details. Shot with natural morning light emphasizing freshness. Avoid artificial lighting or processed ingredients.,4:5,Instagram Health / Morning Routine / Nutrition Content
146,Luxury Fashion Accessories Flat Lay,"Fashion content, luxury lifestyle, accessory styling","You are a luxury fashion photographer specializing in accessories and high-end product flat lay for fashion influencers and luxury brands. Create a sophisticated overhead photograph of luxury fashion accessories including designer handbag, sunglasses, watch, perfume, and jewelry arranged in elegant flat lay on marble or neutral luxury surface. Use fashion photography with even overhead lighting and luxury aesthetic featuring coordinated high-end pieces and sophisticated styling creating aspiration and luxury lifestyle mood with fashion content. Feature negative space for fashion details or luxury brand mentions. Shot from directly above with balanced luxury composition. Avoid cheap-looking products or poor arrangement.",1:1,Instagram Fashion / Luxury Content / Accessory Styling
147,Yoga Home Practice Peaceful,"Yoga content, home practice, wellness lifestyle","You are a wellness photographer specializing in home yoga practice and mindfulness content for yoga teachers and wellness creators. Create a peaceful photograph of yoga mat rolled or unrolled in bright home setting near window with plants, candles, and yoga props arranged creating serene home yoga space inviting practice. Use wellness photography with natural window light and peaceful home yoga aesthetic featuring neutral calming tones and mindfulness mood creating yoga practice inspiration and home wellness space content with lifestyle wellness photography. Feature yoga space as sanctuary. Shot with natural light creating peaceful atmosphere. Avoid cluttered spaces or dark rooms.",4:5,Instagram Yoga / Home Practice / Wellness Content
148,Artisan Bakery Fresh Bread,"Food content, bakery marketing, artisan food culture",You are a food photographer specializing in bakery and artisan bread content for food bloggers and bakery brands. Create a rustic photograph of fresh-baked artisan bread loaf with crusty exterior on wooden cutting board with flour dust visible and warm bakery environment softly suggested in background creating homemade artisan bread moment. Use food photography with warm natural lighting and rustic bakery aesthetic featuring warm bread tones and fresh-baked mood creating bread baking inspiration and artisan food culture content with lifestyle food photography emphasizing bread texture and craftsmanship. Shot with natural light showing bread detail. Avoid industrial appearance or poor bread quality.,4:5,Instagram Food / Bakery Content / Artisan Culture
149,Summer Pool Float Vacation,"Summer content, vacation lifestyle, relaxation posts",You are a summer lifestyle photographer specializing in vacation and poolside content for travel and lifestyle influencers. Create a carefree photograph of colorful inflatable pool float on crystal clear turquoise pool water with person relaxing on float and tropical elements like palm trees softly visible creating quintessential summer vacation moment. Use lifestyle photography with bright natural sunlight and summer vacation aesthetic featuring turquoise water and vibrant float colors creating summer fun mood and vacation relaxation content with lifestyle travel photography. Feature negative space in water for captions. Shot from above or angle showing pool and float. Avoid grey water or dreary weather.,4:5,Instagram Summer / Vacation Content / Travel Lifestyle
150,Winter Cozy Fireplace Moment,"Winter content, cozy aesthetic, seasonal lifestyle","You are a lifestyle photographer specializing in winter content and cozy seasonal aesthetics for lifestyle influencers and home brands. Create a warm photograph of person sitting near fireplace with crackling fire, cozy blanket, hot cocoa, and warm lighting creating quintessential winter cozy moment indoors. Use lifestyle photography with warm firelight and winter cozy aesthetic featuring warm orange firelight glow and comfort mood creating winter inspiration and hygge lifestyle content with seasonal photography. Feature cozy moment with fire providing warm atmospheric light. Shot with warm interior lighting emphasizing coziness. Avoid cold harsh lighting or summer elements.",4:5,Instagram Winter / Cozy Content / Seasonal Lifestyle
151,Quick Recipe Action Shot,"Recipe reels, cooking content, food tutorials","You are a social media food photographer specializing in short-form video stills and recipe content for TikTok and Instagram Reels creators. Create a dynamic action photograph of hands actively preparing recipe step like whisking ingredients in bowl, pouring sauce, or garnishing dish with motion captured mid-action and colorful ingredients visible creating engaging recipe moment. Use food content photography with bright even lighting from above and dynamic cooking action aesthetic featuring vibrant ingredient colors and active cooking motion creating recipe tutorial energy and cooking inspiration with vertical format social content. Feature clear action as focal point with ingredients and cooking tools visible. Shot with fast shutter freezing cooking action. Avoid blurry motion or unclear steps.",9:16,TikTok / Instagram Reels / Recipe Content
152,Fashion Transition Mirror Selfie,"Fashion reels, outfit transitions, style content",You are a fashion content creator photographer specializing in TikTok and Reels fashion content for style influencers and clothing brands. Create a confident photograph of person taking mirror selfie showing fashionable outfit with phone visible in mirror and bedroom or closet background softly visible creating relatable fashion content moment suitable for outfit transition videos. Use fashion photography with natural bedroom or closet lighting and casual fashion aesthetic featuring trendy outfit styling and authentic mirror selfie vibe creating fashion inspiration and outfit content with vertical social media format. Feature outfit clearly visible in mirror with confident pose. Shot with smartphone aesthetic appearance. Avoid awkward poses or poorly lit mirrors.,9:16,TikTok / Instagram Reels / Fashion Content
153,Makeup Transformation Close-Up,"Makeup tutorials, beauty reels, transformation content","You are a beauty content photographer specializing in makeup tutorial stills and transformation content for TikTok and beauty creators. Create a striking close-up photograph of face showing dramatic makeup look with one eye or half face visible displaying makeup artistry including eyeshadow, liner, and lashes with details sharp and colors vibrant creating beauty transformation moment. Use beauty photography with bright beauty ring light or natural window light and makeup transformation aesthetic featuring bold makeup colors and artistic beauty details creating makeup tutorial inspiration and beauty content with vertical format. Feature makeup details as clear focus with face partially visible. Shot with proper beauty lighting eliminating shadows. Avoid poor lighting or smudged makeup.",9:16,TikTok / Instagram Reels / Beauty Tutorials
154,Dance Energy Action Moment,"Dance content, movement videos, energy reels","You are an action content photographer specializing in dance and movement stills for TikTok dance creators and fitness influencers. Create an energetic photograph of person mid-dance move with dynamic pose, flowing hair or clothing, and joyful expression captured with motion suggesting rhythm and energy in bright modern interior or urban outdoor setting. Use action photography with bright energetic lighting and dance content aesthetic featuring dynamic movement and confident energy creating dance inspiration and viral content mood with vertical social format. Feature dancer as focal point with environment providing context. Shot with fast shutter freezing dynamic moment while suggesting motion. Avoid static poses or awkward frozen movements.",9:16,TikTok / Instagram Reels / Dance Content
155,Product Unboxing Hands POV,"Unboxing videos, product reviews, haul content",You are a product content photographer specializing in unboxing and product reveal content for social media creators and brand marketing. Create an engaging overhead photograph of hands opening product package or box with product partially visible and packaging materials around creating authentic unboxing moment from viewer POV perspective. Use product photography with bright overhead lighting and unboxing content aesthetic featuring product and packaging clearly with authentic unboxing energy creating product reveal excitement and haul content mood with vertical format. Feature hands and product as focus from overhead perspective. Shot from above capturing genuine unboxing moment. Avoid messy chaos or hidden products.,9:16,TikTok / Instagram Reels / Product Content
156,Before After Fitness Progress,"Fitness transformations, progress posts, motivation content",You are a fitness content photographer specializing in transformation and progress documentation for fitness influencers and training programs. Create a motivational side-by-side photograph showing fitness progress with same person in similar pose showing athletic body transformation with bright gym or home setting and confident proud expression creating transformation inspiration. Use fitness photography with consistent lighting between sides and progress documentation aesthetic featuring athletic physique and determination creating motivation and fitness journey content with vertical social format suitable for progress reveals. Feature clear body positioning showing transformation. Shot with consistent lighting and framing. Avoid unflattering angles or inconsistent lighting between sides.,9:16,TikTok / Instagram Reels / Fitness Motivation
157,Life Hack Demonstration Step,"Tutorial content, life hack videos, how-to reels",You are a tutorial content photographer specializing in life hack and how-to demonstration stills for social media creators and practical content. Create a clear instructional photograph showing specific step of life hack or trick with hands demonstrating technique and relevant objects or materials clearly visible in organized setup creating easy-to-understand tutorial moment. Use instructional photography with bright even lighting and educational content aesthetic featuring clear demonstration and simple clean background creating helpful tutorial energy and practical content mood with vertical format. Feature demonstration step clearly visible with minimal distractions. Shot with bright overhead or front lighting. Avoid cluttered backgrounds or unclear demonstrations.,9:16,TikTok / Instagram Reels / Tutorial Content
158,Pet Reaction Cute Moment,"Pet content, animal reactions, viral pet videos","You are a pet content photographer specializing in animal personality capture and reaction moments for pet influencers and viral content creators. Create an adorable photograph of dog or cat with expressive face showing personality or reaction like head tilt, surprised expression, or playful look with focus on pet face and home environment softly visible creating shareable pet content moment. Use pet photography with natural bright lighting and cute animal content aesthetic featuring expressive pet personality and authentic behavior creating viral pet appeal and animal content mood with vertical format. Feature pet face and expression as clear focus. Shot with natural light capturing genuine pet moment. Avoid startled or stressed animals.",9:16,TikTok / Instagram Reels / Pet Content
159,Coffee Art Pour Process,"Coffee content, satisfying videos, barista skills",You are a beverage content photographer specializing in coffee preparation and satisfying process content for cafe brands and coffee creators. Create a mesmerizing photograph of barista pouring steamed milk creating latte art in coffee cup with pour stream visible mid-creation and foam pattern beginning to form creating satisfying coffee art moment. Use beverage photography with soft natural or cafe lighting and barista content aesthetic featuring creamy milk against dark espresso and precise pouring technique creating coffee artistry appreciation and cafe content mood with vertical format. Feature pouring action and emerging latte art clearly. Shot with fast shutter freezing pour stream. Avoid spills or unclear art patterns.,9:16,TikTok / Instagram Reels / Coffee Content
160,Room Transformation Before After,"Home decor, organization content, room makeovers",You are an interior transformation photographer specializing in before-after room makeover content for home influencers and organization creators. Create an inspiring split photograph showing same room before and after transformation with before side showing cluttered or dated space and after side showing organized styled modern space creating dramatic home transformation impact. Use interior photography with consistent angles and home transformation aesthetic featuring clear contrast between before chaos and after beauty creating organization inspiration and home makeover content with vertical format. Feature room transformation clearly visible with consistent perspective. Shot from same angle with similar lighting. Avoid inconsistent framing or unclear improvements.,9:16,TikTok / Instagram Reels / Home Transformation
161,Skincare Routine Application Step,"Skincare tutorials, beauty routine, self-care content","You are a beauty routine photographer specializing in skincare application and self-care content for beauty influencers and skincare brands. Create a clear photograph of skincare application step showing hands applying serum, cream, or mask to face with product visible and application technique demonstrated in bright bathroom or bedroom setting creating relatable skincare routine moment. Use beauty photography with bright natural lighting and skincare content aesthetic featuring product application and self-care ritual creating skincare tutorial energy and beauty routine inspiration with vertical format. Feature application technique clearly with product and face visible. Shot with flattering natural light. Avoid harsh shadows or unclear application.",9:16,TikTok / Instagram Reels / Skincare Content
162,Outfit Check Full Body Mirror,"Fashion content, OOTD posts, style inspiration","You are a fashion content photographer specializing in outfit documentation and style content for fashion influencers and clothing brands. Create a confident full-body photograph of person showing complete outfit in full-length mirror with trendy styling, accessories, and footwear all visible and mirror capturing head to toe with bedroom or closet background creating outfit check content moment. Use fashion photography with natural indoor lighting and OOTD aesthetic featuring complete styled outfit and confident pose creating fashion inspiration and daily outfit content with vertical format. Feature full outfit clearly visible in mirror from head to shoes. Shot with smartphone mirror selfie aesthetic. Avoid cut-off body parts or poor mirror angles.",9:16,TikTok / Instagram Reels / Fashion OOTD
163,Hair Tutorial Styling Step,"Hair tutorials, beauty content, hairstyle videos","You are a beauty tutorial photographer specializing in hair styling content and technique demonstration for beauty creators and hair brands. Create an instructional photograph showing specific hair styling step with hands visible working on hair showing braiding, curling, or styling technique clearly with hair texture and process visible creating helpful hair tutorial moment. Use beauty photography with bright even lighting and hair tutorial aesthetic featuring clear technique demonstration and hair details creating hairstyle inspiration and beauty education content with vertical format. Feature styling technique and hair clearly visible. Shot with bright lighting eliminating shadows. Avoid unclear hands or hidden technique.",9:16,TikTok / Instagram Reels / Hair Tutorials
164,Satisfying Organization Process,"Organization content, satisfying videos, declutter posts","You are an organization content photographer specializing in satisfying arrangement and declutter content for home organization creators and storage brands. Create a satisfying overhead photograph of items being organized into containers, drawers, or shelves with color coordination or category grouping visible showing transformation from chaos to organized system creating satisfying organization moment. Use organization photography with bright overhead lighting and satisfying content aesthetic featuring organized color-coded or categorized items and visual satisfaction creating organization inspiration and declutter content mood with vertical format. Feature organized arrangement as clear focus. Shot from directly above showing organization clearly. Avoid messy chaos without visible improvement.",9:16,TikTok / Instagram Reels / Organization Content
165,Food Plating Final Touch,"Cooking content, plating tutorials, chef techniques",You are a culinary content photographer specializing in food plating and finishing touches for cooking creators and restaurant marketing. Create an elegant photograph of final garnish or sauce being added to beautifully plated dish with hand visible adding finishing touch and restaurant-quality plating visible creating chef-level food presentation moment. Use food photography with soft directional lighting and plating content aesthetic featuring beautiful food styling and professional technique creating culinary inspiration and cooking content mood with vertical format. Feature plating and finishing touch clearly. Shot with lighting emphasizing food appeal. Avoid messy plating or unappealing food.,9:16,TikTok / Instagram Reels / Cooking Content
166,Plant Propagation Care Tutorial,"Plant content, gardening tips, green living","You are a plant care content photographer specializing in propagation and gardening tutorials for plant influencers and gardening brands. Create an educational photograph showing plant propagation step with hands holding plant cutting, showing roots, or placing in water or soil with healthy plant visible and propagation materials around creating helpful plant care tutorial moment. Use plant photography with bright natural lighting and plant care aesthetic featuring healthy green plants and clear demonstration creating plant parent education and gardening content mood with vertical format. Feature propagation technique clearly with plant health visible. Shot with natural bright light. Avoid dying plants or unclear technique.",9:16,TikTok / Instagram Reels / Plant Content
167,Nail Art Design Close-Up,"Nail art content, beauty tutorials, manicure inspiration","You are a nail art photographer specializing in manicure detail and design content for nail artists and beauty creators. Create a stunning close-up photograph of beautifully manicured nails with artistic nail art design visible showing colors, patterns, and details with hand positioned elegantly and nails clearly in focus creating nail art inspiration moment. Use beauty photography with bright even lighting and nail art content aesthetic featuring detailed nail design and color vibrancy creating manicure inspiration and beauty content mood with vertical format. Feature nail art design clearly with proper focus. Shot with macro level detail and proper lighting. Avoid blurry nails or poor color representation.",9:16,TikTok / Instagram Reels / Nail Art Content
168,Tech Unboxing Product Reveal,"Tech content, gadget reviews, unboxing videos","You are a tech content photographer specializing in product unboxing and gadget reveal content for tech reviewers and electronics brands. Create an exciting photograph of tech product being lifted from packaging with product clearly visible, packaging showing brand, and tech accessories around creating authentic tech unboxing moment from first-person perspective. Use product photography with bright even lighting and tech unboxing aesthetic featuring clean product presentation and packaging details creating tech excitement and gadget content mood with vertical format. Feature product reveal clearly with packaging context. Shot from overhead or POV angle. Avoid hidden products or excessive packaging mess.",9:16,TikTok / Instagram Reels / Tech Reviews
169,Cleaning Hack Before After,"Cleaning content, home hacks, satisfying transformations",You are a cleaning content photographer specializing in satisfying cleaning transformations and household hacks for home creators and cleaning brands. Create a dramatic before-after photograph showing cleaning transformation with split image showing dirty or stained item on one side and sparkling clean result on other side creating satisfying cleaning achievement moment. Use cleaning photography with consistent bright lighting and transformation aesthetic featuring dramatic visible improvement and clean results creating cleaning motivation and household hack content with vertical format. Feature cleaning transformation clearly visible. Shot with consistent lighting and angles. Avoid subtle differences or unclear improvements.,9:16,TikTok / Instagram Reels / Cleaning Content
170,Breakfast Recipe Ingredients Layout,"Recipe content, meal prep, cooking tutorials","You are a food content photographer specializing in recipe ingredient display and cooking preparation for food creators and recipe developers. Create an organized overhead photograph of breakfast recipe ingredients laid out with measured portions, fresh ingredients, and cooking tools arranged neatly showing everything needed for recipe creating recipe prep moment ready for cooking tutorial. Use food photography with bright overhead lighting and recipe content aesthetic featuring colorful fresh ingredients and organized layout creating cooking inspiration and recipe content mood with vertical format. Feature ingredients clearly visible and organized. Shot from directly above with even lighting. Avoid cluttered mess or hidden ingredients.",9:16,TikTok / Instagram Reels / Recipe Content
171,Home Workout Exercise Form,"Fitness tutorials, home workouts, exercise instruction","You are a fitness instruction photographer specializing in exercise demonstration and form guidance for fitness trainers and workout creators. Create a clear photograph of person performing specific exercise with proper form visible showing body positioning, alignment, and technique in bright home or gym setting creating instructional fitness moment suitable for workout tutorials. Use fitness photography with bright even lighting and exercise instruction aesthetic featuring proper form demonstration and athletic capability creating workout guidance and fitness education content with vertical format. Feature exercise form clearly from appropriate angle. Shot with lighting showing body positioning. Avoid poor form or unclear demonstration angles.",9:16,TikTok / Instagram Reels / Fitness Tutorials
172,Baking Process Mixing Action,"Baking content, recipe videos, cooking tutorials",You are a baking content photographer specializing in process documentation and satisfying baking moments for food creators and baking brands. Create an engaging photograph of mixing or stirring baking ingredients in bowl with whisk or spoon visible mid-motion and batter or dough texture visible showing baking process creating satisfying baking content moment. Use food photography with bright kitchen lighting and baking process aesthetic featuring texture of ingredients and active mixing motion creating baking inspiration and cooking content mood with vertical format. Feature mixing action and ingredient texture clearly. Shot with appropriate shutter speed showing motion. Avoid unclear texture or hidden ingredients.,9:16,TikTok / Instagram Reels / Baking Content
173,Fashion Accessory Styling Detail,"Fashion content, accessory focus, jewelry styling","You are a fashion detail photographer specializing in accessory focus and jewelry styling for fashion influencers and accessory brands. Create an elegant close-up photograph of fashion accessory like statement earrings, necklace, or handbag detail with accessory as focal point and outfit or styling context softly visible creating fashion detail moment highlighting accessory. Use fashion photography with soft natural lighting and accessory content aesthetic featuring jewelry or accessory details and styling context creating fashion inspiration and accessory content mood with vertical format. Feature accessory clearly as hero element. Shot with proper focus on accessory detail. Avoid cluttered busy styling overwhelming accessory.",9:16,TikTok / Instagram Reels / Fashion Accessories
174,Art Creation Process Shot,"Art content, creative process, artist tutorials","You are an art content photographer specializing in creative process documentation and artistic technique for artists and creative influencers. Create an inspiring photograph of art being created with artist's hands visible working on painting, drawing, or craft with art materials around and artwork in progress clearly visible creating artistic process moment. Use art photography with bright natural or studio lighting and creative content aesthetic featuring artistic technique and creative energy creating art inspiration and maker content mood with vertical format. Feature art creation and technique clearly. Shot with lighting showing artwork and hands. Avoid dark lighting or unclear artwork.",9:16,TikTok / Instagram Reels / Art Content
175,Quick Dessert Assembly Final,"Dessert content, sweet recipes, food assembly","You are a dessert content photographer specializing in sweet treat assembly and final presentation for food creators and bakery brands. Create a tempting photograph of dessert final assembly showing layering, topping, or decoration being added to dessert with beautiful finished result visible or nearly complete creating dessert assembly moment ready to enjoy. Use food photography with soft appealing lighting and dessert content aesthetic featuring delicious textures and sweet appeal creating dessert inspiration and baking content mood with vertical format. Feature dessert assembly and final look clearly. Shot with lighting emphasizing dessert appeal. Avoid melted or unappealing desserts.",9:16,TikTok / Instagram Reels / Dessert Content
176,Shocked Expression Reaction Thumbnail,"Reaction videos, surprising content, viral thumbnails","You are a YouTube thumbnail designer specializing in attention-grabbing reaction thumbnails and viral content imagery for content creators and YouTube channels. Create a dynamic photograph of person with exaggerated shocked or surprised facial expression with mouth open, eyes wide, and hands near face showing genuine surprise with bright colorful background and high energy creating click-worthy reaction thumbnail. Use thumbnail photography with bright vibrant lighting and reaction content aesthetic featuring expressive face and bold colors creating curiosity and clickability with landscape format optimized for YouTube. Feature face taking up significant frame space with expression unmistakable. Shot with bright even lighting and vibrant background. Avoid subtle expressions or dull backgrounds.",16:9,YouTube Thumbnails / Reaction Videos / Viral Content
177,Before After Comparison Split,"Transformation videos, tutorial results, comparison content",You are a YouTube thumbnail designer specializing in before-after comparison thumbnails and transformation content for tutorial and improvement channels. Create an impactful split-screen photograph showing dramatic before-after comparison with distinct visual difference between sides and bold text placement areas with clear transformation visible creating compelling comparison thumbnail. Use thumbnail photography with consistent lighting between sides and transformation aesthetic featuring obvious improvement and visual impact creating curiosity about method with landscape format. Feature clear difference between sides with balanced composition. Shot with matching angles and lighting. Avoid subtle differences or confusing comparisons.,16:9,YouTube Thumbnails / Tutorial Videos / Transformation Content
178,Pointing Gesture Call-To-Action,"Instructional videos, list content, educational thumbnails",You are a YouTube thumbnail designer specializing in instructional and educational content thumbnails for teaching channels and how-to creators. Create an engaging photograph of person pointing directly at camera or to side with confident expression and bright clean background with space for bold title text creating action-oriented instructional thumbnail. Use thumbnail photography with bright even lighting and educational content aesthetic featuring clear gesture and friendly approachable energy creating trust and teaching authority with landscape format. Feature pointing gesture clearly with face visible and confident. Shot with bright lighting and clean background. Avoid confusing gestures or cluttered backgrounds.,16:9,YouTube Thumbnails / Educational Videos / How-To Content
179,Product Close-Up Showcase Hero,"Product reviews, unboxing videos, tech content","You are a YouTube thumbnail designer specializing in product showcase and review thumbnails for tech and product review channels. Create a striking photograph of product as hero element with dramatic lighting, clean background, and product positioned prominently with features visible creating premium product showcase thumbnail suitable for reviews. Use product photography with dramatic studio lighting and review content aesthetic featuring product as clear focus and professional presentation creating authority and trustworthiness with landscape format. Feature product large in frame with clear visibility. Shot with controlled studio lighting and gradient or solid background. Avoid busy backgrounds or small product visibility.",16:9,YouTube Thumbnails / Product Reviews / Tech Videos
180,Expressive Face Emotion Close-Up,"Storytelling videos, vlogs, personal content","You are a YouTube thumbnail designer specializing in emotional storytelling and vlog thumbnails for personal channels and story creators. Create a compelling close-up photograph of person's face showing genuine emotion like excitement, concern, joy, or curiosity with expressive eyes and authentic feeling visible creating emotional connection thumbnail. Use portrait photography with soft flattering lighting and vlog aesthetic featuring genuine expression and personal connection creating relatability and human interest with landscape format. Feature face prominently with emotion clearly readable. Shot with flattering portrait lighting. Avoid fake forced expressions or poor lighting.",16:9,YouTube Thumbnails / Vlogs / Story Videos
181,Action Mid-Motion Sports Energy,"Sports content, fitness videos, action content","You are a YouTube thumbnail designer specializing in sports and action content thumbnails for athletic channels and fitness creators. Create a dynamic photograph of athlete or person mid-action performing sport move, exercise, or athletic feat with motion frozen at peak moment and dramatic background creating high-energy action thumbnail. Use action photography with bright dramatic lighting and sports aesthetic featuring athletic prowess and peak performance creating excitement and energy with landscape format. Feature action frozen at dramatic moment with athlete clearly visible. Shot with fast shutter and dramatic lighting. Avoid motion blur or unclear action.",16:9,YouTube Thumbnails / Sports Videos / Fitness Content
182,Food Beauty Shot Appetizing Hero,"Recipe videos, cooking content, food reviews","You are a YouTube thumbnail designer specializing in food content thumbnails and recipe video imagery for cooking channels and food creators. Create a mouth-watering photograph of finished dish as hero element with beautiful plating, appetizing colors, and dramatic food styling with focus on making food look irresistible creating hunger-inducing food thumbnail. Use food photography with soft directional lighting and culinary aesthetic featuring delicious textures and vibrant colors creating appetite appeal and cooking desire with landscape format. Feature food large in frame with appetizing presentation. Shot with food photography lighting emphasizing appeal. Avoid unappealing food or poor styling.",16:9,YouTube Thumbnails / Recipe Videos / Food Content
183,Money Cash Props Success Symbol,"Finance content, business videos, success stories","You are a YouTube thumbnail designer specializing in finance and business content thumbnails for money channels and entrepreneurship creators. Create an attention-grabbing photograph featuring money cash bills, coins, or financial symbols with person holding or surrounded by money props and bright bold colors creating wealth and success thumbnail imagery. Use commercial photography with bright vibrant lighting and finance content aesthetic featuring money imagery and prosperity symbols creating financial interest and success aspiration with landscape format. Feature money elements prominently with bold visual impact. Shot with bright lighting and high contrast. Avoid subtle or boring money representation.",16:9,YouTube Thumbnails / Finance Videos / Business Content
184,Dramatic Lighting Side Profile Mystery,"Documentary content, serious topics, investigative videos",You are a YouTube thumbnail designer specializing in documentary and serious content thumbnails for investigation and educational channels. Create a dramatic photograph of person in side profile with dramatic side lighting creating mystery and intrigue with half face illuminated and dark moody background creating cinematic thumbnail for serious content. Use dramatic portrait photography with high-contrast lighting and documentary aesthetic featuring mystery and gravitas creating serious topic interest and authority with landscape format. Feature dramatic lighting creating mood with face partially visible. Shot with single dramatic light source. Avoid bright cheerful lighting or casual mood.,16:9,YouTube Thumbnails / Documentary Videos / Serious Content
185,Colorful Pop Art Style Bold,"Entertainment content, fun videos, youth content","You are a YouTube thumbnail designer specializing in entertainment and youth-oriented content thumbnails for fun channels and pop culture creators. Create a vibrant photograph with person or subject against super colorful bold background using saturated colors, high contrast, and pop art aesthetic with energetic fun vibe creating eye-catching entertaining thumbnail. Use creative photography with bold vivid lighting and entertainment aesthetic featuring bright saturated colors and playful energy creating fun appeal and youthful engagement with landscape format. Feature bold colors dominating with high visual impact. Shot with bright colorful lighting or backgrounds. Avoid muted colors or serious mood.",16:9,YouTube Thumbnails / Entertainment Videos / Fun Content
186,Question Mark Confused Expression,"Q&A videos, mystery content, question-focused videos",You are a YouTube thumbnail designer specializing in question and curiosity-driven content thumbnails for Q&A and mystery channels. Create an engaging photograph of person with confused or questioning expression with hand on chin or head tilted and space for large question mark or question text creating curiosity thumbnail. Use thumbnail photography with bright clean lighting and Q&A aesthetic featuring approachable questioning expression and clear communication creating curiosity and engagement with landscape format. Feature questioning expression clearly with space for text elements. Shot with bright even lighting. Avoid aggressive or off-putting expressions.,16:9,YouTube Thumbnails / Q&A Videos / Mystery Content
187,Side-By-Side Face Comparison,"Versus videos, comparison content, debate topics","You are a YouTube thumbnail designer specializing in comparison and versus content thumbnails for debate and review channels. Create a compelling split photograph showing two people, products, or options side-by-side with clear visual separation and versus or comparison element suggested creating debate thumbnail that shows two sides. Use comparison photography with consistent lighting and versus content aesthetic featuring clear opposition or choice creating debate interest and opinion engagement with landscape format. Feature both sides equally with balanced composition. Shot with matching lighting and angles. Avoid biased unequal representation.",16:9,YouTube Thumbnails / Versus Videos / Comparison Content
188,Success Celebration Arms Raised,"Success stories, achievement content, motivational videos",You are a YouTube thumbnail designer specializing in success and motivational content thumbnails for inspiration channels and achievement creators. Create an uplifting photograph of person with arms raised in victory celebration pose with triumphant expression and bright inspiring background creating success and achievement thumbnail. Use motivational photography with bright uplifting lighting and success aesthetic featuring victorious posture and positive energy creating inspiration and accomplishment feeling with landscape format. Feature celebration pose prominently with joyful expression. Shot with bright optimistic lighting. Avoid defeated or sad postures.,16:9,YouTube Thumbnails / Success Stories / Motivational Videos
189,Workspace Overhead Creative Setup,"Creative content, behind-the-scenes, process videos","You are a YouTube thumbnail designer specializing in creative process and workspace content thumbnails for maker channels and creative entrepreneurs. Create an organized overhead photograph of creative workspace with tools, materials, and work in progress arranged aesthetically showing creative process with space for title text creating creative content thumbnail. Use overhead photography with bright even lighting and creative aesthetic featuring organized creative chaos and artistic materials creating maker interest and process curiosity with landscape format. Feature workspace and materials clearly from above. Shot from directly overhead with balanced lighting. Avoid cluttered mess or dark workspace.",16:9,YouTube Thumbnails / Creative Content / Behind-The-Scenes
190,Gaming Setup RGB Gamer Aesthetic,"Gaming content, tech videos, streaming content","You are a YouTube thumbnail designer specializing in gaming and streaming content thumbnails for gaming channels and esports creators. Create an immersive photograph of gaming setup with RGB lighting, gaming peripherals, and screens visible showing gamer aesthetic with vibrant colors and tech atmosphere creating gaming content thumbnail. Use gaming photography with colorful RGB lighting and gaming aesthetic featuring gaming gear and immersive tech atmosphere creating gamer appeal and gaming culture connection with landscape format. Feature gaming setup prominently with RGB colors visible. Shot with gaming lighting creating atmosphere. Avoid boring non-gaming setups or poor lighting.",16:9,YouTube Thumbnails / Gaming Videos / Streaming Content
191,Travel Destination Vista Epic,"Travel videos, destination guides, adventure content","You are a YouTube thumbnail designer specializing in travel and adventure content thumbnails for travel channels and destination creators. Create an inspiring photograph of stunning travel destination vista with person visible for scale showing epic landscape, architecture, or travel scene creating wanderlust thumbnail. Use travel photography with dramatic natural lighting and adventure aesthetic featuring breathtaking scenery and travel inspiration creating destination desire and adventure calling with landscape format. Feature epic destination prominently with dramatic lighting. Shot during golden hour or dramatic light. Avoid boring locations or grey weather.",16:9,YouTube Thumbnails / Travel Videos / Adventure Content
192,Car Automotive Beauty Shot,"Car reviews, automotive content, vehicle videos","You are a YouTube thumbnail designer specializing in automotive content thumbnails and car review imagery for automotive channels and vehicle enthusiasts. Create a stunning photograph of car as hero element with dramatic angle, beautiful lighting, and clean background showing automotive beauty and design creating car content thumbnail. Use automotive photography with dramatic lighting and vehicle aesthetic featuring car design and automotive appeal creating car enthusiasm and vehicle interest with landscape format. Feature car prominently with dramatic presentation. Shot with automotive photography lighting and angles. Avoid boring angles or poor car presentation.",16:9,YouTube Thumbnails / Car Reviews / Automotive Content
193,Pet Close-Up Adorable Face,"Pet content, animal videos, cute compilations","You are a YouTube thumbnail designer specializing in pet and animal content thumbnails for pet channels and animal lovers. Create an adorable close-up photograph of dog or cat face with expressive eyes, cute expression, and engaging personality visible creating irresistible pet thumbnail that appeals to animal lovers. Use pet photography with soft natural lighting and cute animal aesthetic featuring expressive pet face and adorable appeal creating emotional connection and pet content engagement with landscape format. Feature pet face large in frame with personality visible. Shot with flattering pet lighting. Avoid stressed animals or poor expressions.",16:9,YouTube Thumbnails / Pet Videos / Animal Content
194,Science Lab Equipment Experiment,"Science content, educational videos, experiment content","You are a YouTube thumbnail designer specializing in science and educational content thumbnails for STEM channels and educational creators. Create an engaging photograph of science experiment equipment with colorful liquids, lab glassware, or experimental setup visible showing scientific process creating educational science thumbnail. Use science photography with clean bright lighting and educational aesthetic featuring lab equipment and scientific elements creating learning interest and discovery curiosity with landscape format. Feature science elements prominently with clear visibility. Shot with bright clean lighting. Avoid dangerous or messy experiments.",16:9,YouTube Thumbnails / Science Videos / Educational Content
195,Tool Workshop Construction Action,"DIY content, building videos, workshop tutorials","You are a YouTube thumbnail designer specializing in DIY and workshop content thumbnails for maker channels and construction creators. Create a dynamic photograph of power tools, building materials, or construction in action with sawdust, sparks, or motion visible showing maker process creating workshop content thumbnail. Use workshop photography with dramatic lighting and DIY aesthetic featuring tools and building action creating maker interest and project curiosity with landscape format. Feature tools and action prominently. Shot with dramatic lighting capturing workshop atmosphere. Avoid unsafe practices or boring static tools.",16:9,YouTube Thumbnails / DIY Videos / Workshop Content
196,Editorial Magazine Cover Portrait,"Fashion editorials, magazine covers, high fashion campaigns","You are a high-fashion editorial photographer specializing in magazine cover photography and luxury fashion campaigns for fashion publications and designer brands. Create a striking fashion portrait of model in designer clothing with confident powerful pose, direct eye contact with camera, and clean background allowing fashion to be focal point creating editorial magazine cover moment. Use fashion photography with professional studio lighting creating even illumination and high-fashion editorial aesthetic featuring editorial makeup, styled hair, and runway-ready styling creating fashion authority and editorial sophistication with intentional negative space for cover lines. Shot with medium format camera aesthetic and professional fashion lighting setup. Avoid casual poses or amateur styling.",4:5,Fashion Editorials / Magazine Covers / Luxury Campaigns
197,Runway Walk Motion Blur,"Fashion shows, runway content, designer collections",You are a runway fashion photographer specializing in fashion show photography and designer collection documentation for fashion weeks and luxury brands. Create a dynamic photograph of model walking runway during fashion show with slight motion blur in background while model remains relatively sharp showing runway energy and fashion presentation with audience softly visible and dramatic runway lighting creating fashion show moment. Use runway photography with dramatic fashion show lighting and catwalk aesthetic featuring designer clothing in motion and runway confidence creating fashion show energy and collection showcase mood. Feature model and outfit clearly with runway context. Shot with appropriate shutter speed balancing motion and sharpness. Avoid completely blurry images or static poses.,4:5,Runway Coverage / Fashion Shows / Designer Collections
198,Street Fashion Urban Concrete,"Street style, urban fashion, contemporary clothing brands","You are an urban fashion photographer specializing in street style and contemporary fashion photography for modern clothing brands and style influencers. Create an edgy photograph of model in fashionable streetwear against urban concrete wall, graffiti, or industrial architecture with natural confident stance and city environment providing gritty backdrop creating authentic street fashion moment. Use street photography with natural urban lighting and contemporary fashion aesthetic featuring trendy streetwear styling and urban authenticity creating street style credibility and modern fashion appeal. Feature fashion clearly with urban context enhancing not overwhelming. Shot with natural light and urban environment. Avoid overly polished studio looks or fake urban settings.",4:5,Streetwear Brands / Urban Fashion / Contemporary Style
199,Minimalist Fashion Clean Background,"E-commerce fashion, minimalist brands, catalog photography","You are a minimalist fashion photographer specializing in clean aesthetic fashion photography and e-commerce product imagery for contemporary fashion brands. Create a sophisticated photograph of model in minimalist fashion against seamless neutral background in beige, grey, or white with clothing details clearly visible and clean lines emphasized creating timeless minimalist fashion image. Use fashion photography with soft even lighting eliminating shadows and minimalist aesthetic featuring neutral color palette and restrained elegance creating sophisticated fashion appeal and versatility. Feature clothing fit, drape, and details clearly visible. Shot with even studio lighting and medium format look. Avoid busy backgrounds or excessive styling.",4:5,E-commerce Fashion / Minimalist Brands / Catalog Photography
200,Bohemian Desert Fashion Flow,"Bohemian fashion, festival style, free-spirited brands","You are a bohemian lifestyle fashion photographer specializing in free-spirited fashion content and festival style imagery for boho brands and lifestyle fashion companies. Create a dreamy photograph of model in flowing bohemian dress or outfit in desert, beach, or natural setting with fabric flowing in wind, natural movement, and golden hour lighting creating ethereal boho fashion moment. Use lifestyle fashion photography with warm natural lighting and bohemian aesthetic featuring flowing fabrics, natural beauty, and free-spirited styling creating bohemian fashion appeal and wanderlust mood. Feature fashion movement and natural environment together. Shot during golden hour with natural wind and movement. Avoid stiff styling or studio settings.",4:5,Bohemian Brands / Festival Fashion / Lifestyle Fashion
201,Luxury Evening Gown Elegance,"Formal wear, evening fashion, luxury events","You are a luxury fashion photographer specializing in evening wear and formal fashion photography for high-end designers and luxury events. Create an elegant photograph of model in stunning evening gown with dramatic elegant pose, sophisticated styling, and luxurious setting or background with evening wear showcased beautifully creating red carpet worthy fashion moment. Use fashion photography with dramatic flattering lighting and luxury aesthetic featuring gown details like fabric drape, embellishments, and silhouette creating formal elegance and special occasion fashion appeal. Feature gown as hero with model providing grace and sophistication. Shot with fashion lighting emphasizing luxury and elegance. Avoid casual poses or poor gown presentation.",4:5,Evening Wear / Luxury Fashion / Formal Events
202,Denim Casual American Classic,"Casual wear, denim brands, American fashion","You are a commercial fashion photographer specializing in casual wear and denim photography for mainstream fashion brands and lifestyle companies. Create a relatable photograph of model in classic denim jeans and casual top with natural relaxed pose, authentic styling, and simple background or lifestyle setting creating accessible everyday fashion moment. Use commercial photography with natural bright lighting and casual fashion aesthetic featuring denim fit and styling with approachable everyday appeal creating relatable fashion content and mass market positioning. Feature denim and casual styling clearly with natural confidence. Shot with bright natural light creating fresh appeal. Avoid over-styled or inaccessible high fashion looks.",4:5,Denim Brands / Casual Wear / Mainstream Fashion
203,Avant-Garde Artistic Fashion,"Artistic fashion, experimental designers, conceptual editorials","You are an artistic fashion photographer specializing in avant-garde and conceptual fashion imagery for experimental designers and art-focused fashion publications. Create a bold photograph of model in avant-garde fashion piece with unusual silhouette, experimental materials, or artistic concept with creative pose and dramatic lighting creating thought-provoking artistic fashion moment. Use editorial photography with creative dramatic lighting and avant-garde aesthetic featuring fashion as wearable art and conceptual creativity creating fashion innovation and artistic expression mood. Feature experimental fashion prominently with artistic intention clear. Shot with dramatic creative lighting and unusual angles. Avoid commercial safe fashion or conventional beauty.",4:5,Avant-Garde Fashion / Art Editorials / Experimental Designers
204,Tailored Suit Menswear Power,"Menswear, suiting, professional fashion","You are a menswear fashion photographer specializing in tailored suiting and professional men's fashion for suit brands and luxury menswear companies. Create a confident photograph of male model in perfectly tailored suit with powerful stance, direct gaze, and refined setting or clean background creating authoritative sophisticated menswear moment. Use fashion photography with dramatic side lighting and menswear aesthetic featuring suit fit, fabric quality, and tailoring details creating professional power and masculine elegance. Feature suit tailoring and fit prominently with confident masculinity. Shot with dramatic lighting emphasizing structure and form. Avoid poor fit or casual undermining postures.",4:5,Menswear / Suiting / Professional Fashion
205,Athleisure Active Fashion Lifestyle,"Activewear, athleisure brands, fitness fashion","You are a lifestyle fashion photographer specializing in activewear and athleisure fashion photography for sports brands and fitness apparel companies. Create an energetic photograph of model in athleisure outfit with active or semi-active pose in urban, gym, or outdoor setting showing activewear versatility and style creating modern athleisure fashion moment. Use lifestyle photography with natural bright lighting and athleisure aesthetic featuring athletic wear styling with lifestyle versatility creating active lifestyle appeal and fitness fashion credibility. Feature athleisure outfit and lifestyle context together. Shot with natural lighting and authentic active setting. Avoid pure studio shots or inactive poses for active wear.",4:5,Activewear / Athleisure Brands / Fitness Fashion
206,Vintage Retro Fashion Nostalgic,"Vintage fashion, retro style, nostalgic campaigns","You are a vintage-inspired fashion photographer specializing in retro aesthetics and nostalgic fashion imagery for vintage brands and period-inspired campaigns. Create a nostalgic photograph of model in vintage or vintage-inspired fashion with period-appropriate styling, retro hair and makeup, and nostalgic setting or color grading creating authentic retro fashion moment from specific era. Use fashion photography with vintage color grading and retro aesthetic featuring period-accurate styling and nostalgic mood creating vintage fashion appeal and era-specific authenticity. Feature vintage fashion and era details prominently. Shot with vintage-style processing and period-appropriate styling. Avoid modern elements breaking period illusion.",4:5,Vintage Fashion / Retro Campaigns / Period Style
207,High-End Knitwear Cozy Luxury,"Knitwear, winter fashion, luxury cashmere brands","You are a luxury knitwear photographer specializing in cashmere and high-end knitwear photography for premium sweater brands and winter fashion campaigns. Create a tactile photograph of model in luxury knitwear piece with focus on fabric texture, drape, and quality with natural elegant pose and neutral sophisticated setting creating cozy luxury knitwear moment. Use fashion photography with soft natural lighting and knitwear aesthetic featuring fabric texture and luxurious hand feel creating tactile appeal and premium quality perception. Feature knitwear texture and drape prominently. Shot with lighting emphasizing texture and softness. Avoid flat lighting hiding texture or poor fabric representation.",4:5,Knitwear Brands / Winter Fashion / Luxury Sweaters
208,Statement Outerwear Fashion Focus,"Outerwear campaigns, coat collections, winter fashion","You are an outerwear fashion photographer specializing in coats and jacket photography for outerwear brands and winter fashion campaigns. Create a striking photograph of model in statement coat or jacket with coat as clear hero element, interesting pose showing coat details, and outdoor urban or minimal setting creating outerwear fashion moment. Use fashion photography with natural outdoor lighting or controlled studio light and outerwear aesthetic featuring coat design, structure, and silhouette creating outerwear desirability and style authority. Feature coat prominently with design details visible. Shot with lighting showing coat structure and fabric. Avoid hidden coat details or poor coat presentation.",4:5,Outerwear Brands / Winter Fashion / Coat Collections
209,Sustainable Fashion Earth-Conscious,"Eco-fashion, sustainable brands, ethical fashion","You are a sustainable fashion photographer specializing in eco-conscious fashion imagery and ethical brand photography for sustainable fashion companies and earth-friendly designers. Create an authentic photograph of model in sustainable fashion with natural outdoor setting, organic styling, and earth-tone palette emphasizing brand's environmental values creating ethical fashion moment. Use lifestyle photography with natural lighting and sustainable aesthetic featuring organic materials, earth tones, and environmental consciousness creating eco-fashion appeal and ethical positioning. Feature sustainable fashion with nature context supporting message. Shot with natural light in authentic natural settings. Avoid excessive production or wasteful styling.",4:5,Sustainable Fashion / Eco Brands / Ethical Fashion
210,Luxury Handbag Fashion Hero,"Handbag campaigns, accessory focus, luxury goods","You are a luxury accessories photographer specializing in handbag hero photography and designer bag campaigns for high-end accessory brands. Create an elegant photograph of model carrying or holding designer handbag with bag as primary focus, outfit complementing but not competing, and luxury setting or clean background creating handbag campaign moment. Use fashion photography with controlled lighting and luxury accessory aesthetic featuring handbag design, hardware, and craftsmanship creating bag desirability and luxury status appeal. Feature handbag prominently with clear view of design details. Shot with lighting emphasizing bag materials and details. Avoid hidden bags or poor design visibility.",4:5,Handbag Campaigns / Accessory Focus / Luxury Fashion
211,Swimwear Beach Fashion Summer,"Swimwear campaigns, resort wear, summer fashion","You are a swimwear fashion photographer specializing in beachwear and resort fashion photography for swimsuit brands and summer fashion campaigns. Create a vibrant photograph of model in stylish swimwear on beautiful beach with turquoise water, white sand, and natural sunlight showing swimsuit design and fit creating aspirational summer fashion moment. Use lifestyle fashion photography with natural bright sunlight and beach aesthetic featuring swimwear design, fit, and summer lifestyle creating beach fashion appeal and vacation desirability. Feature swimwear and beach environment together. Shot with natural sunlight creating summer mood. Avoid grey beaches or unflattering swimwear presentation.",4:5,Swimwear Brands / Resort Fashion / Summer Campaigns
212,Formal Menswear Tuxedo Sophistication,"Formal menswear, tuxedo campaigns, black-tie fashion","You are a formal menswear photographer specializing in tuxedos and black-tie fashion photography for luxury menswear brands and formal wear companies. Create a sophisticated photograph of male model in classic tuxedo with refined elegant pose, perfect tailoring visible, and luxurious formal setting or dramatic dark background creating black-tie sophistication moment. Use fashion photography with dramatic elegant lighting and formal aesthetic featuring tuxedo fit, bow tie, and formal details creating formal elegance and special occasion menswear appeal. Feature tuxedo tailoring and formal styling prominently. Shot with dramatic formal lighting. Avoid casual poses or poor formal wear presentation.",4:5,Formal Menswear / Tuxedo Campaigns / Black-Tie Fashion
213,Plus-Size Fashion Inclusive Beauty,"Plus-size fashion, inclusive brands, body-positive campaigns","You are an inclusive fashion photographer specializing in plus-size fashion and body-positive imagery for size-inclusive brands and diverse fashion campaigns. Create an empowering photograph of plus-size model in stylish fashion with confident pose, beautiful styling, and professional fashion presentation creating body-positive fashion moment celebrating all bodies. Use fashion photography with flattering professional lighting and inclusive aesthetic featuring fashion that fits and flatters plus-size bodies creating representation and fashion accessibility appeal. Feature model confidence and fashion styling equally. Shot with flattering fashion lighting celebrating all body types. Avoid unflattering angles or tokenistic representation.",4:5,Plus-Size Fashion / Inclusive Brands / Body-Positive Campaigns
214,Children's Fashion Playful Style,"Kids' fashion, children's clothing brands, family fashion","You are a children's fashion photographer specializing in kids' clothing and playful fashion imagery for children's brands and family fashion companies. Create a joyful photograph of child model in kids' fashion with natural playful expression, authentic child behavior, and colorful fun setting showing clothing while maintaining childhood authenticity creating adorable children's fashion moment. Use lifestyle photography with bright natural lighting and children's aesthetic featuring age-appropriate styling and genuine childhood joy creating kids' fashion appeal and parent consumer trust. Feature clothing and authentic child personality together. Shot with natural light capturing genuine moments. Avoid overly posed or adult-styled children.",4:5,Kids' Fashion / Children's Brands / Family Fashion
215,Bridal Fashion Wedding Elegance,"Bridal fashion, wedding dresses, bridal campaigns","You are a bridal fashion photographer specializing in wedding dress and bridal fashion photography for wedding dress designers and bridal brands. Create a romantic photograph of bride model in beautiful wedding gown with elegant bridal pose, soft romantic styling, and dreamy setting like garden or elegant interior creating timeless bridal fashion moment. Use bridal photography with soft flattering lighting and wedding aesthetic featuring gown details, fabric, and bridal beauty creating wedding dress desirability and bridal dream appeal. Feature wedding gown prominently with romantic mood. Shot with soft romantic lighting creating bridal atmosphere. Avoid harsh lighting or non-bridal styling.",4:5,Bridal Fashion / Wedding Dresses / Bridal Campaigns
216,Leather Fashion Edgy Attitude,"Leather fashion, edgy brands, rock-inspired style","You are an edgy fashion photographer specializing in leather fashion and rock-inspired styling for alternative fashion brands and edgy designers. Create a bold photograph of model in leather jacket, pants, or outfit with confident edgy pose, urban or dark background, and rock-and-roll attitude creating leather fashion moment. Use fashion photography with dramatic lighting and edgy aesthetic featuring leather material, styling attitude, and rebellious energy creating leather fashion appeal and alternative style credibility. Feature leather prominently with attitude and edge. Shot with dramatic moody lighting. Avoid soft romantic styling or timid poses.",4:5,Leather Fashion / Edgy Brands / Alternative Style
217,Resort Wear Vacation Fashion,"Resort fashion, vacation wear, luxury travel fashion","You are a resort wear photographer specializing in vacation fashion and luxury travel style for resort wear brands and travel fashion companies. Create an elegant photograph of model in chic resort wear like flowing dress or linen outfit in beautiful resort setting with pool, tropical background, or luxury hotel creating vacation fashion moment. Use lifestyle fashion photography with natural bright lighting and resort aesthetic featuring resort wear styling and vacation elegance creating travel fashion appeal and luxury leisure mood. Feature resort wear and vacation setting together. Shot with natural resort lighting. Avoid winter clothing or cold weather settings.",4:5,Resort Wear / Vacation Fashion / Luxury Travel Style
218,Pattern Clash Bold Fashion,"Contemporary fashion, bold styling, fashion-forward brands","You are a contemporary fashion photographer specializing in bold styling and pattern mixing for fashion-forward brands and editorial content. Create a striking photograph of model in outfit featuring bold pattern mixing or color clash with confident pose and creative styling showing fashion risk-taking creating fashion-forward statement moment. Use editorial photography with bright clean lighting and contemporary aesthetic featuring bold patterns, color blocking, and fashion confidence creating fashion-forward appeal and style authority. Feature bold styling prominently with pattern clash clear. Shot with lighting showcasing colors and patterns. Avoid safe basic styling or muted patterns.",4:5,Contemporary Fashion / Bold Styling / Fashion Editorials
219,Workwear Professional Fashion,"Professional wear, office fashion, career clothing","You are a professional fashion photographer specializing in workwear and office fashion photography for career clothing brands and professional fashion companies. Create a polished photograph of model in professional work attire like blazer, trousers, or work dress with confident professional pose and office or neutral business setting creating career fashion moment. Use commercial photography with clean professional lighting and workwear aesthetic featuring professional styling and workplace appropriateness creating career fashion appeal and professional credibility. Feature professional outfit clearly with confident authority. Shot with clean lighting emphasizing professionalism. Avoid overly casual or inappropriate work styling.",4:5,Workwear / Professional Fashion / Office Clothing
220,Maternity Fashion Expecting Style,"Maternity wear, pregnancy fashion, expecting mothers","You are a maternity fashion photographer specializing in pregnancy fashion and expecting mother styling for maternity brands and family fashion companies. Create a beautiful photograph of pregnant model in maternity fashion with elegant pose celebrating pregnancy, clothing showing and flattering bump, and soft feminine setting creating expecting mother fashion moment. Use lifestyle photography with soft flattering lighting and maternity aesthetic featuring pregnancy-friendly fashion and maternal beauty creating maternity fashion appeal and pregnancy celebration mood. Feature maternity fashion and pregnancy prominently. Shot with flattering soft lighting. Avoid unflattering angles or pregnancy hiding.",4:5,Maternity Fashion / Pregnancy Style / Expecting Mothers
221,Accessories Styling Fashion Detail,"Fashion accessories, jewelry campaigns, styling focus","You are a fashion accessories photographer specializing in accessory detail and jewelry focus for accessory brands and fashion campaigns. Create an elegant close-up photograph of fashion accessories like jewelry, scarves, or belts styled on model with accessories as primary focus and fashion context supporting creating accessory campaign moment. Use fashion photography with focused lighting and accessory aesthetic featuring accessory details, materials, and styling creating accessory desirability and fashion integration appeal. Feature accessories prominently with styling context. Shot with macro or close-up emphasis on accessory details. Avoid hidden accessories or poor detail visibility.",4:5,Fashion Accessories / Jewelry Campaigns / Styling Details
222,Gender-Neutral Fashion Inclusive Style,"Gender-neutral fashion, unisex brands, inclusive style","You are an inclusive fashion photographer specializing in gender-neutral fashion and unisex styling for progressive brands and inclusive fashion campaigns. Create a modern photograph of model in gender-neutral fashion with confident androgynous styling, minimalist aesthetic, and contemporary setting creating inclusive fashion moment. Use fashion photography with clean modern lighting and gender-neutral aesthetic featuring unisex design and inclusive styling creating progressive fashion appeal and gender-inclusive positioning. Feature gender-neutral fashion prominently with inclusive styling. Shot with clean contemporary lighting. Avoid gender-stereotyped styling or traditional gendered fashion cues.",4:5,Gender-Neutral Fashion / Unisex Brands / Inclusive Style
223,Luxury Fur Outerwear Statement,"Luxury outerwear, fur fashion, high-end winter wear","You are a luxury fashion photographer specializing in high-end outerwear and statement fur fashion for luxury brands and premium winter fashion. Create an opulent photograph of model in luxury fur coat with dramatic elegant pose, luxurious styling, and upscale setting or dramatic background creating fur fashion statement moment. Use fashion photography with dramatic luxury lighting and premium aesthetic featuring fur texture, quality, and luxury status creating high-end fashion appeal and luxury winter style authority. Feature fur coat prominently with luxury apparent. Shot with lighting emphasizing fur texture and luxury. Avoid flat lighting or budget appearance.",4:5,Luxury Outerwear / Fur Fashion / High-End Winter
224,Festival Fashion Bohemian Style,"Festival fashion, concert style, music event wear","You are a festival fashion photographer specializing in music festival style and bohemian event fashion for festival brands and concert wear companies. Create a vibrant photograph of model in festival fashion with bohemian styling, fun accessories, and outdoor festival setting or colorful background creating festival style moment. Use lifestyle photography with bright natural lighting and festival aesthetic featuring free-spirited styling and music event energy creating festival fashion appeal and concert style inspiration. Feature festival outfit and fun energy together. Shot with natural bright lighting creating festival mood. Avoid formal styling or conservative fashion.",4:5,Festival Fashion / Concert Style / Music Event Wear
225,Minimalist Jewelry Delicate Style,"Minimalist jewelry, dainty accessories, contemporary jewelers","You are a minimalist jewelry photographer specializing in delicate jewelry and understated accessory photography for contemporary jewelers and minimalist brands. Create an elegant photograph of model wearing minimalist jewelry with focus on delicate pieces, clean styling, and neutral background emphasizing jewelry simplicity creating minimalist jewelry moment. Use jewelry photography with soft natural lighting and minimalist aesthetic featuring delicate jewelry details and understated elegance creating contemporary jewelry appeal and refined simplicity. Feature minimalist jewelry clearly with clean styling. Shot with lighting highlighting jewelry without overwhelming. Avoid heavy jewelry or busy styling.",4:5,Minimalist Jewelry / Dainty Accessories / Contemporary Jewelers
226,Bold Lip Close-Up Beauty,"Lipstick campaigns, lip product marketing, beauty close-ups","You are a beauty close-up photographer specializing in lip focus and lipstick campaigns for cosmetics brands and lip product companies. Create a striking close-up photograph of lips wearing bold lipstick color with perfect application, beautiful lip shape, and partial face visible emphasizing lip product creating lipstick campaign moment. Use beauty photography with ring light or beauty lighting and lip focus aesthetic featuring lipstick color accuracy, lip texture, and product finish creating lip product desirability and color appeal. Feature lips prominently with color visible and true. Shot with macro beauty lighting ensuring color accuracy. Avoid poor application or inaccurate color rendering.",1:1,Lipstick Campaigns / Lip Products / Beauty Close-Ups
227,Dewy Fresh-Faced Skincare Glow,"Skincare campaigns, foundation marketing, glowing skin beauty","You are a beauty photographer specializing in skincare glow and fresh-faced beauty photography for skincare brands and foundation companies. Create a beautiful photograph of model with dewy glowing skin, minimal natural makeup, and soft feminine expression emphasizing skin quality and healthy glow creating skincare beauty moment. Use beauty photography with soft diffused lighting and glowing skin aesthetic featuring skin texture, dewiness, and radiant health creating skincare product appeal and beauty ideal. Feature glowing skin prominently with natural beauty visible. Shot with beauty lighting creating luminous glow. Avoid heavy makeup or matte skin finish.",4:5,Skincare Campaigns / Foundation Marketing / Glowing Skin
228,Dramatic Eye Makeup Editorial,"Eyeshadow campaigns, eye makeup art, beauty editorials","You are a beauty editorial photographer specializing in eye makeup focus and artistic beauty photography for eyeshadow brands and makeup artistry campaigns. Create a stunning photograph of dramatic eye makeup look with bold eyeshadow, precise liner, and perfect lashes with eye as primary focus and face providing beautiful canvas creating eye makeup campaign moment. Use beauty photography with focused lighting and editorial aesthetic featuring eye makeup artistry, color intensity, and precision application creating eyeshadow product appeal and makeup artistry admiration. Feature eye makeup prominently with details sharp. Shot with beauty lighting emphasizing eyes. Avoid poor makeup application or blurry details.",1:1,Eyeshadow Campaigns / Eye Makeup / Beauty Editorials
229,Natural Beauty No-Makeup Look,"Natural beauty campaigns, no-makeup makeup, skincare marketing","You are a natural beauty photographer specializing in no-makeup looks and authentic beauty photography for clean beauty brands and skincare companies. Create an authentic photograph of model with no-makeup makeup look featuring natural skin, subtle enhancement, and genuine beauty with soft natural setting creating natural beauty moment. Use beauty photography with natural window lighting and authentic aesthetic featuring real skin texture, minimal makeup, and natural beauty creating clean beauty appeal and authentic beauty positioning. Feature natural skin and beauty prominently. Shot with natural diffused light. Avoid heavy makeup or retouched perfection.",4:5,Natural Beauty / Clean Beauty / Skincare Marketing
230,Lash Focus Mascara Close-Up,"Mascara campaigns, lash products, eye beauty marketing","You are a beauty macro photographer specializing in lash photography and mascara campaigns for eye cosmetics brands and lash product companies. Create a detailed close-up photograph of eye with focus on beautifully applied mascara showing lash definition, length, volume, and curl with mascara results clearly visible creating mascara campaign moment. Use macro beauty photography with precise lighting and lash focus aesthetic featuring individual lash definition and mascara performance creating mascara product appeal and lash enhancement desire. Feature lashes prominently with mascara results clear. Shot with macro lens and ring light. Avoid clumpy mascara or poor lash visibility.",1:1,Mascara Campaigns / Lash Products / Eye Beauty
231,Flawless Foundation Complexion,"Foundation campaigns, base makeup, complexion products","You are a beauty photographer specializing in foundation and complexion photography for base makeup brands and foundation companies. Create a perfect photograph of model's face showing flawless foundation application with even complexion, natural finish, and healthy glow emphasizing foundation coverage and finish creating foundation campaign moment. Use beauty photography with even diffused lighting and complexion focus aesthetic featuring foundation finish, coverage, and natural skin appearance creating foundation product appeal and flawless complexion desire. Feature facial skin prominently with foundation visible. Shot with beauty lighting showing foundation finish. Avoid heavy retouching or cakey appearance.",4:5,Foundation Campaigns / Base Makeup / Complexion Products
232,Blush Glow Cheek Radiance,"Blush campaigns, cheek products, radiant beauty marketing","You are a beauty photographer specializing in cheek focus and blush product photography for cosmetics brands and cheek color companies. Create a glowing photograph of model with beautiful blush application showing natural flush, radiant glow on cheeks, and healthy color with cheek area as focus creating blush campaign moment. Use beauty photography with soft flattering lighting and cheek focus aesthetic featuring blush color, blendability, and natural glow creating blush product appeal and healthy radiance desire. Feature cheeks prominently with blush visible and natural. Shot with beauty lighting emphasizing cheek glow. Avoid harsh blush or unnatural placement.",1:1,Blush Campaigns / Cheek Products / Radiant Beauty
233,Highlighter Glow Luminous Skin,"Highlighter campaigns, glow products, luminous beauty","You are a beauty photographer specializing in highlighter and glow photography for illuminating cosmetics and highlighter brands. Create a luminous photograph of model with highlighter applied on high points of face showing radiant glow, light reflection, and dimensional illumination creating highlighter campaign moment. Use beauty photography with strategic lighting and glow aesthetic featuring highlighter finish, light-catching properties, and luminous skin creating highlighter product appeal and glowing beauty desire. Feature highlighter glow prominently on cheekbones and face. Shot with lighting creating highlighter sparkle. Avoid dull flat lighting or excessive glitter.",4:5,Highlighter Campaigns / Glow Products / Luminous Beauty
234,Nail Polish Manicure Beauty,"Nail polish campaigns, manicure marketing, hand beauty","You are a beauty and nail photographer specializing in nail polish and manicure photography for nail brands and nail care companies. Create an elegant photograph of beautifully manicured nails with nail polish color displayed prominently showing polish finish, nail shape, and hand positioning creating nail polish campaign moment. Use beauty photography with clean even lighting and nail focus aesthetic featuring polish color accuracy, shine or matte finish, and manicure quality creating nail polish appeal and manicure inspiration. Feature nails prominently with polish color true. Shot with lighting ensuring color accuracy. Avoid chipped polish or poor manicure quality.",1:1,Nail Polish Campaigns / Manicure Marketing / Nail Beauty
235,Bronzer Sunkissed Glow Beauty,"Bronzer campaigns, sunkissed beauty, summer makeup","You are a beauty photographer specializing in bronzer and sunkissed beauty photography for tanning cosmetics and bronzer brands. Create a warm photograph of model with bronzer applied showing sunkissed glow, natural warmth, and healthy bronze color with bronzed areas visible creating bronzer campaign moment. Use beauty photography with warm natural lighting and bronze aesthetic featuring bronzer finish, warm glow, and sunkissed appearance creating bronzer product appeal and summer beauty desire. Feature bronzed skin prominently with warmth visible. Shot with warm lighting enhancing bronze glow. Avoid muddy brown or unnatural orange tones.",4:5,Bronzer Campaigns / Sunkissed Beauty / Summer Makeup
236,Setting Spray Fresh Makeup Lock,"Setting spray campaigns, makeup finishing, long-wear products","You are a beauty action photographer specializing in makeup finishing products and setting spray photography for cosmetics brands. Create a dynamic photograph of setting spray being sprayed on model's face with fine mist visible, eyes closed, and fresh makeup look creating setting spray action moment. Use beauty photography with backlit mist and fresh aesthetic featuring spray mist particles and makeup freshness creating setting spray product appeal and makeup longevity promise. Feature spray mist and fresh face prominently. Shot with backlighting making mist visible. Avoid unclear mist or distorted face.",4:5,Setting Spray Campaigns / Finishing Products / Long-Wear Makeup
237,Beauty Blender Application Technique,"Makeup tools, applicator marketing, beauty technique content","You are a beauty tutorial photographer specializing in makeup application and tool photography for beauty tool brands and applicator companies. Create an instructional photograph of beauty blender or makeup sponge being used to apply foundation with application technique visible, product and tool both shown, and blending action captured creating makeup tool demonstration moment. Use beauty photography with bright even lighting and tutorial aesthetic featuring tool technique, product application, and blending process creating makeup tool appeal and application education. Feature tool and technique prominently. Shot with clear lighting showing application. Avoid unclear technique or hidden tool.",1:1,Makeup Tools / Beauty Applicators / Tutorial Content
238,Luxury Perfume Bottle Beauty Glamour,"Fragrance campaigns, perfume marketing, luxury beauty",You are a luxury beauty photographer specializing in fragrance and perfume bottle photography for high-end perfume brands and fragrance houses. Create an elegant photograph of luxury perfume bottle with beautiful model partially visible in soft focus behind or beside bottle with perfume as hero and beauty providing feminine context creating perfume campaign moment. Use beauty photography with soft romantic lighting and luxury aesthetic featuring perfume bottle design and feminine beauty creating fragrance desirability and luxury perfume appeal. Feature perfume bottle prominently with beauty context. Shot with soft lighting creating romance. Avoid cheap bottle appearance or unflattering beauty.,4:5,Fragrance Campaigns / Perfume Marketing / Luxury Beauty
239,Facial Mist Refreshing Beauty,"Facial mist campaigns, refreshing beauty, skincare sprays","You are a beauty refresh photographer specializing in facial mist and refreshing beauty photography for skincare mist brands and beauty spray companies. Create a refreshing photograph of facial mist being sprayed on model's face with cooling mist visible, refreshed expression, and hydration suggested creating facial mist moment. Use beauty photography with soft lighting and refreshing aesthetic featuring mist particles, fresh skin, and cooling relief creating facial mist appeal and refreshment desire. Feature mist and refreshed face prominently. Shot with lighting showing mist droplets. Avoid drenched face or unclear mist.",4:5,Facial Mist Campaigns / Refreshing Beauty / Skincare Sprays
240,Eyebrow Product Defined Brows,"Eyebrow products, brow beauty, facial definition marketing","You are a beauty detail photographer specializing in eyebrow focus and brow product photography for eyebrow cosmetics and brow tool brands. Create a detailed photograph of beautifully shaped and filled eyebrows with brow product visible showing definition, shape, and natural hair creating eyebrow product campaign moment. Use beauty photography with focused lighting and brow emphasis aesthetic featuring eyebrow shape, product finish, and facial framing creating brow product appeal and eyebrow beauty desire. Feature eyebrows prominently with product results visible. Shot with lighting emphasizing brow definition. Avoid sparse brows or poor product application.",1:1,Eyebrow Products / Brow Beauty / Facial Definition
241,Lip Gloss Shine Glossy Beauty,"Lip gloss campaigns, glossy lips, shine beauty products","You are a beauty shine photographer specializing in lip gloss and glossy beauty photography for lip shine products and gloss brands. Create a lustrous photograph of lips wearing lip gloss with maximum shine, light reflection, and glossy finish visible emphasizing gloss effect creating lip gloss campaign moment. Use beauty photography with strategic lighting and shine aesthetic featuring lip gloss shine, reflection, and plumping effect creating lip gloss appeal and glossy lip desire. Feature glossy lips prominently with shine visible. Shot with lighting creating maximum shine reflection. Avoid flat matte appearance or lack of shine.",1:1,Lip Gloss Campaigns / Glossy Beauty / Shine Products
242,Face Mask Self-Care Beauty,"Face mask campaigns, skincare rituals, self-care marketing","You are a beauty wellness photographer specializing in face masks and self-care beauty photography for skincare mask brands and spa product companies. Create a relaxing photograph of model wearing face mask with peaceful expression, spa setting, and self-care atmosphere suggesting pampering ritual creating face mask moment. Use beauty photography with soft calming lighting and spa aesthetic featuring face mask application, relaxation mood, and self-care indulgence creating face mask appeal and skincare ritual desire. Feature face mask and peaceful moment prominently. Shot with soft lighting creating calm. Avoid messy application or stressed appearance.",4:5,Face Mask Campaigns / Skincare Rituals / Self-Care Beauty
243,Bold Graphic Eyeliner Art,"Eyeliner campaigns, graphic eye looks, makeup artistry","You are a beauty artistry photographer specializing in graphic liner and bold eye makeup photography for eyeliner brands and makeup art campaigns. Create a striking photograph of bold graphic eyeliner look with creative line work, precise application, and artistic eye design creating eyeliner artistry moment. Use beauty photography with focused clean lighting and makeup art aesthetic featuring eyeliner precision, creative design, and bold graphic appeal creating eyeliner product fascination and makeup artistry inspiration. Feature eyeliner art prominently with design sharp. Shot with lighting emphasizing liner details. Avoid blurry lines or smudged application.",1:1,Eyeliner Campaigns / Graphic Eye Looks / Makeup Artistry
244,Powder Product Brush Application,"Powder products, setting powder, translucent powder marketing","You are a beauty product photographer specializing in powder cosmetics and application photography for powder product brands and setting powder companies. Create a soft photograph of powder product being applied with fluffy brush showing powder application technique, soft diffused effect, and setting process creating powder product moment. Use beauty photography with soft even lighting and powder aesthetic featuring powder texture, brush application, and setting finish creating powder product appeal and flawless setting desire. Feature powder application and brush prominently. Shot with soft lighting showing powder diffusion. Avoid cakey appearance or heavy powder.",4:5,Powder Products / Setting Powder / Application Marketing
245,Clean Beauty Natural Products,"Clean beauty campaigns, natural cosmetics, eco-beauty marketing","You are a clean beauty photographer specializing in natural cosmetics and eco-beauty photography for clean beauty brands and organic cosmetics companies. Create an authentic photograph of clean beauty products with natural ingredients visible, minimal packaging, and organic aesthetic emphasizing brand values creating clean beauty moment. Use beauty photography with natural bright lighting and organic aesthetic featuring natural ingredients, clean formulations, and eco-conscious packaging creating clean beauty appeal and natural cosmetics desire. Feature products with natural elements together. Shot with natural lighting emphasizing purity. Avoid synthetic or artificial appearance.",4:5,Clean Beauty / Natural Cosmetics / Eco-Beauty Marketing
246,Serum Drop Concentrated Formula,"Serum campaigns, concentrated skincare, potent formulas","You are a skincare product photographer specializing in serum and concentrated formula photography for premium skincare brands and treatment product companies. Create a precise photograph of serum dropper releasing single perfect drop of serum with bottle visible, drop suspended mid-air or landing on skin, and formula concentration visible creating serum precision moment. Use product photography with clean lighting and serum focus aesthetic featuring drop clarity, formula texture, and concentrated potency creating serum product appeal and treatment effectiveness promise. Feature serum drop and bottle prominently. Shot with fast shutter freezing drop perfectly. Avoid blurry drops or unclear formula.",1:1,Serum Campaigns / Concentrated Skincare / Treatment Products
247,Moisturizer Texture Cream Smoothness,"Moisturizer campaigns, cream textures, hydration products","You are a skincare texture photographer specializing in cream and moisturizer photography for hydration product brands and facial cream companies. Create an appealing photograph of moisturizer cream showing texture, smoothness, and luxurious consistency with cream swirl, dollop, or application visible creating moisturizer texture moment. Use product photography with soft lighting and texture emphasis aesthetic featuring cream texture, richness, and smooth application creating moisturizer appeal and hydration promise. Feature cream texture prominently with consistency visible. Shot with lighting showing texture details. Avoid flat or unappealing cream appearance.",1:1,Moisturizer Campaigns / Cream Textures / Hydration Products
248,Facial Cleanser Foam Purity,"Cleanser campaigns, foaming products, facial cleansing marketing","You are a skincare cleansing photographer specializing in cleanser and foam photography for facial cleansing brands and purifying product companies. Create a fresh photograph of facial cleanser creating rich foam in hands or on face with lather visible, cleansing action suggested, and purity communicated creating cleanser moment. Use skincare photography with bright clean lighting and cleansing aesthetic featuring foam richness, cleansing power, and fresh purity creating cleanser appeal and facial cleansing desire. Feature foam and cleansing action prominently. Shot with bright lighting emphasizing freshness. Avoid flat product or unclear foam.",4:5,Cleanser Campaigns / Foaming Products / Facial Cleansing
249,Eye Cream Delicate Care,"Eye cream campaigns, under-eye care, delicate skin products","You are a skincare specialty photographer specializing in eye cream and delicate care photography for eye area skincare brands and anti-aging companies. Create a gentle photograph of eye cream being applied to under-eye area with fingertip visible, delicate dabbing technique shown, and eye area focus creating eye cream application moment. Use beauty photography with soft lighting and eye area focus aesthetic featuring eye cream texture, gentle application, and under-eye care creating eye cream appeal and delicate area treatment trust. Feature eye area and application prominently. Shot with soft lighting flattering eye area. Avoid harsh lighting showing imperfections.",1:1,Eye Cream Campaigns / Under-Eye Care / Delicate Skin Products
250,Sheet Mask Relaxation Ritual,"Sheet mask campaigns, skincare rituals, spa-at-home marketing","You are a skincare ritual photographer specializing in sheet masks and spa-at-home photography for sheet mask brands and facial treatment companies. Create a calming photograph of model wearing sheet mask with relaxed peaceful expression, spa-like setting, and self-care atmosphere creating sheet mask ritual moment. Use wellness photography with soft spa lighting and relaxation aesthetic featuring sheet mask application, peaceful moment, and skincare ritual creating sheet mask appeal and self-care pampering desire. Feature sheet mask and relaxation prominently. Shot with soft calming lighting. Avoid messy application or uncomfortable appearance.",4:5,Sheet Mask Campaigns / Skincare Rituals / Spa-At-Home
251,Vitamin C Serum Brightening Glow,"Vitamin C campaigns, brightening products, radiance serums","You are a skincare benefits photographer specializing in brightening and glow photography for vitamin C brands and radiance serum companies. Create a glowing photograph of model with radiant brightened skin after using vitamin C serum with visible luminosity, even tone, and healthy glow creating vitamin C results moment. Use beauty photography with bright flattering lighting and glow aesthetic featuring skin radiance, brightness, and vitamin C benefits creating vitamin C serum appeal and brightening transformation desire. Feature glowing skin prominently showing results. Shot with lighting enhancing glow and radiance. Avoid dull or uneven skin appearance.",4:5,Vitamin C Campaigns / Brightening Products / Radiance Serums
252,Retinol Anti-Aging Power,"Retinol campaigns, anti-aging products, skin renewal marketing","You are a skincare transformation photographer specializing in anti-aging and retinol photography for age-defying brands and retinol product companies. Create a sophisticated photograph emphasizing smooth youthful skin, reduced lines, and age-defying results suggesting retinol effectiveness creating anti-aging moment. Use beauty photography with flattering lighting and age-positive aesthetic featuring smooth skin texture, refined appearance, and youthful radiance creating retinol product appeal and anti-aging effectiveness promise. Feature skin quality prominently showing smooth texture. Shot with beauty lighting minimizing while not hiding natural skin. Avoid excessive retouching or unrealistic perfection.",4:5,Retinol Campaigns / Anti-Aging Products / Skin Renewal
253,Hyaluronic Acid Plump Hydration,"Hyaluronic acid campaigns, plumping products, intense hydration","You are a skincare hydration photographer specializing in plumping and moisture photography for hyaluronic acid brands and hydration product companies. Create a dewy photograph of skin showing plump hydrated appearance, moisture bounce, and hyaluronic acid benefits with dewy glow visible creating hydration results moment. Use beauty photography with luminous lighting and hydration aesthetic featuring plump skin, moisture glow, and hydrated appearance creating hyaluronic acid appeal and intense hydration promise. Feature dewy plump skin prominently. Shot with lighting emphasizing moisture and dewiness. Avoid dry or flat skin appearance.",4:5,Hyaluronic Acid Campaigns / Plumping Products / Intense Hydration
254,Sunscreen Protection Essential,"Sunscreen campaigns, SPF products, sun protection marketing","You are a skincare protection photographer specializing in sunscreen and SPF photography for sun protection brands and daily defense product companies. Create a healthy photograph emphasizing sun-protected skin with sunscreen application visible or suggested, outdoor setting with sunlight, and protection message clear creating sunscreen moment. Use lifestyle photography with natural sunlight and protection aesthetic featuring sunscreen application, outdoor lifestyle, and sun safety creating sunscreen appeal and daily SPF commitment desire. Feature sunscreen use in natural sunny context. Shot with natural sunlight creating sun protection relevance. Avoid indoor settings or nighttime.",4:5,Sunscreen Campaigns / SPF Products / Sun Protection
255,Exfoliator Smooth Renewal,"Exfoliator campaigns, skin renewal, texture smoothing products","You are a skincare renewal photographer specializing in exfoliation and texture photography for exfoliating brands and skin smoothing product companies. Create a fresh photograph showing exfoliator product texture, gentle exfoliating action, or smooth refined skin results creating exfoliation moment. Use product photography with bright clean lighting and renewal aesthetic featuring exfoliator texture, gentle renewal action, and smooth skin results creating exfoliator appeal and skin texture improvement promise. Feature exfoliator and smooth skin results. Shot with lighting emphasizing texture and smoothness. Avoid harsh scrubbing or irritated skin appearance.",1:1,Exfoliator Campaigns / Skin Renewal / Texture Smoothing
256,Toner Balancing Refresh,"Toner campaigns, skin balancing, pH restoration products","You are a skincare prep photographer specializing in toner and balancing photography for toner brands and skin prep product companies. Create a refreshing photograph of toner being applied with cotton pad, spray mist, or hands with fresh balanced skin suggested creating toner application moment. Use skincare photography with bright fresh lighting and balancing aesthetic featuring toner application, skin refresh, and balanced complexion creating toner appeal and skin preparation desire. Feature toner application prominently. Shot with bright clean lighting emphasizing freshness. Avoid dull or irritated skin appearance.",4:5,Toner Campaigns / Skin Balancing / pH Restoration
257,Facial Oil Nourishing Luxury,"Facial oil campaigns, nourishing skincare, luxury oil products","You are a skincare luxury photographer specializing in facial oils and nourishing product photography for premium oil brands and luxury skincare companies. Create a luxurious photograph of facial oil showing golden oil texture, rich nourishment, and luxury feel with oil drop, bottle, or application visible creating facial oil moment. Use product photography with warm glowing lighting and luxury aesthetic featuring oil richness, golden color, and nourishing quality creating facial oil appeal and luxury skincare desire. Feature facial oil texture and luxury prominently. Shot with lighting creating golden glow. Avoid greasy or heavy oil appearance.",1:1,Facial Oil Campaigns / Nourishing Skincare / Luxury Oils
258,Acne Treatment Clear Skin,"Acne treatment campaigns, spot treatments, clear skin products","You are a skincare solution photographer specializing in acne treatment and problem-solving photography for acne brands and blemish treatment companies. Create a hopeful photograph emphasizing clear improving skin, spot treatment application, or acne solution effectiveness creating acne treatment moment. Use beauty photography with clean flattering lighting and solution aesthetic featuring skin improvement, treatment application, and clear skin promise creating acne treatment appeal and clear skin hope. Feature treatment and improving skin prominently. Shot with flattering lighting showing skin honestly. Avoid harsh lighting emphasizing blemishes or unrealistic overnight clearing.",4:5,Acne Treatment Campaigns / Spot Treatments / Clear Skin
259,Night Cream Deep Repair,"Night cream campaigns, overnight repair, deep treatment products","You are a skincare overnight photographer specializing in night cream and repair photography for nighttime skincare brands and restorative product companies. Create a peaceful photograph of night cream with nighttime setting, bedtime ritual suggested, and deep repair communicated creating night cream moment. Use lifestyle photography with soft evening lighting and nighttime aesthetic featuring night cream texture, bedtime ritual, and overnight repair promise creating night cream appeal and restorative sleep skincare desire. Feature night cream in evening context. Shot with soft nighttime lighting. Avoid bright daytime settings or morning context.",4:5,Night Cream Campaigns / Overnight Repair / Deep Treatment
260,Natural Ingredients Botanical Skincare,"Natural skincare campaigns, botanical ingredients, organic beauty","You are a natural skincare photographer specializing in botanical ingredients and organic beauty photography for natural skincare brands and plant-based product companies. Create an organic photograph of skincare products with fresh botanical ingredients visible like aloe, flowers, herbs, or natural elements emphasizing natural formulation creating botanical skincare moment. Use product photography with natural bright lighting and organic aesthetic featuring fresh ingredients, natural formulations, and botanical sources creating natural skincare appeal and ingredient transparency trust. Feature products with fresh botanicals together. Shot with natural lighting emphasizing organic nature. Avoid synthetic or artificial appearance.",4:5,Natural Skincare / Botanical Ingredients / Organic Beauty
261,Dermatologist-Tested Clinical Trust,"Clinical skincare, dermatologist brands, medical-grade products","You are a clinical skincare photographer specializing in dermatologist-approved and medical-grade photography for clinical skincare brands and dermatology-backed companies. Create a trustworthy photograph emphasizing clinical skincare products with clean medical aesthetic, professional trust signals, and dermatologist endorsement communicated creating clinical skincare moment. Use product photography with clean professional lighting and medical aesthetic featuring clinical packaging, professional quality, and dermatologist trust creating clinical skincare appeal and medical-grade confidence. Feature clinical products with professional context. Shot with clean bright lighting creating medical trust. Avoid spa-like or overly decorative styling.",1:1,Clinical Skincare / Dermatologist Brands / Medical-Grade
262,Lip Balm Soft Nourished Lips,"Lip balm campaigns, lip care, moisture products","You are a lip care photographer specializing in lip balm and lip nourishment photography for lip care brands and moisture product companies. Create a soft photograph of beautifully moisturized lips with lip balm visible, soft smooth lip texture, and nourished appearance creating lip balm moment. Use beauty photography with soft lighting and lip care aesthetic featuring soft lips, moisture sheen, and nourished lip health creating lip balm appeal and lip care desire. Feature lips and lip balm prominently. Shot with soft lighting emphasizing lip softness. Avoid chapped or dry lip appearance.",1:1,Lip Balm Campaigns / Lip Care / Moisture Products
263,Body Lotion Silky Skin,"Body lotion campaigns, body care, skin hydration","You are a body care photographer specializing in body lotion and skin care photography for body product brands and hydration companies. Create a luxurious photograph of body lotion being applied to skin showing smooth application, silky skin texture, and hydration absorption creating body lotion moment. Use lifestyle photography with soft natural lighting and body care aesthetic featuring lotion texture, smooth application, and silky skin results creating body lotion appeal and full-body hydration desire. Feature body skin and lotion application prominently. Shot with lighting emphasizing skin smoothness. Avoid dry or rough skin appearance.",4:5,Body Lotion Campaigns / Body Care / Skin Hydration
264,Face Mist Hydrating Spray,"Face mist campaigns, refreshing sprays, hydration mists","You are a hydration photographer specializing in face mist and spray photography for mist brands and hydrating spray companies. Create a refreshing photograph of face mist spray creating fine cooling mist with mist particles visible, refreshed expression, and hydration delivery shown creating face mist moment. Use product photography with backlit mist and refreshing aesthetic featuring mist fineness, cooling refresh, and instant hydration creating face mist appeal and refreshing hydration desire. Feature mist spray and refreshed face. Shot with backlighting making mist visible. Avoid heavy wet appearance or unclear mist.",4:5,Face Mist Campaigns / Refreshing Sprays / Hydration Mists
265,Peptide Serum Age-Defying Science,"Peptide campaigns, scientific skincare, age-defying formulas","You are a scientific skincare photographer specializing in peptide serums and advanced formula photography for science-backed brands and age-defying product companies. Create a sophisticated photograph emphasizing peptide serum with scientific aesthetic, advanced formula suggestion, and age-defying benefits communicated creating peptide serum moment. Use product photography with clean modern lighting and scientific aesthetic featuring serum clarity, advanced science, and anti-aging technology creating peptide serum appeal and scientific effectiveness trust. Feature serum with scientific context. Shot with clean clinical lighting. Avoid spa-like or non-scientific styling.",1:1,Peptide Campaigns / Scientific Skincare / Age-Defying Formulas
266,Gentle Skincare Sensitive Skin,"Sensitive skin campaigns, gentle products, hypoallergenic skincare","You are a sensitive skin photographer specializing in gentle skincare and hypoallergenic product photography for sensitive skin brands and gentle formulation companies. Create a soothing photograph emphasizing gentle skincare products with calming aesthetic, sensitive skin care communicated, and gentleness visible creating sensitive skincare moment. Use product photography with soft calming lighting and gentle aesthetic featuring mild formulations, soothing ingredients, and sensitive skin trust creating gentle skincare appeal and sensitive skin confidence. Feature gentle products with calming context. Shot with soft lighting creating calmness. Avoid harsh or aggressive product presentation.",4:5,Sensitive Skin Campaigns / Gentle Products / Hypoallergenic Skincare
267,Pore Minimizing Treatment,"Pore treatment campaigns, skin refining, texture improvement","You are a skin texture photographer specializing in pore treatment and refining photography for pore minimizing brands and texture improvement companies. Create a refined photograph emphasizing smooth refined skin with minimized pores, improved texture, and pore treatment results visible creating pore minimizing moment. Use beauty photography with soft focus lighting and texture emphasis aesthetic featuring refined skin, smooth pores, and improved texture creating pore treatment appeal and skin refinement desire. Feature refined skin texture prominently. Shot with lighting showing smooth texture. Avoid extreme close-ups emphasizing pores or harsh lighting.",1:1,Pore Treatment Campaigns / Skin Refining / Texture Improvement
268,Dark Spot Corrector Even Tone,"Dark spot campaigns, pigmentation treatment, tone evening","You are a skin tone photographer specializing in dark spot correction and pigmentation photography for brightening brands and tone-evening product companies. Create a hopeful photograph emphasizing even skin tone, fading dark spots, and pigmentation improvement with treatment results visible or suggested creating dark spot corrector moment. Use beauty photography with even flattering lighting and correction aesthetic featuring improved skin tone, reduced pigmentation, and even complexion creating dark spot treatment appeal and tone-evening hope. Feature improving skin tone prominently. Shot with even lighting showing skin honestly. Avoid excessive retouching or unrealistic instant results.",4:5,Dark Spot Campaigns / Pigmentation Treatment / Tone Evening
269,Collagen Boosting Firm Skin,"Collagen campaigns, firming products, skin plumping","You are a skin firming photographer specializing in collagen and firming photography for anti-aging brands and skin plumping companies. Create a youthful photograph emphasizing firm plump skin, lifted appearance, and collagen-boosted results with skin firmness visible creating collagen moment. Use beauty photography with flattering lighting and firming aesthetic featuring firm skin, youthful bounce, and lifted appearance creating collagen product appeal and firming transformation desire. Feature firm skin prominently showing bounce. Shot with lighting emphasizing skin firmness. Avoid sagging or loose skin emphasis.",4:5,Collagen Campaigns / Firming Products / Skin Plumping
270,Oil-Free Matte Finish,"Oil-free campaigns, matte products, shine control","You are an oil-control photographer specializing in matte finish and shine control photography for oil-free product brands and mattifying companies. Create a fresh photograph emphasizing matte skin finish, controlled shine, and oil-free appearance with shine-free complexion visible creating oil-control moment. Use beauty photography with clean lighting and matte aesthetic featuring shine-free skin, matte finish, and oil control creating oil-free product appeal and shine control desire. Feature matte skin prominently without shine. Shot with lighting that doesn't create excess shine. Avoid dewy or shiny skin appearance.",4:5,Oil-Free Campaigns / Matte Products / Shine Control
271,Diamond Ring Engagement Sparkle,"Engagement rings, diamond jewelry, bridal marketing","You are a fine jewelry photographer specializing in diamond rings and engagement jewelry for luxury jewelers and bridal retailers. Create a sparkling photograph of diamond engagement ring with brilliant diamond catching light showing fire, brilliance, and sparkle with ring positioned to maximize light refraction creating engagement ring moment. Use jewelry photography with focused dramatic lighting and diamond emphasis aesthetic featuring diamond brilliance, cut quality, and light performance creating engagement ring appeal and bridal proposal desire. Feature diamond sparkle prominently with ring design visible. Shot with jewelry lighting creating maximum sparkle. Avoid dull diamonds or poor light interaction.",1:1,Engagement Rings / Diamond Jewelry / Bridal Marketing
272,Luxury Watch Wrist Lifestyle,"Watch campaigns, wrist shots, lifestyle luxury","You are a watch lifestyle photographer specializing in wrist photography and luxury timepiece campaigns for watch brands and luxury lifestyle marketing. Create a sophisticated photograph of luxury watch worn on wrist with watch clearly visible, lifestyle context softly suggested, and affluent lifestyle communicated creating watch lifestyle moment. Use lifestyle photography with natural sophisticated lighting and luxury aesthetic featuring watch design, wrist placement, and lifestyle context creating watch appeal and aspirational luxury desire. Feature watch on wrist prominently with lifestyle context. Shot with lighting showing watch details. Avoid poor watch visibility or distracting backgrounds.",16:9,Watch Campaigns / Wrist Shots / Lifestyle Luxury
273,Pearl Necklace Classic Elegance,"Pearl jewelry, classic accessories, timeless elegance","You are a classic jewelry photographer specializing in pearls and timeless jewelry photography for pearl brands and classic jewelers. Create an elegant photograph of pearl necklace with lustrous pearls visible showing natural iridescence, graduated size, and classic elegance with necklace beautifully displayed creating pearl jewelry moment. Use jewelry photography with soft even lighting and classic aesthetic featuring pearl lustre, size graduation, and timeless appeal creating pearl jewelry desirability and classic elegance desire. Feature pearl necklace prominently showing lustre. Shot with lighting emphasizing pearl quality. Avoid dull pearls or poor lustre representation.",4:5,Pearl Jewelry / Classic Accessories / Timeless Elegance
274,Gold Chain Delicate Layering,"Chain necklaces, layering jewelry, everyday luxury","You are a contemporary jewelry photographer specializing in chain necklaces and layering jewelry for modern jewelers and everyday luxury brands. Create a stylish photograph of delicate gold chains layered on neck showing layering technique, chain details, and modern styling creating chain layering moment. Use jewelry photography with soft natural lighting and contemporary aesthetic featuring chain delicacy, layering style, and gold quality creating chain jewelry appeal and layering inspiration. Feature layered chains prominently on neck. Shot with lighting showing gold shine and chain detail. Avoid tangled chains or poor layering visibility.",1:1,Chain Necklaces / Layering Jewelry / Everyday Luxury
275,Statement Earrings Bold Fashion,"Statement jewelry, fashion earrings, bold accessories","You are a fashion jewelry photographer specializing in statement earrings and bold accessory photography for fashion jewelry brands and contemporary designers. Create a striking photograph of statement earrings worn on model with earrings as focal point, face providing context, and bold design visible creating statement earring moment. Use jewelry photography with clean dramatic lighting and fashion aesthetic featuring earring design, size, and statement impact creating statement jewelry appeal and bold accessory desire. Feature earrings prominently with face supporting. Shot with lighting emphasizing earring design. Avoid hidden earrings or distracting styling.",4:5,Statement Jewelry / Fashion Earrings / Bold Accessories
276,Vintage Watch Face Details,"Vintage watches, collector pieces, horological heritage","You are a horological photographer specializing in vintage watches and collector timepiece photography for watch collectors and heritage brands. Create a detailed photograph of vintage watch face showing patina, aged dial, vintage hands, and horological details creating vintage watch appreciation moment. Use macro photography with dramatic lighting and vintage aesthetic featuring watch aging, dial details, and collector appeal creating vintage watch fascination and horological heritage value. Feature vintage watch dial prominently with age character visible. Shot with dramatic lighting showing details and patina. Avoid overly restored or fake vintage appearance.",1:1,Vintage Watches / Collector Pieces / Horological Heritage
277,Rose Gold Bracelet Feminine Luxury,"Bracelet jewelry, rose gold pieces, feminine accessories","You are a feminine jewelry photographer specializing in bracelets and rose gold jewelry for women's accessory brands and luxury jewelers. Create a beautiful photograph of rose gold bracelet on wrist with feminine styling, rose gold finish visible, and delicate beauty emphasized creating bracelet jewelry moment. Use jewelry photography with warm soft lighting and feminine aesthetic featuring rose gold warmth, bracelet design, and wrist elegance creating bracelet appeal and feminine luxury desire. Feature rose gold bracelet prominently on wrist. Shot with warm lighting emphasizing rose gold tone. Avoid yellow or white gold appearance.",1:1,Bracelet Jewelry / Rose Gold Pieces / Feminine Accessories
278,Sapphire Gemstone Luxury Color,"Colored gemstones, sapphire jewelry, luxury gem marketing","You are a gemstone photographer specializing in colored stones and sapphire photography for fine jewelers and gemstone specialists. Create a rich photograph of sapphire jewelry with deep blue gemstone as focus showing color saturation, clarity, and gemstone beauty creating sapphire moment. Use jewelry photography with controlled lighting and gemstone aesthetic featuring sapphire color, brilliance, and quality creating sapphire jewelry appeal and colored gemstone desire. Feature sapphire prominently with color accurate. Shot with gemstone lighting showing color and clarity. Avoid poor color representation or cloudy stones.",1:1,Colored Gemstones / Sapphire Jewelry / Luxury Gems
279,Men's Signet Ring Heritage,"Men's rings, signet jewelry, heritage pieces","You are a men's jewelry photographer specializing in signet rings and masculine jewelry for men's accessory brands and heritage jewelers. Create a masculine photograph of men's signet ring on male hand with ring design visible, masculine styling, and heritage quality communicated creating signet ring moment. Use jewelry photography with dramatic lighting and masculine aesthetic featuring ring engraving, metal quality, and masculine elegance creating signet ring appeal and heritage jewelry desire. Feature signet ring prominently on masculine hand. Shot with dramatic lighting showing ring details. Avoid feminine styling or delicate appearance.",1:1,Men's Rings / Signet Jewelry / Heritage Pieces
280,Tennis Bracelet Classic Diamond,"Diamond bracelets, tennis jewelry, classic luxury","You are a classic luxury photographer specializing in diamond tennis bracelets and line jewelry for high-end jewelers and diamond specialists. Create an elegant photograph of diamond tennis bracelet with continuous line of diamonds visible showing sparkle, quality, and classic elegance creating tennis bracelet moment. Use jewelry photography with bright jewelry lighting and classic aesthetic featuring diamond line, sparkle, and timeless design creating tennis bracelet appeal and classic diamond desire. Feature tennis bracelet prominently showing all diamonds. Shot with jewelry lighting creating maximum sparkle. Avoid dull diamonds or broken line appearance.",4:5,Diamond Bracelets / Tennis Jewelry / Classic Luxury
281,Charm Bracelet Personal Story,"Charm jewelry, personalized pieces, storytelling accessories","You are a personalized jewelry photographer specializing in charm bracelets and meaningful jewelry for personalization brands and charm specialists. Create a meaningful photograph of charm bracelet with multiple charms visible showing variety, personal meaning, and collected memories creating charm bracelet storytelling moment. Use jewelry photography with soft lighting and personal aesthetic featuring individual charms, bracelet composition, and storytelling appeal creating charm bracelet desire and personal jewelry connection. Feature charm bracelet with charms clearly visible. Shot with lighting showing all charm details. Avoid cluttered or unclear charm visibility.",1:1,Charm Jewelry / Personalized Pieces / Storytelling Accessories
282,Smart Watch Tech Lifestyle,"Smart watches, tech accessories, connected lifestyle","You are a tech lifestyle photographer specializing in smartwatches and connected device photography for tech brands and wearable companies. Create a modern photograph of smartwatch on wrist with active screen showing interface, tech features visible, and connected lifestyle communicated creating smartwatch moment. Use tech photography with clean modern lighting and digital aesthetic featuring screen clarity, watch design, and tech functionality creating smartwatch appeal and connected lifestyle desire. Feature smartwatch with active screen prominently. Shot with lighting showing screen and device. Avoid dark screens or poor interface visibility.",16:9,Smart Watches / Tech Accessories / Connected Lifestyle
283,Hoop Earrings Bold Simplicity,"Hoop jewelry, everyday earrings, classic style","You are a contemporary jewelry photographer specializing in hoop earrings and everyday jewelry for accessible luxury brands and fashion jewelers. Create a stylish photograph of hoop earrings worn on model with hoops as focus, simple elegant design visible, and everyday luxury communicated creating hoop earring moment. Use jewelry photography with clean natural lighting and contemporary aesthetic featuring hoop design, size, and versatile style creating hoop earring appeal and everyday luxury desire. Feature hoop earrings prominently on ear. Shot with lighting showing hoop shine and shape. Avoid hidden hoops or poor shape visibility.",1:1,Hoop Jewelry / Everyday Earrings / Classic Style
284,Emerald Ring Vibrant Luxury,"Emerald jewelry, colored stone rings, luxury gemstones","You are a colored gemstone photographer specializing in emerald jewelry and vibrant stone photography for luxury jewelers and gemstone specialists. Create a rich photograph of emerald ring with vibrant green gemstone as hero showing color intensity, clarity, and luxury quality creating emerald jewelry moment. Use jewelry photography with controlled gemstone lighting and color aesthetic featuring emerald green, brilliance, and precious quality creating emerald ring appeal and colored gemstone desire. Feature emerald prominently with accurate green color. Shot with lighting showing emerald color and clarity. Avoid pale or muddy emerald appearance.",1:1,Emerald Jewelry / Colored Stone Rings / Luxury Gemstones
285,Ankle Bracelet Beach Lifestyle,"Ankle jewelry, beach accessories, summer jewelry","You are a lifestyle jewelry photographer specializing in ankle bracelets and beach jewelry for summer accessory brands and resort jewelry companies. Create a carefree photograph of ankle bracelet on foot in beach or summer setting with sand, water, or summer elements visible creating ankle bracelet beach moment. Use lifestyle photography with natural bright sunlight and beach aesthetic featuring ankle bracelet design, beach lifestyle, and summer freedom creating ankle jewelry appeal and beach accessory desire. Feature ankle bracelet on foot with beach context. Shot with natural sunlight creating summer mood. Avoid winter settings or dark lighting.",4:5,Ankle Jewelry / Beach Accessories / Summer Jewelry
286,Burger Gourmet Close-Up Layers,"Restaurant marketing, burger campaigns, food menu photography","You are a food photographer specializing in burger photography and gourmet fast food for restaurants and food brands. Create a mouth-watering close-up photograph of gourmet burger with all layers visible showing melted cheese, juicy patty, fresh vegetables, and toasted bun creating burger hero moment. Use food photography with dramatic side lighting and burger aesthetic featuring layers, textures, and appetizing appeal creating burger craving and restaurant desire. Feature burger prominently with visible layers and textures. Shot with lighting emphasizing burger appeal and moisture. Avoid dry burger or unappetizing presentation.",1:1,Restaurant Marketing / Burger Campaigns / Food Menus
287,Pizza Slice Cheese Pull Action,"Pizza marketing, Italian restaurant, cheese appeal","You are a pizza photographer specializing in cheese pull and slice photography for pizzerias and Italian restaurants. Create a dynamic photograph of pizza slice being lifted with stretchy melted cheese pulling creating iconic cheese pull moment showing pizza toppings and crust. Use food photography with warm lighting and pizza aesthetic featuring cheese stretch, toppings, and delicious appeal creating pizza craving and pizzeria desire. Feature cheese pull prominently with pizza visible. Shot with fast shutter capturing cheese stretch. Avoid broken cheese or poor pull visibility.",4:5,Pizza Marketing / Italian Restaurant / Cheese Appeal
288,Fresh Sushi Platter Japanese Cuisine,"Sushi restaurant, Japanese dining, seafood marketing","You are a Japanese food photographer specializing in sushi and authentic Japanese cuisine photography for sushi restaurants and Asian dining establishments. Create a beautiful photograph of fresh sushi platter with variety of nigiri, rolls, and sashimi arranged artistically showing freshness, colors, and Japanese presentation creating sushi dining moment. Use food photography with clean bright lighting and Japanese aesthetic featuring fish quality, rice perfection, and artistic arrangement creating sushi appeal and Japanese dining desire. Feature sushi platter with variety visible and fresh appearance. Shot with bright clean lighting showing fish freshness. Avoid warm-toned or dull fish appearance.",4:5,Sushi Restaurant / Japanese Dining / Seafood Marketing
289,Pasta Bowl Italian Rustic,"Italian restaurant, pasta dishes, comfort food marketing","You are an Italian food photographer specializing in pasta and rustic Italian cuisine for Italian restaurants and Mediterranean dining. Create a comforting photograph of pasta bowl with rich sauce, fresh herbs, and rustic presentation showing Italian authenticity and comfort creating pasta dining moment. Use food photography with warm natural lighting and rustic aesthetic featuring pasta texture, sauce richness, and Italian character creating pasta appeal and Italian dining desire. Feature pasta bowl prominently with appetizing presentation. Shot with warm lighting creating comfort mood. Avoid dry pasta or unappealing sauce.",1:1,Italian Restaurant / Pasta Dishes / Comfort Food
290,Steak Grill Marks Juicy Meat,"Steakhouse marketing, meat photography, upscale dining","You are a meat photographer specializing in steak and upscale protein photography for steakhouses and fine dining restaurants. Create a premium photograph of perfectly grilled steak with beautiful grill marks, juicy interior visible if sliced, and restaurant-quality plating creating steakhouse moment. Use food photography with dramatic directional lighting and premium aesthetic featuring steak doneness, grill marks, and quality creating steak craving and steakhouse dining desire. Feature steak prominently with grill marks and quality visible. Shot with lighting emphasizing meat texture and moisture. Avoid grey overcooked or raw appearance.",16:9,Steakhouse Marketing / Meat Photography / Upscale Dining
291,Dessert Cake Slice Indulgent,"Bakery marketing, dessert menu, sweet treats","You are a dessert photographer specializing in cakes and indulgent sweets for bakeries and dessert restaurants. Create a tempting photograph of cake slice with layers visible, frosting detail shown, and indulgent appearance emphasized creating dessert temptation moment. Use food photography with soft flattering lighting and dessert aesthetic featuring cake layers, frosting texture, and sweet indulgence creating dessert craving and bakery appeal. Feature cake slice prominently with layers and frosting visible. Shot with lighting emphasizing dessert appeal. Avoid dry cake or unappetizing frosting.",4:5,Bakery Marketing / Dessert Menu / Sweet Treats
292,Ramen Bowl Steam Rising,"Ramen restaurant, Asian cuisine, comfort food","You are an Asian food photographer specializing in ramen and noodle photography for ramen shops and Asian restaurants. Create an atmospheric photograph of ramen bowl with steam rising, noodles visible, toppings arranged, and hot soup suggested creating ramen dining moment. Use food photography with dramatic backlighting and atmospheric aesthetic featuring steam, noodle texture, and warming comfort creating ramen craving and Asian dining desire. Feature ramen bowl with steam and toppings prominently. Shot with backlighting making steam visible. Avoid flat cold appearance or invisible steam.",1:1,Ramen Restaurant / Asian Cuisine / Comfort Food
293,Salad Fresh Healthy Bowl,"Healthy dining, salad menu, fresh food marketing","You are a healthy food photographer specializing in salads and fresh cuisine for health-focused restaurants and wellness cafes. Create a vibrant photograph of beautiful salad bowl with colorful fresh ingredients, varied textures, and healthy appeal visible creating fresh healthy dining moment. Use food photography with bright natural lighting and healthy aesthetic featuring ingredient colors, freshness, and nutritional appeal creating salad craving and healthy dining desire. Feature salad bowl with colorful ingredients prominently. Shot with bright clean lighting emphasizing freshness. Avoid wilted or brown ingredients.",1:1,Healthy Dining / Salad Menu / Fresh Food Marketing
294,Tacos Street Food Authentic,"Taco restaurant, Mexican food, casual dining","You are a street food photographer specializing in tacos and Mexican cuisine for taquerias and Mexican restaurants. Create an authentic photograph of tacos with fresh fillings visible, authentic presentation, and street food appeal communicated creating taco dining moment. Use food photography with natural casual lighting and street food aesthetic featuring taco fillings, tortilla quality, and Mexican authenticity creating taco craving and Mexican dining desire. Feature tacos prominently with fillings visible and appealing. Shot with natural lighting creating casual authentic mood. Avoid overly styled or inauthentic presentation.",4:5,Taco Restaurant / Mexican Food / Casual Dining
295,Ice Cream Scoop Melting Indulgence,"Ice cream shop, frozen desserts, summer treats","You are a frozen dessert photographer specializing in ice cream and sweet treats for ice cream shops and dessert cafes. Create a tempting photograph of ice cream scoop with slight melting visible, creamy texture shown, and indulgent appeal emphasized creating ice cream moment. Use food photography with soft natural lighting and dessert aesthetic featuring ice cream texture, color, and melting appeal creating ice cream craving and frozen dessert desire. Feature ice cream scoop prominently with texture visible. Shot with lighting showing creaminess without over-melting. Avoid completely melted or frozen hard appearance.",1:1,Ice Cream Shop / Frozen Desserts / Summer Treats
296,Seafood Platter Ocean Fresh,"Seafood restaurant, ocean cuisine, upscale dining","You are a seafood photographer specializing in fish and ocean cuisine for seafood restaurants and coastal dining establishments. Create a luxurious photograph of seafood platter with variety of shellfish, fish, and ocean delicacies arranged showing freshness and premium quality creating seafood dining moment. Use food photography with bright clean lighting and ocean aesthetic featuring seafood freshness, variety, and quality creating seafood appeal and coastal dining desire. Feature seafood platter prominently with freshness visible. Shot with bright lighting emphasizing ocean-fresh quality. Avoid dull or questionable-looking seafood.",16:9,Seafood Restaurant / Ocean Cuisine / Upscale Dining
297,Breakfast Plate Morning Complete,"Breakfast restaurant, morning menu, brunch marketing","You are a breakfast photographer specializing in morning meals and brunch photography for breakfast restaurants and cafes. Create an inviting photograph of complete breakfast plate with eggs, toast, bacon or alternatives, and morning sides showing full breakfast creating breakfast dining moment. Use food photography with bright morning lighting and breakfast aesthetic featuring breakfast variety, morning appeal, and hearty satisfaction creating breakfast craving and morning dining desire. Feature breakfast plate with variety visible and appetizing. Shot with bright natural morning-style lighting. Avoid cold or unappetizing breakfast appearance.",4:5,Breakfast Restaurant / Morning Menu / Brunch Marketing
298,Fried Chicken Crispy Golden,"Fried chicken restaurant, comfort food, casual dining","You are a comfort food photographer specializing in fried chicken and crispy foods for chicken restaurants and casual dining establishments. Create a crave-worthy photograph of fried chicken with golden crispy coating visible, juicy interior suggested if shown, and delicious appeal emphasized creating fried chicken moment. Use food photography with warm directional lighting and comfort food aesthetic featuring crispy texture, golden color, and fried appeal creating chicken craving and comfort food desire. Feature fried chicken prominently with crispy coating visible. Shot with lighting emphasizing golden crispiness. Avoid pale or soggy chicken appearance.",1:1,Fried Chicken Restaurant / Comfort Food / Casual Dining
299,Smoothie Bowl Colorful Healthy,"Smoothie bar, health cafe, nutritious bowls","You are a health food photographer specializing in smoothie bowls and nutritious photography for smoothie bars and health cafes. Create a vibrant photograph of colorful smoothie bowl with beautiful toppings arranged, vibrant base color shown, and healthy appeal emphasized creating smoothie bowl moment. Use food photography with bright overhead lighting and health aesthetic featuring smoothie colors, topping variety, and nutritious beauty creating smoothie bowl appeal and health cafe desire. Feature smoothie bowl prominently from above with toppings visible. Shot with bright clean lighting emphasizing colors. Avoid muddy brown or unappetizing color combinations.",1:1,Smoothie Bar / Health Cafe / Nutritious Bowls
300,Sandwich Deli Fresh Layers,"Deli marketing, sandwich shop, lunch menu","You are a deli food photographer specializing in sandwiches and deli foods for sandwich shops and delis. Create an appetizing photograph of deli sandwich with layers visible showing meats, cheeses, vegetables, and fresh bread creating sandwich perfection moment. Use food photography with natural bright lighting and deli aesthetic featuring sandwich layers, ingredient quality, and fresh appeal creating sandwich craving and deli dining desire. Feature sandwich with cross-section or layers prominently visible. Shot with lighting showing ingredient freshness. Avoid compressed or unappealing sandwich appearance.",4:5,Deli Marketing / Sandwich Shop / Lunch Menu
301,Chef Plating Culinary Artistry,"Restaurant branding, chef content, fine dining marketing","You are a restaurant lifestyle photographer specializing in chef content and kitchen photography for fine dining restaurants and culinary brands. Create an artistic photograph of chef carefully plating dish with concentration visible, culinary technique shown, and restaurant professionalism communicated creating chef artistry moment. Use lifestyle photography with dramatic kitchen lighting and culinary aesthetic featuring plating technique, chef focus, and kitchen professionalism creating restaurant credibility and culinary excellence desire. Feature chef and plating action prominently. Shot with dramatic lighting emphasizing culinary craft. Avoid messy kitchen or unprofessional appearance.",16:9,Restaurant Branding / Chef Content / Fine Dining
302,Restaurant Interior Ambiance Dining,"Restaurant marketing, venue showcase, ambiance photography","You are a restaurant interior photographer specializing in dining ambiance and venue photography for restaurants and hospitality marketing. Create an inviting photograph of restaurant interior with beautiful table settings, ambient lighting, and dining atmosphere visible creating restaurant ambiance moment. Use architectural photography with ambient natural lighting and hospitality aesthetic featuring interior design, table arrangements, and welcoming atmosphere creating restaurant appeal and dining venue desire. Feature restaurant interior with ambiance and design prominently. Shot with natural ambient lighting creating mood. Avoid empty cold restaurant or poor lighting.",16:9,Restaurant Marketing / Venue Showcase / Ambiance Photography
303,Wine Pairing Glass Pour,"Wine bar marketing, sommelier content, fine dining","You are a wine service photographer specializing in wine pairing and sommelier photography for wine bars and upscale restaurants. Create an elegant photograph of wine being poured into glass near beautifully plated dish suggesting wine pairing creating wine dining moment. Use lifestyle photography with warm ambient lighting and wine aesthetic featuring wine pour, glass quality, and food pairing context creating wine culture appeal and fine dining desire. Feature wine pour and food pairing together. Shot with warm lighting creating sophistication. Avoid casual or beer-bar appearance.",4:5,Wine Bar Marketing / Sommelier Content / Fine Dining
304,Outdoor Patio Dining Summer,"Patio marketing, outdoor dining, summer restaurant","You are an outdoor dining photographer specializing in patio photography and al fresco dining for restaurants with outdoor seating. Create an appealing photograph of outdoor patio dining area with tables set, natural elements visible, and pleasant dining atmosphere communicated creating outdoor dining moment. Use lifestyle photography with natural sunlight and outdoor aesthetic featuring patio ambiance, natural setting, and al fresco appeal creating outdoor dining desire and seasonal restaurant appeal. Feature outdoor dining space with ambiance prominently. Shot with natural daylight creating pleasant mood. Avoid harsh midday sun or empty uninviting patios.",16:9,Patio Marketing / Outdoor Dining / Summer Restaurant
305,Table Setting Fine Dining Elegance,"Fine dining marketing, upscale restaurant, event dining","You are a fine dining photographer specializing in table setting and elegant presentation for upscale restaurants and event venues. Create a sophisticated photograph of beautifully set dining table with fine china, crystal glassware, elegant linens, and formal presentation creating fine dining elegance moment. Use lifestyle photography with soft elegant lighting and upscale aesthetic featuring table setting details, luxury presentation, and fine dining standard creating upscale restaurant appeal and special occasion desire. Feature table setting prominently with elegant details visible. Shot with soft lighting creating elegance. Avoid casual or budget dining appearance.",4:5,Fine Dining Marketing / Upscale Restaurant / Event Dining
306,Bar Cocktail Making Mixology,"Bar marketing, cocktail menu, mixology content","You are a beverage lifestyle photographer specializing in cocktail making and mixology for bars and beverage programs. Create a dynamic photograph of bartender making cocktail with pouring, shaking, or mixing action visible and bar atmosphere suggested creating mixology moment. Use lifestyle photography with dramatic bar lighting and beverage aesthetic featuring cocktail preparation, bartender skill, and bar ambiance creating cocktail appeal and bar culture desire. Feature cocktail making action prominently. Shot with bar lighting creating atmosphere. Avoid static drinks or missing action.",4:5,Bar Marketing / Cocktail Menu / Mixology Content
307,Bread Basket Warm Fresh Baked,"Bakery restaurant, bread program, artisan baking","You are a bread photographer specializing in artisan bread and bakery photography for bakeries and restaurants with bread programs. Create a warm photograph of fresh bread basket with variety of breads visible, steam optional, and fresh-baked appeal emphasized creating bread moment. Use food photography with warm natural lighting and bakery aesthetic featuring bread textures, crust quality, and warm freshness creating bread appeal and artisan bakery desire. Feature bread basket with variety visible and fresh appearance. Shot with warm lighting emphasizing freshness. Avoid stale or cold bread appearance.",1:1,Bakery Restaurant / Bread Program / Artisan Baking
308,Group Dining Friends Social,"Restaurant social marketing, group dining, celebratory meals","You are a social dining photographer specializing in group experiences and celebratory dining for restaurants and social venues. Create a joyful photograph of group dining with friends around table, food visible, and social atmosphere captured creating group dining moment. Use lifestyle photography with warm ambient lighting and social aesthetic featuring group connection, food sharing, and dining joy creating restaurant social appeal and group dining desire. Feature group and dining experience together. Shot with natural ambient light creating warmth. Avoid empty tables or antisocial atmosphere.",16:9,Restaurant Social Marketing / Group Dining / Celebrations
309,Kitchen Flames Cooking Action,"Restaurant drama, chef skill, kitchen content","You are a dramatic culinary photographer specializing in kitchen action and cooking drama for restaurants and chef branding. Create an exciting photograph of kitchen cooking with flames, sautéing action, or dramatic cooking technique visible creating kitchen excitement moment. Use action photography with dramatic lighting and kitchen aesthetic featuring cooking technique, kitchen energy, and culinary drama creating restaurant excitement and chef skill admiration. Feature cooking flames or action prominently. Shot with fast shutter capturing action safely. Avoid unsafe practices or out-of-control situations.",16:9,Restaurant Drama / Chef Skill / Kitchen Content
310,Coffee Bar Espresso Making,"Coffee shop marketing, espresso program, barista content","You are a coffee shop photographer specializing in espresso and barista photography for cafes and coffee programs. Create an atmospheric photograph of espresso being made with machine visible, espresso extracting, and coffee shop atmosphere suggested creating espresso moment. Use lifestyle photography with warm cafe lighting and coffee aesthetic featuring espresso extraction, barista craft, and cafe culture creating coffee shop appeal and espresso program desire. Feature espresso making prominently. Shot with cafe lighting creating atmosphere. Avoid cheap or plastic equipment appearance.",4:5,Coffee Shop Marketing / Espresso Program / Barista Content
311,Latte Art Heart Perfect Pour,"Coffee shop content, latte art, barista skills","You are a latte art photographer specializing in coffee art and barista skill photography for coffee shops and specialty cafes. Create a beautiful photograph of latte with perfect heart or rosetta latte art visible showing barista skill and coffee quality creating latte art moment. Use beverage photography with soft natural lighting and coffee aesthetic featuring latte art detail, foam quality, and barista craftsmanship creating latte appeal and coffee shop quality promise. Feature latte art prominently with pattern clear. Shot with overhead or slight angle showing art. Avoid messy or unclear latte art.",1:1,Coffee Shop Content / Latte Art / Barista Skills
312,Cold Brew Coffee Glass Summer,"Cold coffee marketing, summer beverages, iced drinks","You are a cold beverage photographer specializing in iced coffee and cold brew for cafes and bottled coffee brands. Create a refreshing photograph of cold brew coffee in glass with ice visible, condensation on glass, and summer refreshment suggested creating cold coffee moment. Use beverage photography with bright natural lighting and summer aesthetic featuring coffee color, ice appeal, and refreshing quality creating cold brew desire and summer coffee appeal. Feature cold brew prominently with condensation and ice visible. Shot with natural light emphasizing refreshment. Avoid warm lighting or missing condensation.",4:5,Cold Coffee Marketing / Summer Beverages / Iced Drinks
313,Espresso Shot Double Crema,"Espresso marketing, specialty coffee, coffee quality","You are a specialty coffee photographer specializing in espresso and coffee quality photography for espresso bars and coffee roasters. Create a detailed photograph of espresso shot in glass showing crema layer, coffee color, and espresso quality visible creating espresso quality moment. Use beverage photography with focused lighting and coffee aesthetic featuring crema quality, espresso color, and extraction perfection creating espresso appeal and specialty coffee desire. Feature espresso shot with crema prominently visible. Shot with lighting showing crema and coffee layers. Avoid flat or old espresso appearance.",1:1,Espresso Marketing / Specialty Coffee / Coffee Quality
314,Coffee Beans Roasted Fresh,"Coffee roaster marketing, bean sales, specialty coffee","You are a coffee product photographer specializing in coffee beans and roasting photography for coffee roasters and specialty coffee companies. Create an appealing photograph of freshly roasted coffee beans with bean texture visible, roast level apparent, and fresh quality communicated creating coffee bean moment. Use product photography with warm natural lighting and coffee aesthetic featuring bean texture, roast color, and fresh appeal creating coffee bean desire and roaster quality trust. Feature coffee beans prominently with texture and color visible. Shot with lighting showing bean details. Avoid dull or stale-looking beans.",1:1,Coffee Roaster Marketing / Bean Sales / Specialty Coffee
315,Matcha Latte Green Vibrant,"Matcha drinks, tea shop, wellness beverages","You are a tea beverage photographer specializing in matcha and specialty tea drinks for tea shops and wellness cafes. Create a vibrant photograph of matcha latte with bright green color visible, foam or art optional, and matcha quality emphasized creating matcha moment. Use beverage photography with bright natural lighting and tea aesthetic featuring matcha green color, drink layers, and healthy appeal creating matcha desire and tea shop interest. Feature matcha latte with vibrant green prominently. Shot with lighting showing true matcha color. Avoid dull brown or incorrect green tone.",4:5,Matcha Drinks / Tea Shop / Wellness Beverages
316,Coffee Pour Over Brewing Process,"Specialty coffee, brewing content, coffee education","You are a coffee process photographer specializing in brewing methods and coffee technique for specialty cafes and coffee education. Create an educational photograph of pour-over coffee brewing with water pouring, blooming coffee, and brewing process visible creating pour-over moment. Use process photography with clean natural lighting and coffee aesthetic featuring brewing technique, coffee bloom, and precise method creating pour-over appeal and specialty coffee appreciation. Feature pour-over brewing prominently with process visible. Shot with lighting showing water and coffee interaction. Avoid unclear process or messy setup.",4:5,Specialty Coffee / Brewing Content / Coffee Education
317,Cappuccino Perfect Foam Ratio,"Coffee shop menu, cappuccino quality, Italian coffee","You are an Italian coffee photographer specializing in cappuccino and traditional coffee drinks for authentic cafes and Italian coffee brands. Create a classic photograph of cappuccino with perfect foam ratio visible showing thirds of espresso, milk, and foam creating authentic cappuccino moment. Use beverage photography with soft natural lighting and Italian aesthetic featuring cappuccino ratio, foam quality, and traditional presentation creating cappuccino appeal and authentic coffee desire. Feature cappuccino with foam and ratio visible. Shot with overhead or angle showing proportions. Avoid incorrect ratio or excessive foam.",1:1,Coffee Shop Menu / Cappuccino Quality / Italian Coffee
318,Iced Latte Layers Summer Drink,"Iced coffee menu, summer drinks, Instagram beverages","You are a social media beverage photographer specializing in photogenic drinks and Instagram-worthy beverages for trendy cafes and drink brands. Create a stunning photograph of iced latte with visible layers showing espresso, milk, and ice with Instagram appeal emphasized creating iced latte moment. Use beverage photography with bright clean lighting and social media aesthetic featuring drink layers, condensation, and visual appeal creating iced latte desire and Instagram beverage envy. Feature iced latte with layers prominently visible. Shot with lighting emphasizing layers and condensation. Avoid mixed or unclear layers.",4:5,Iced Coffee Menu / Summer Drinks / Instagram Beverages
319,Chai Latte Spice Warmth,"Chai drinks, tea latte menu, spiced beverages","You are a spiced beverage photographer specializing in chai and warming drinks for tea shops and specialty cafes. Create a cozy photograph of chai latte with foam or spice topping, warm color visible, and comforting appeal communicated creating chai moment. Use beverage photography with warm soft lighting and cozy aesthetic featuring chai color, spice suggestion, and warming comfort creating chai desire and tea shop appeal. Feature chai latte with warm inviting appearance. Shot with warm lighting creating comfort mood. Avoid cold or uninviting appearance.",4:5,Chai Drinks / Tea Latte Menu / Spiced Beverages
320,Coffee Grinder Fresh Ground,"Coffee equipment, grinding content, coffee preparation","You are a coffee equipment photographer specializing in coffee tools and preparation for coffee brands and equipment companies. Create a detailed photograph of coffee grinder with fresh grounds visible, grinding process suggested, and equipment quality emphasized creating coffee grinding moment. Use product photography with clean focused lighting and coffee aesthetic featuring grinder details, fresh grounds, and equipment quality creating grinder appeal and coffee preparation interest. Feature grinder and fresh grounds prominently. Shot with lighting showing equipment and grounds. Avoid old grounds or cheap equipment appearance.",1:1,Coffee Equipment / Grinding Content / Coffee Preparation
321,Hot Chocolate Whipped Cream Cozy,"Hot chocolate menu, winter drinks, comfort beverages","You are a comfort beverage photographer specializing in hot chocolate and warming drinks for cafes and winter menus. Create a cozy photograph of hot chocolate with generous whipped cream, marshmallows optional, and comforting appeal emphasized creating hot chocolate moment. Use beverage photography with soft warm lighting and comfort aesthetic featuring hot chocolate richness, whipped cream, and cozy warmth creating hot chocolate desire and winter cafe appeal. Feature hot chocolate with toppings prominently. Shot with warm lighting creating comfort. Avoid cold or unappetizing appearance.",4:5,Hot Chocolate Menu / Winter Drinks / Comfort Beverages
322,Nitro Cold Brew Cascade Pour,"Nitro coffee, trendy drinks, coffee innovation","You are an innovative beverage photographer specializing in nitro drinks and modern coffee for trendy cafes and coffee innovators. Create a mesmerizing photograph of nitro cold brew being poured with nitrogen cascade visible and unique nitro effect shown creating nitro coffee moment. Use beverage photography with backlit or focused lighting and innovation aesthetic featuring nitrogen cascade, drink texture, and modern coffee appeal creating nitro curiosity and trendy coffee desire. Feature nitro cascade prominently during pour. Shot with lighting making cascade visible. Avoid flat or still appearance missing nitro effect.",4:5,Nitro Coffee / Trendy Drinks / Coffee Innovation
323,Tea Pot Loose Leaf Brewing,"Tea shop, loose leaf tea, tea ceremony","You are a tea culture photographer specializing in tea preparation and tea ceremony for tea shops and specialty tea brands. Create a serene photograph of loose leaf tea brewing in transparent teapot with tea leaves visible, brewing color shown, and tea culture suggested creating tea brewing moment. Use lifestyle photography with soft natural lighting and tea aesthetic featuring tea leaves, brewing color, and tea preparation ritual creating tea appeal and tea culture appreciation. Feature teapot with brewing tea prominently. Shot with natural light showing tea color and leaves. Avoid murky or unclear tea appearance.",4:5,Tea Shop / Loose Leaf Tea / Tea Ceremony
324,Frappuccino Blended Topped,"Blended drinks, frozen beverages, dessert drinks","You are a dessert beverage photographer specializing in blended drinks and frozen treats for cafes and dessert drink brands. Create an indulgent photograph of blended frozen coffee drink with whipped cream topping, drizzle, and dessert-like appeal emphasized creating frappuccino moment. Use beverage photography with bright appealing lighting and dessert aesthetic featuring drink layers, toppings, and sweet indulgence creating frappuccino desire and dessert drink appeal. Feature frappuccino with toppings prominently. Shot with bright lighting showing all elements. Avoid melted or separated appearance.",4:5,Blended Drinks / Frozen Beverages / Dessert Drinks
325,Coffee Shop Interior Cozy Workspace,"Coffee shop marketing, workspace culture, cafe atmosphere","You are a coffee shop interior photographer specializing in cafe atmosphere and workspace photography for coffee shops and coworking cafes. Create an inviting photograph of coffee shop interior with cozy seating, workspace visible, and welcoming atmosphere communicated creating cafe workspace moment. Use interior photography with warm natural lighting and cozy aesthetic featuring cafe design, workspace areas, and community atmosphere creating coffee shop appeal and cafe culture desire. Feature cafe interior with cozy workspace prominently. Shot with natural ambient light creating warmth. Avoid empty cold cafe or poor lighting.",16:9,Coffee Shop Marketing / Workspace Culture / Cafe Atmosphere
326,Yoga Pose Sunrise Peaceful,"Yoga content, wellness marketing, mindfulness brands","You are a wellness lifestyle photographer specializing in yoga and mindfulness photography for yoga studios and wellness brands. Create a peaceful photograph of person in yoga pose during sunrise with beautiful natural lighting, serene expression, and mindfulness communicated creating yoga sunrise moment. Use lifestyle photography with warm golden lighting and wellness aesthetic featuring yoga form, peaceful energy, and sunrise beauty creating yoga inspiration and wellness lifestyle desire. Feature yoga pose with sunrise prominently. Shot during golden hour creating peaceful mood. Avoid harsh midday sun or stiff poses.",4:5,Yoga Content / Wellness Marketing / Mindfulness Brands
327,Gym Workout Weight Training,"Gym marketing, fitness training, strength content","You are a fitness photographer specializing in gym workouts and strength training for gyms and fitness brands. Create a powerful photograph of person lifting weights with proper form visible, determined expression, and gym atmosphere suggested creating gym workout moment. Use fitness photography with dramatic gym lighting and strength aesthetic featuring workout intensity, proper form, and gym environment creating gym appeal and fitness training desire. Feature weight training action prominently with form visible. Shot with dramatic lighting emphasizing strength and effort. Avoid poor form or unsafe practices.",16:9,Gym Marketing / Fitness Training / Strength Content
328,Running Trail Nature Fitness,"Running brands, outdoor fitness, athletic lifestyle","You are an outdoor fitness photographer specializing in running and trail sports for athletic brands and outdoor fitness companies. Create an energetic photograph of runner on scenic trail with natural movement, beautiful landscape visible, and outdoor fitness emphasized creating trail running moment. Use action photography with natural outdoor lighting and athletic aesthetic featuring running form, trail beauty, and outdoor fitness lifestyle creating running inspiration and outdoor workout appeal. Feature runner and trail prominently. Shot with natural light capturing movement and scenery. Avoid indoor treadmill or static poses.",4:5,Running Brands / Outdoor Fitness / Athletic Lifestyle
329,Meditation Peaceful Mindfulness,"Meditation content, wellness apps, mindfulness marketing","You are a mindfulness photographer specializing in meditation and peace photography for meditation apps and wellness companies. Create a serene photograph of person meditating with peaceful setting, calm expression, and mindfulness atmosphere communicated creating meditation moment. Use lifestyle photography with soft natural lighting and peaceful aesthetic featuring meditation posture, inner peace, and mindful stillness creating meditation appeal and mindfulness practice desire. Feature meditating person in peaceful setting prominently. Shot with soft lighting creating tranquility. Avoid busy backgrounds or tense postures.",4:5,Meditation Content / Wellness Apps / Mindfulness Marketing
330,Home Workout Living Room Fitness,"Home workout content, fitness apps, accessible fitness","You are a home fitness photographer specializing in home workouts and accessible fitness for fitness apps and home workout brands. Create a relatable photograph of person doing home workout in living room with bodyweight exercise visible and home setting emphasized creating home fitness moment. Use lifestyle photography with bright natural home lighting and accessible aesthetic featuring home workout, realistic setting, and fitness accessibility creating home fitness appeal and workout-from-home motivation. Feature home workout in natural home environment. Shot with natural home lighting. Avoid gym settings or unrealistic home setups.",16:9,Home Workout Content / Fitness Apps / Accessible Fitness
331,Pilates Reformer Studio Class,"Pilates studio, reformer classes, specialized fitness","You are a Pilates photographer specializing in reformer and studio Pilates for Pilates studios and specialized fitness centers. Create a focused photograph of person on Pilates reformer with equipment visible, controlled movement shown, and Pilates precision emphasized creating reformer Pilates moment. Use fitness photography with clean studio lighting and Pilates aesthetic featuring reformer equipment, controlled movement, and Pilates technique creating Pilates interest and studio class desire. Feature Pilates reformer and proper form prominently. Shot with clean lighting showing equipment and technique. Avoid unclear equipment or poor form.",4:5,Pilates Studio / Reformer Classes / Specialized Fitness
332,Boxing Training Intensity Power,"Boxing gym, combat fitness, intensity training","You are a combat sports photographer specializing in boxing and high-intensity training for boxing gyms and combat fitness brands. Create an intense photograph of boxing training with punching action, sweat visible optional, and training intensity communicated creating boxing moment. Use action photography with dramatic gym lighting and combat aesthetic featuring boxing action, power, and intensity creating boxing appeal and combat fitness desire. Feature boxing action prominently with intensity visible. Shot with dramatic lighting capturing action and effort. Avoid static or weak-looking poses.",16:9,Boxing Gym / Combat Fitness / Intensity Training
333,Stretching Flexibility Wellness,"Flexibility content, recovery marketing, wellness stretching","You are a flexibility photographer specializing in stretching and recovery for wellness brands and flexibility programs. Create a peaceful photograph of person stretching with proper form visible, relaxed expression, and flexibility emphasized creating stretching wellness moment. Use lifestyle photography with soft natural lighting and wellness aesthetic featuring stretch position, flexibility, and recovery focus creating stretching appeal and flexibility practice desire. Feature stretching pose prominently with proper alignment. Shot with soft lighting creating calm wellness mood. Avoid painful or incorrect stretches.",4:5,Flexibility Content / Recovery Marketing / Wellness Stretching
334,Cycling Indoor Spin Class,"Cycling studio, spin classes, cardio fitness","You are an indoor cycling photographer specializing in spin classes and cycling studios for cycling fitness and cardio programs. Create an energetic photograph of person on stationary bike in spin class with cycling action, motivated expression, and class energy communicated creating spin class moment. Use fitness photography with dramatic colored lighting and cycling aesthetic featuring bike action, class intensity, and group energy creating spin class appeal and cycling fitness desire. Feature cycling action prominently with energy visible. Shot with dynamic class lighting. Avoid boring or low-energy appearance.",16:9,Cycling Studio / Spin Classes / Cardio Fitness
335,Wellness Supplements Health Products,"Supplement marketing, wellness products, health nutrition","You are a wellness product photographer specializing in supplements and health products for supplement brands and wellness companies. Create a fresh photograph of wellness supplements with natural ingredients visible optional, clean product presentation, and health benefits suggested creating supplement moment. Use product photography with bright clean lighting and wellness aesthetic featuring supplement quality, natural health, and wellness lifestyle creating supplement appeal and health product trust. Feature supplements with clean healthy presentation. Shot with bright natural lighting. Avoid medical or clinical cold appearance.",1:1,Supplement Marketing / Wellness Products / Health Nutrition
336,Protein Shake Post-Workout,"Protein products, post-workout nutrition, fitness supplements","You are a fitness nutrition photographer specializing in protein shakes and workout nutrition for protein brands and fitness supplement companies. Create a motivating photograph of protein shake in shaker bottle or glass with gym setting optional, fresh appearance, and post-workout context suggested creating protein shake moment. Use lifestyle photography with bright energizing lighting and fitness aesthetic featuring shake appearance, nutrition appeal, and workout recovery creating protein shake desire and fitness nutrition commitment. Feature protein shake prominently with fresh appealing look. Shot with bright lighting. Avoid unappetizing or chalky appearance.",4:5,Protein Products / Post-Workout Nutrition / Fitness Supplements
337,Massage Therapy Spa Wellness,"Spa marketing, massage therapy, wellness services","You are a spa wellness photographer specializing in massage therapy and spa services for spas and wellness centers. Create a peaceful photograph of massage therapy session with therapist working, client relaxed, and spa atmosphere communicated creating massage wellness moment. Use lifestyle photography with soft spa lighting and relaxation aesthetic featuring massage technique, spa environment, and wellness relaxation creating massage therapy appeal and spa service desire. Feature massage therapy in peaceful spa setting. Shot with soft calming lighting. Avoid clinical or uncomfortable appearance.",16:9,Spa Marketing / Massage Therapy / Wellness Services
338,Foam Rolling Recovery Self-Care,"Recovery tools, self-care fitness, muscle recovery","You are a recovery fitness photographer specializing in foam rolling and self-care tools for recovery product brands and fitness wellness. Create a helpful photograph of person foam rolling with technique visible, recovery focus communicated, and self-care emphasized creating foam rolling moment. Use lifestyle photography with natural bright lighting and recovery aesthetic featuring foam rolling technique, recovery tool, and self-care practice creating foam rolling appeal and recovery routine desire. Feature foam rolling technique prominently. Shot with bright natural lighting. Avoid painful or incorrect technique appearance.",4:5,Recovery Tools / Self-Care Fitness / Muscle Recovery
339,Hiking Trail Outdoor Wellness,"Outdoor wellness, hiking brands, nature fitness","You are an outdoor wellness photographer specializing in hiking and nature fitness for outdoor brands and wellness tourism. Create an inspiring photograph of person hiking on scenic trail with nature visible, active movement, and outdoor wellness emphasized creating hiking wellness moment. Use lifestyle photography with natural outdoor lighting and nature aesthetic featuring hiking action, trail beauty, and outdoor wellness lifestyle creating hiking appeal and nature fitness desire. Feature hiker and scenic trail together. Shot with natural light capturing outdoor beauty. Avoid indoor or unscenic locations.",4:5,Outdoor Wellness / Hiking Brands / Nature Fitness
340,Fitness Tracker Wearable Tech,"Fitness tech, wearable devices, health tracking","You are a fitness tech photographer specializing in wearables and health tracking devices for fitness tech brands and health monitoring companies. Create a modern photograph of fitness tracker on wrist during workout with device visible, screen showing metrics, and fitness tech emphasized creating wearable fitness moment. Use lifestyle photography with bright fitness lighting and tech aesthetic featuring tracker display, fitness context, and health monitoring creating fitness tech appeal and health tracking desire. Feature fitness tracker with visible screen prominently. Shot with lighting showing screen and workout context. Avoid dark screens or unclear display.",4:5,Fitness Tech / Wearable Devices / Health Tracking
341,Swimming Pool Fitness Aquatic,"Swimming fitness, aquatic centers, pool workout","You are an aquatic fitness photographer specializing in swimming and pool workouts for aquatic centers and swimming fitness programs. Create a refreshing photograph of person swimming or doing pool workout with water visible, swimming action, and aquatic fitness emphasized creating swimming fitness moment. Use action photography with bright pool lighting and aquatic aesthetic featuring swimming form, water environment, and pool fitness creating swimming appeal and aquatic workout desire. Feature swimming action in pool prominently. Shot with bright even lighting. Avoid dark pools or unclear underwater shots.",16:9,Swimming Fitness / Aquatic Centers / Pool Workout
342,Resistance Band Home Workout,"Resistance training, home fitness equipment, portable workout","You are a home fitness equipment photographer specializing in resistance bands and portable fitness tools for home workout brands. Create a practical photograph of resistance band workout with bands in use, exercise technique visible, and home fitness emphasized creating resistance band moment. Use lifestyle photography with bright natural lighting and home fitness aesthetic featuring band workout, proper technique, and accessible fitness creating resistance band appeal and home training desire. Feature resistance bands in use prominently. Shot with bright home lighting showing technique. Avoid unclear bands or poor form.",4:5,Resistance Training / Home Fitness Equipment / Portable Workout
343,Wellness Journal Self-Reflection,"Wellness journaling, mindfulness tools, self-care products","You are a wellness lifestyle photographer specializing in journaling and mindfulness tools for self-care brands and wellness stationery. Create a peaceful photograph of wellness journal open with pen, possibly on cozy surface with tea or plants, and self-reflection emphasized creating journaling moment. Use lifestyle photography with soft natural lighting and mindful aesthetic featuring journal, peaceful setting, and self-care ritual creating wellness journaling appeal and mindfulness practice desire. Feature wellness journal in peaceful setting. Shot with soft natural light creating calm. Avoid cluttered or stressful environments.",4:5,Wellness Journaling / Mindfulness Tools / Self-Care Products
344,CrossFit WOD Intense Training,"CrossFit gym, functional fitness, high-intensity training","You are a CrossFit photographer specializing in functional fitness and high-intensity training for CrossFit gyms and functional training facilities. Create a powerful photograph of CrossFit workout with intense movement, workout effort visible, and CrossFit atmosphere communicated creating WOD moment. Use fitness photography with dramatic gym lighting and intense aesthetic featuring CrossFit movement, training intensity, and functional fitness creating CrossFit appeal and intense training desire. Feature CrossFit action prominently with intensity clear. Shot with dramatic lighting capturing effort. Avoid poor form or unsafe movements.",16:9,CrossFit Gym / Functional Fitness / High-Intensity Training
345,Healthy Meal Prep Nutrition Planning,"Meal prep services, nutrition planning, healthy eating","You are a nutrition photographer specializing in meal prep and healthy eating for meal prep services and nutrition programs. Create an organized photograph of healthy meal prep containers with nutritious meals visible, variety shown, and meal planning emphasized creating meal prep moment. Use lifestyle photography with bright clean lighting and nutrition aesthetic featuring healthy meals, portion control, and meal prep organization creating meal prep appeal and nutrition planning desire. Feature meal prep containers with healthy food prominently. Shot with bright natural lighting. Avoid unappealing or sad-looking meals.",4:5,Meal Prep Services / Nutrition Planning / Healthy Eating
346,Dance Fitness Class Energy,"Dance fitness, Zumba classes, fun cardio","You are a dance fitness photographer specializing in dance classes and fun cardio for dance studios and fitness programs. Create an energetic photograph of dance fitness class with movement, joyful participants, and class energy visible creating dance fitness moment. Use action photography with bright colorful lighting and dance aesthetic featuring dance movement, class energy, and fun fitness creating dance fitness appeal and cardio fun desire. Feature dance class energy prominently. Shot with bright dynamic lighting. Avoid static or low-energy appearance.",16:9,Dance Fitness / Zumba Classes / Fun Cardio
347,Wellness Retreat Peaceful Nature,"Wellness retreats, yoga retreats, wellness tourism","You are a wellness retreat photographer specializing in retreat locations and wellness tourism for retreat centers and wellness travel. Create a serene photograph of wellness retreat setting with beautiful nature, peaceful atmosphere, and retreat environment communicated creating wellness retreat moment. Use lifestyle photography with natural peaceful lighting and retreat aesthetic featuring natural setting, wellness space, and retreat tranquility creating wellness retreat appeal and healing vacation desire. Feature retreat setting with peaceful nature prominently. Shot with natural light creating serenity. Avoid busy or stressful environments.",16:9,Wellness Retreats / Yoga Retreats / Wellness Tourism
348,Workout Playlist Motivation Music,"Fitness motivation, workout playlists, fitness lifestyle","You are a fitness lifestyle photographer specializing in workout motivation and fitness culture for fitness brands and music services. Create a motivating photograph of person working out with headphones visible, energized expression, and music motivation suggested creating workout playlist moment. Use lifestyle photography with energetic lighting and motivation aesthetic featuring workout action, headphones, and energized mood creating workout motivation appeal and fitness lifestyle desire. Feature person with headphones working out. Shot with dynamic lighting creating energy. Avoid tired or unmotivated appearance.",4:5,Fitness Motivation / Workout Playlists / Fitness Lifestyle
349,Prenatal Yoga Gentle Movement,"Prenatal fitness, pregnancy wellness, expecting mothers","You are a prenatal wellness photographer specializing in pregnancy fitness and maternal health for prenatal programs and maternity wellness. Create a gentle photograph of pregnant woman in prenatal yoga pose with belly visible, peaceful expression, and pregnancy wellness emphasized creating prenatal yoga moment. Use lifestyle photography with soft natural lighting and maternal aesthetic featuring prenatal movement, pregnancy beauty, and gentle wellness creating prenatal fitness appeal and pregnancy health desire. Feature pregnant woman in yoga pose peacefully. Shot with soft flattering lighting. Avoid strenuous or inappropriate exercises.",4:5,Prenatal Fitness / Pregnancy Wellness / Expecting Mothers
350,Senior Fitness Active Aging,"Senior fitness, active aging, mature wellness","You are a senior wellness photographer specializing in active aging and mature fitness for senior programs and age-positive wellness. Create an empowering photograph of senior exercising with appropriate activity, positive expression, and active aging emphasized creating senior fitness moment. Use lifestyle photography with bright encouraging lighting and positive aesthetic featuring senior strength, active lifestyle, and age-positive wellness creating senior fitness appeal and active aging inspiration. Feature senior in appropriate fitness activity. Shot with flattering positive lighting. Avoid patronizing or limiting portrayals.",4:5,Senior Fitness / Active Aging / Mature Wellness
351,Beach Paradise Turquoise Water,"Beach resort marketing, tropical travel, vacation destinations","You are a tropical travel photographer specializing in beach destinations and resort photography for tourism boards and vacation brands. Create a stunning photograph of paradise beach with crystal turquoise water, white sand, and tropical beauty visible creating beach paradise moment. Use travel photography with bright natural sunlight and tropical aesthetic featuring water color, beach beauty, and vacation paradise creating beach destination appeal and tropical travel desire. Feature turquoise water and pristine beach prominently. Shot with natural bright tropical light. Avoid grey water or cloudy weather.",16:9,Beach Resort Marketing / Tropical Travel / Vacation Destinations
352,Mountain Vista Epic Landscape,"Mountain tourism, adventure travel, outdoor destinations","You are a mountain landscape photographer specializing in epic vistas and mountain destinations for tourism and outdoor brands. Create a breathtaking photograph of mountain landscape with dramatic peaks, vast scale, and adventure appeal creating mountain vista moment. Use landscape photography with dramatic natural lighting and adventure aesthetic featuring mountain grandeur, scale, and wilderness beauty creating mountain destination appeal and adventure travel desire. Feature epic mountain vista prominently. Shot during golden or blue hour with dramatic light. Avoid flat grey midday mountain shots.",16:9,Mountain Tourism / Adventure Travel / Outdoor Destinations
353,City Skyline Urban Travel,"City tourism, urban destinations, metropolitan travel","You are an urban travel photographer specializing in city skylines and metropolitan photography for city tourism and urban destinations. Create an impressive photograph of city skyline with iconic buildings, urban landscape, and city energy visible creating city skyline moment. Use travel photography with evening or twilight lighting and urban aesthetic featuring skyline, city lights, and metropolitan appeal creating city destination desire and urban travel interest. Feature city skyline prominently with recognizable elements. Shot during blue hour or sunset. Avoid boring daylight or unclear skylines.",16:9,City Tourism / Urban Destinations / Metropolitan Travel
354,Travel Suitcase Packing Adventure,"Travel gear, luggage marketing, trip preparation","You are a travel lifestyle photographer specializing in travel preparation and gear photography for luggage brands and travel accessories. Create an exciting photograph of travel suitcase being packed with travel items, passport visible optional, and adventure preparation communicated creating travel packing moment. Use lifestyle photography with bright natural lighting and travel aesthetic featuring suitcase contents, travel gear, and trip excitement creating luggage appeal and travel adventure anticipation. Feature suitcase packing with travel items visible. Shot with bright organized lighting. Avoid messy chaos or unappealing packing.",4:5,Travel Gear / Luggage Marketing / Trip Preparation
355,Airport Terminal Departure Travel,"Airport advertising, travel services, aviation marketing","You are an aviation lifestyle photographer specializing in airport photography and travel journey for airlines and travel services. Create a dynamic photograph of traveler in airport terminal with departure boards visible, modern terminal aesthetic, and travel journey beginning creating airport departure moment. Use lifestyle photography with bright terminal lighting and travel aesthetic featuring modern airport, traveler, and journey excitement creating travel service appeal and aviation journey anticipation. Feature airport terminal and traveler prominently. Shot with clean modern airport lighting. Avoid dated or crowded chaotic airports.",16:9,Airport Advertising / Travel Services / Aviation Marketing
356,Hotel Room Luxury Accommodation,"Hotel marketing, luxury accommodation, hospitality industry","You are a hospitality photographer specializing in hotel rooms and luxury accommodation for hotels and resort marketing. Create an inviting photograph of beautiful hotel room with luxury bedding, elegant decor, and accommodation quality visible creating hotel room moment. Use interior photography with natural window light and luxury aesthetic featuring room design, bed comfort, and hotel quality creating accommodation appeal and hotel booking desire. Feature hotel room with bed and design prominently. Shot with natural ambient lighting. Avoid messy or budget motel appearance.",16:9,Hotel Marketing / Luxury Accommodation / Hospitality Industry
357,Local Street Market Travel Culture,"Cultural tourism, market experiences, authentic travel","You are a cultural travel photographer specializing in local markets and authentic experiences for tourism and cultural travel brands. Create an atmospheric photograph of local street market with vendors, local products, and cultural authenticity visible creating market travel moment. Use travel photography with natural market lighting and cultural aesthetic featuring market atmosphere, local life, and authentic travel experience creating cultural tourism appeal and authentic travel desire. Feature street market atmosphere prominently. Shot with natural light capturing authenticity. Avoid touristy or staged market scenes.",4:5,Cultural Tourism / Market Experiences / Authentic Travel
358,Sunset Travel Romantic Destination,"Romantic travel, honeymoon destinations, couples vacation","You are a romantic travel photographer specializing in sunset moments and couples destinations for honeymoon and romantic travel marketing. Create a romantic photograph of sunset at travel destination with couple silhouette optional, warm sunset colors, and romantic atmosphere communicated creating romantic sunset moment. Use travel photography with golden hour lighting and romantic aesthetic featuring sunset beauty, destination romance, and couple connection creating romantic travel appeal and honeymoon destination desire. Feature stunning sunset with romantic context. Shot during golden hour with warm colors. Avoid grey skies or unromantic settings.",4:5,Romantic Travel / Honeymoon Destinations / Couples Vacation
359,Travel Photographer Camera View,"Photography tourism, travel photography, camera gear","You are a travel photographer content creator specializing in behind-the-scenes and travel photography lifestyle for camera brands and photography tourism. Create an authentic photograph of photographer photographing destination with camera visible, beautiful location in background, and photography travel emphasized creating travel photographer moment. Use lifestyle photography with natural travel lighting and photography aesthetic featuring camera gear, destination, and photography passion creating photography tourism appeal and travel photographer inspiration. Feature photographer and camera with destination visible. Shot showing photography in action. Avoid fake or staged photography poses.",4:5,Photography Tourism / Travel Photography / Camera Gear
360,Historic Architecture Travel Landmark,"Heritage tourism, historical sites, architecture travel","You are an architectural travel photographer specializing in historical landmarks and heritage sites for tourism boards and cultural travel. Create an impressive photograph of historic architecture or landmark with architectural details visible, heritage value communicated, and travel significance emphasized creating landmark travel moment. Use architectural photography with dramatic lighting and heritage aesthetic featuring building details, historical character, and landmark importance creating heritage tourism appeal and architectural travel desire. Feature historic architecture prominently with details visible. Shot with flattering architectural lighting. Avoid poor angles or hidden architecture details.",4:5,Heritage Tourism / Historical Sites / Architecture Travel
361,Road Trip Highway Adventure,"Road trip marketing, car rental, adventure travel","You are a road trip photographer specializing in highway adventures and driving journeys for car rental and adventure travel brands. Create an exciting photograph of open highway with car visible or implied, scenic route visible, and road trip freedom communicated creating road trip moment. Use travel photography with natural outdoor lighting and adventure aesthetic featuring open road, scenic beauty, and journey freedom creating road trip appeal and driving adventure desire. Feature scenic highway prominently with travel context. Shot with natural light showing road and scenery. Avoid boring or congested highways.",16:9,Road Trip Marketing / Car Rental / Adventure Travel
362,Camping Tent Nature Outdoor,"Camping tourism, outdoor gear, nature travel","You are an outdoor adventure photographer specializing in camping and nature experiences for outdoor brands and camping tourism. Create an inspiring photograph of camping tent in beautiful natural setting with nature visible, outdoor adventure suggested, and camping experience communicated creating camping moment. Use lifestyle photography with natural outdoor lighting and adventure aesthetic featuring tent, natural setting, and outdoor camping lifestyle creating camping appeal and nature adventure desire. Feature camping tent in scenic nature prominently. Shot with natural light showcasing setting. Avoid ugly campsites or bad weather.",16:9,Camping Tourism / Outdoor Gear / Nature Travel
363,Airplane Window View Clouds,"Airline marketing, flight experience, travel inspiration","You are an aviation travel photographer specializing in flight experiences and airplane views for airlines and travel inspiration. Create a dreamy photograph taken from airplane window showing clouds, wing visible optional, and flight experience captured creating airplane view moment. Use travel photography with natural flight lighting and aviation aesthetic featuring cloud formations, aerial perspective, and flight wonder creating flight experience appeal and air travel inspiration. Feature airplane window view with clouds prominently. Shot during flight with natural light. Avoid dark night or boring views.",16:9,Airline Marketing / Flight Experience / Travel Inspiration
364,Travel Map Planning Destination,"Travel planning, trip preparation, wanderlust marketing","You are a travel planning photographer specializing in trip preparation and wanderlust content for travel services and planning apps. Create an inspiring photograph of travel map with pins or markers, passport optional, and destination planning suggested creating travel planning moment. Use lifestyle photography with natural bright lighting and wanderlust aesthetic featuring map, destinations, and trip excitement creating travel planning appeal and adventure anticipation. Feature travel map with planning elements prominently. Shot with organized bright lighting. Avoid messy or unclear planning setup.",4:5,Travel Planning / Trip Preparation / Wanderlust Marketing
365,Resort Pool Luxury Vacation,"Resort marketing, pool amenities, luxury vacation","You are a luxury resort photographer specializing in pool amenities and resort features for resort marketing and vacation properties. Create an inviting photograph of resort pool with luxury loungers, pristine water, and resort amenities visible creating resort pool moment. Use travel photography with bright tropical lighting and luxury aesthetic featuring pool design, resort quality, and vacation relaxation creating resort appeal and luxury vacation desire. Feature resort pool with luxury elements prominently. Shot with bright natural light. Avoid dirty pools or budget motel appearance.",16:9,Resort Marketing / Pool Amenities / Luxury Vacation
366,Travel Backpack Adventure Gear,"Backpacking travel, adventure gear, budget travel","You are an adventure travel photographer specializing in backpacking and budget travel for backpack brands and adventure tourism. Create an authentic photograph of travel backpack in adventure setting with mountains, trails, or travel destination visible creating backpacking moment. Use travel photography with natural outdoor lighting and adventure aesthetic featuring backpack, destination, and adventure travel lifestyle creating backpacking appeal and adventure gear interest. Feature travel backpack in adventure context prominently. Shot with natural travel lighting. Avoid studio or indoor backpack shots.",4:5,Backpacking Travel / Adventure Gear / Budget Travel
367,Cruise Ship Ocean Voyage,"Cruise marketing, ocean travel, maritime tourism","You are a cruise travel photographer specializing in cruise ships and ocean voyages for cruise lines and maritime tourism. Create a spectacular photograph of cruise ship on ocean with ship visible, ocean expanse shown, and cruise voyage communicated creating cruise travel moment. Use travel photography with bright ocean lighting and maritime aesthetic featuring cruise ship, ocean beauty, and voyage luxury creating cruise appeal and ocean travel desire. Feature cruise ship on ocean prominently. Shot with natural maritime lighting. Avoid grey seas or poor weather.",16:9,Cruise Marketing / Ocean Travel / Maritime Tourism
368,Safari Wildlife Adventure Travel,"Safari tourism, wildlife travel, African adventures","You are a wildlife adventure photographer specializing in safari experiences and animal tourism for safari operators and adventure travel. Create an exciting photograph of safari scene with wildlife visible or safari vehicle shown with African landscape creating safari adventure moment. Use wildlife photography with natural savanna lighting and adventure aesthetic featuring wildlife or safari context, African beauty, and adventure travel creating safari appeal and wildlife tourism desire. Feature safari scene with wildlife or adventure context. Shot with natural savanna light. Avoid zoo or captive animal appearance.",16:9,Safari Tourism / Wildlife Travel / African Adventures
369,Train Travel Scenic Railway,"Rail tourism, train travel, scenic journeys","You are a railway travel photographer specializing in train journeys and scenic railways for rail tourism and train travel companies. Create a picturesque photograph of train traveling through scenic landscape with train visible, beautiful scenery shown, and railway journey communicated creating scenic train moment. Use travel photography with natural landscape lighting and railway aesthetic featuring train, scenic route, and journey romance creating train travel appeal and railway tourism desire. Feature train in beautiful landscape prominently. Shot with natural light showing scenery. Avoid ugly industrial railways or poor scenery.",16:9,Rail Tourism / Train Travel / Scenic Journeys
370,Travel Breakfast Hotel Morning,"Hotel dining, breakfast service, hospitality amenities","You are a hotel amenities photographer specializing in dining services and hotel breakfast for hospitality marketing. Create an appetizing photograph of hotel breakfast spread with coffee, pastries, and morning meal visible with hotel setting suggested creating hotel breakfast moment. Use lifestyle photography with natural morning lighting and hospitality aesthetic featuring breakfast quality, hotel service, and morning comfort creating hotel dining appeal and hospitality amenity appreciation. Feature hotel breakfast spread prominently. Shot with natural morning light. Avoid budget continental or unappealing breakfast.",4:5,Hotel Dining / Breakfast Service / Hospitality Amenities
371,Waterfall Nature Wonder Travel,"Nature tourism, waterfall destinations, natural wonders","You are a nature landscape photographer specializing in waterfalls and natural wonders for tourism and environmental travel. Create a majestic photograph of waterfall with flowing water, natural setting, and waterfall power visible creating waterfall wonder moment. Use landscape photography with natural outdoor lighting and nature aesthetic featuring waterfall, surrounding nature, and natural beauty creating waterfall destination appeal and nature tourism desire. Feature waterfall prominently in natural setting. Shot with appropriate shutter speed for water effect. Avoid dried-up or unimpressive water features.",4:5,Nature Tourism / Waterfall Destinations / Natural Wonders
372,Boutique Hotel Stylish Design,"Boutique hotels, design accommodation, unique lodging","You are a boutique hospitality photographer specializing in design hotels and unique accommodation for boutique hotel marketing. Create a stylish photograph of boutique hotel interior with unique design, artistic details, and hotel character visible creating boutique hotel moment. Use interior photography with atmospheric lighting and design aesthetic featuring unique style, hotel personality, and design-forward accommodation creating boutique hotel appeal and stylish lodging desire. Feature boutique hotel design prominently with character visible. Shot with creative lighting enhancing design. Avoid chain hotel or generic appearance.",4:5,Boutique Hotels / Design Accommodation / Unique Lodging
373,Beach Sunset Silhouette Travel,"Sunset tourism, beach destinations, romantic travel","You are a beach sunset photographer specializing in silhouette moments and beach beauty for coastal tourism and romantic destinations. Create a stunning photograph of beach sunset with person or couple in silhouette against colorful sunset sky creating beach sunset moment. Use travel photography with golden hour sunset lighting and romantic aesthetic featuring sunset colors, beach silhouette, and destination beauty creating beach sunset appeal and coastal travel desire. Feature sunset silhouette prominently with vibrant colors. Shot during sunset golden hour. Avoid grey sunsets or poor timing.",16:9,Sunset Tourism / Beach Destinations / Romantic Travel
374,Travel Guidebook Exploration Planning,"Travel books, destination guides, trip research","You are a travel content photographer specializing in guidebooks and travel planning for travel publishers and destination guides. Create an inspiring photograph of travel guidebook open with destination photos visible, map nearby optional, and travel planning suggested creating guidebook moment. Use lifestyle photography with natural lighting and travel aesthetic featuring guidebook, destination inspiration, and trip planning creating travel guide appeal and destination research interest. Feature guidebook with inspiring content visible. Shot with natural organized lighting. Avoid outdated or boring guides.",4:5,Travel Books / Destination Guides / Trip Research
375,Vineyard Wine Tourism Travel,"Wine tourism, vineyard experiences, culinary travel","You are a wine tourism photographer specializing in vineyard experiences and wine travel for wineries and culinary tourism. Create a beautiful photograph of vineyard with grape vines visible, wine country landscape shown, and wine tourism communicated creating vineyard moment. Use travel photography with warm natural lighting and wine country aesthetic featuring vineyard rows, wine landscape, and terroir beauty creating wine tourism appeal and vineyard destination desire. Feature vineyard landscape prominently with wine context. Shot with golden hour warm light. Avoid winter or dormant vineyard appearance.",16:9,Wine Tourism / Vineyard Experiences / Culinary Travel
376,Modern Home Exterior Curb Appeal,"Real estate listings, home sales, property marketing","You are a real estate photographer specializing in residential exteriors and property marketing for real estate agents and home sales. Create an attractive photograph of modern home exterior with curb appeal visible, architectural features shown, and property quality communicated creating home exterior moment. Use real estate photography with bright natural lighting and property aesthetic featuring home design, landscaping, and curb appeal creating property interest and home buying desire. Feature home exterior prominently with best angle. Shot with natural daylight and blue sky. Avoid grey weather or unflattering angles.",16:9,Real Estate Listings / Home Sales / Property Marketing
377,Living Room Staged Interior Bright,"Interior real estate, home staging, property listings","You are an interior real estate photographer specializing in residential interiors and home staging for property marketing and real estate sales. Create an inviting photograph of staged living room with furniture arranged, bright natural light, and livable space communicated creating living room interior moment. Use real estate photography with bright natural window lighting and interior aesthetic featuring room layout, natural light, and home appeal creating property interest and home visualization desire. Feature living room with bright inviting presentation. Shot with natural light and proper staging. Avoid dark rooms or cluttered spaces.",16:9,Interior Real Estate / Home Staging / Property Listings
378,Kitchen Modern Renovation Upgrade,"Kitchen real estate, home improvements, property value","You are a real estate photographer specializing in kitchen photography and home improvements for property marketing and renovation value. Create an impressive photograph of modern updated kitchen with appliances visible, countertops shown, and kitchen quality emphasized creating kitchen showcase moment. Use real estate photography with bright even lighting and kitchen aesthetic featuring modern updates, functional layout, and quality finishes creating property value appeal and home upgrade appreciation. Feature kitchen with best features prominently. Shot with bright even lighting showing all details. Avoid dated or messy kitchens.",16:9,Kitchen Real Estate / Home Improvements / Property Value
379,Backyard Outdoor Living Space,"Outdoor property, backyard amenities, outdoor living","You are an outdoor property photographer specializing in backyards and outdoor living spaces for real estate and property marketing. Create an appealing photograph of backyard with patio, deck, or outdoor features visible and outdoor living potential communicated creating backyard moment. Use real estate photography with natural outdoor lighting and property aesthetic featuring outdoor space, landscaping, and entertainment potential creating property appeal and outdoor living desire. Feature backyard with outdoor amenities prominently. Shot with natural daylight showing space potential. Avoid overgrown or neglected yards.",16:9,Outdoor Property / Backyard Amenities / Outdoor Living
380,Master Bedroom Suite Luxury,"Bedroom real estate, luxury features, primary suite","You are a luxury real estate photographer specializing in master bedrooms and suite photography for upscale property marketing. Create an elegant photograph of master bedroom suite with luxury bedding, spacious layout, and bedroom features visible creating master suite moment. Use real estate photography with natural soft lighting and luxury aesthetic featuring room size, bed presentation, and luxury amenities creating upscale property appeal and master suite desire. Feature master bedroom with luxury elements prominently. Shot with natural flattering lighting. Avoid cramped or unmade bed appearance.",16:9,Bedroom Real Estate / Luxury Features / Primary Suite
381,Bathroom Spa Luxury Master,"Bathroom real estate, luxury bathrooms, spa features","You are a luxury bathroom photographer specializing in spa bathrooms and high-end fixtures for upscale real estate marketing. Create a luxurious photograph of master bathroom with soaking tub, walk-in shower, or luxury finishes visible creating spa bathroom moment. Use real estate photography with bright even lighting and luxury aesthetic featuring bathroom fixtures, tile work, and spa-like quality creating luxury property appeal and bathroom upgrade desire. Feature bathroom with luxury elements prominently. Shot with bright clean lighting showing all features. Avoid dated or builder-grade bathrooms.",16:9,Bathroom Real Estate / Luxury Bathrooms / Spa Features
382,Home Office Work-from-Home Space,"Home office real estate, remote work spaces, functional rooms","You are a functional space photographer specializing in home offices and work spaces for modern real estate marketing. Create a professional photograph of home office with desk, storage, and work-from-home potential visible creating home office moment. Use real estate photography with natural bright lighting and office aesthetic featuring workspace layout, natural light, and professional environment creating work-from-home appeal and home office value. Feature home office with professional setup prominently. Shot with natural lighting showing functionality. Avoid cluttered or dark offices.",16:9,Home Office Real Estate / Remote Work Spaces / Functional Rooms
383,Pool Backyard Luxury Amenity,"Pool real estate, luxury amenities, outdoor features","You are a luxury outdoor photographer specializing in pools and high-end outdoor amenities for luxury real estate. Create a stunning photograph of backyard pool with water visible, pool deck shown, and luxury outdoor living communicated creating pool amenity moment. Use real estate photography with bright natural lighting and luxury aesthetic featuring pool design, outdoor space, and resort-style living creating luxury property appeal and pool amenity desire. Feature pool with surrounding outdoor space prominently. Shot with natural daylight and blue sky. Avoid green or dirty pool water.",16:9,Pool Real Estate / Luxury Amenities / Outdoor Features
384,Open Floor Plan Modern Living,"Open concept homes, modern layouts, space flow","You are a modern home photographer specializing in open floor plans and contemporary living for modern real estate marketing. Create a spacious photograph of open floor plan showing living, dining, kitchen flow with open concept visible creating modern living moment. Use real estate photography with natural bright lighting and modern aesthetic featuring space flow, natural light, and contemporary living creating open concept appeal and modern home desire. Feature open floor plan with flow visible prominently. Shot with wide angle showing entire space. Avoid closed-off or dated layouts.",16:9,Open Concept Homes / Modern Layouts / Space Flow
385,Luxury Condo City View,"Condo real estate, urban living, city views","You are an urban real estate photographer specializing in condos and city living for urban property marketing. Create an impressive photograph of luxury condo interior with city view visible through windows creating urban living moment. Use real estate photography with natural window lighting and urban aesthetic featuring condo finishes, city view, and urban lifestyle creating condo appeal and city living desire. Feature condo interior with city view prominently. Shot with natural light and visible skyline. Avoid blocked views or dark interiors.",16:9,Condo Real Estate / Urban Living / City Views
386,Historic Home Character Architecture,"Historic properties, character homes, period architecture","You are a historic property photographer specializing in character homes and period architecture for heritage real estate. Create an appealing photograph of historic home with original details, architectural character, and period features visible creating historic home moment. Use real estate photography with natural flattering lighting and heritage aesthetic featuring architectural details, original features, and home character creating historic property appeal and character home appreciation. Feature historic details prominently. Shot with lighting showing character and details. Avoid dark or poorly maintained historic homes.",16:9,Historic Properties / Character Homes / Period Architecture
387,Farmhouse Kitchen Rustic Charm,"Farmhouse style, rustic homes, country properties","You are a farmhouse style photographer specializing in rustic interiors and country homes for rural real estate marketing. Create a charming photograph of farmhouse kitchen with rustic elements, country charm, and farmhouse style visible creating farmhouse moment. Use real estate photography with warm natural lighting and farmhouse aesthetic featuring rustic finishes, country details, and homey appeal creating farmhouse style interest and rural property desire. Feature farmhouse kitchen with rustic charm prominently. Shot with warm natural light. Avoid overly modern or sleek appearance.",16:9,Farmhouse Style / Rustic Homes / Country Properties
388,Apartment Rental Studio Efficient,"Rental properties, apartment marketing, studio efficiency","You are a rental property photographer specializing in apartments and efficient spaces for rental marketing and property management. Create a smart photograph of studio apartment with efficient layout, functional living space, and rental appeal visible creating studio living moment. Use real estate photography with bright natural lighting and space-maximizing aesthetic featuring smart layout, natural light, and livable space creating rental appeal and studio efficiency appreciation. Feature studio layout with space efficiency. Shot with bright lighting showing full space. Avoid cramped or dark studios.",16:9,Rental Properties / Apartment Marketing / Studio Efficiency
389,Vacation Rental Airbnb Ready,"Vacation rentals, Airbnb listings, short-term rentals","You are a vacation rental photographer specializing in Airbnb and short-term rental marketing for rental property owners. Create an inviting photograph of vacation rental interior with guest-ready presentation, vacation amenities, and rental appeal visible creating vacation rental moment. Use hospitality photography with bright welcoming lighting and vacation aesthetic featuring comfortable space, amenities, and guest experience creating vacation rental appeal and booking desire. Feature rental space with welcoming presentation. Shot with bright inviting lighting. Avoid cluttered or uninviting spaces.",16:9,Vacation Rentals / Airbnb Listings / Short-Term Rentals
390,Commercial Property Office Space,"Commercial real estate, office leasing, business properties","You are a commercial real estate photographer specializing in office spaces and business properties for commercial property marketing. Create a professional photograph of commercial office space with professional environment, natural light, and business potential visible creating office space moment. Use commercial photography with bright professional lighting and business aesthetic featuring office layout, natural light, and professional space creating commercial property appeal and office leasing interest. Feature office space with professional presentation. Shot with bright even lighting showing space. Avoid dark or outdated office spaces.",16:9,Commercial Real Estate / Office Leasing / Business Properties
391,Laptop Screen Dashboard Interface,"SaaS marketing, software demos, dashboard showcases","You are a SaaS product photographer specializing in software interfaces and dashboard photography for technology companies and software marketing. Create a clean photograph of laptop screen showing software dashboard or interface with clear UI visible and software functionality communicated creating SaaS product moment. Use product photography with clean bright lighting and tech aesthetic featuring interface design, dashboard clarity, and software features creating SaaS appeal and software interest. Feature laptop screen with interface clearly visible. Shot with anti-glare lighting showing screen. Avoid glare or unreadable screens.",16:9,SaaS Marketing / Software Demos / Dashboard Showcases
392,Team Video Conference Remote Work,"Video conferencing, remote collaboration, team software","You are a remote work photographer specializing in video conferencing and team collaboration for communication software and remote work tools. Create an authentic photograph of person in video conference call with screen showing remote team and collaboration suggested creating video conference moment. Use lifestyle photography with natural home office lighting and remote work aesthetic featuring video call interface, remote collaboration, and modern work creating video conferencing appeal and remote work software interest. Feature video conference setup prominently. Shot with natural realistic home lighting. Avoid fake or staged conference appearances.",16:9,Video Conferencing / Remote Collaboration / Team Software
393,Mobile App Phone Interface,"Mobile app marketing, app screenshots, software features","You are a mobile app photographer specializing in smartphone interfaces and app photography for mobile software and app marketing. Create a clean photograph of smartphone showing mobile app interface with app features visible and user experience communicated creating mobile app moment. Use product photography with bright clean lighting and mobile aesthetic featuring app interface, screen clarity, and mobile features creating app appeal and download interest. Feature smartphone with app interface clearly. Shot with lighting eliminating screen glare. Avoid blurry or unreadable app screens.",9:16,Mobile App Marketing / App Screenshots / Software Features
394,Cloud Computing Network Visual,"Cloud services, enterprise tech, network solutions","You are a technology concept photographer specializing in cloud computing and network visualization for enterprise tech and IT services. Create a modern photograph visualizing cloud computing with laptop, multiple devices connected, or network concept suggested creating cloud tech moment. Use tech photography with clean modern lighting and technology aesthetic featuring connected devices, cloud concept, and modern technology creating cloud services appeal and enterprise tech interest. Feature cloud computing visualization. Shot with clean tech lighting. Avoid dated or unclear tech concepts.",16:9,Cloud Services / Enterprise Tech / Network Solutions
395,Coding Developer Workspace Programming,"Developer tools, coding software, programming content","You are a developer lifestyle photographer specializing in coding environments and programmer workspace for developer tools and coding platforms. Create an authentic photograph of developer workspace with code visible on screen, programming environment shown, and developer culture communicated creating coding moment. Use lifestyle photography with natural workspace lighting and developer aesthetic featuring code on screen, developer setup, and programming culture creating developer tools appeal and coding community connection. Feature coding workspace with screen visible. Shot with natural office lighting. Avoid fake code or non-developer setups.",16:9,Developer Tools / Coding Software / Programming Content
396,Tablet Digital Workflow Creative,"Creative software, digital tools, tablet apps","You are a creative tech photographer specializing in tablets and digital creative tools for creative software and digital workflow products. Create a dynamic photograph of tablet being used for creative work with design, drawing, or creative app visible creating digital creative moment. Use lifestyle photography with natural creative lighting and artistic aesthetic featuring tablet use, creative work, and digital workflow creating creative software appeal and digital tools interest. Feature tablet with creative app in use. Shot with natural creative workspace lighting. Avoid static or unused tablet display.",4:5,Creative Software / Digital Tools / Tablet Apps
397,Data Analytics Dashboard Charts,"Analytics software, business intelligence, data visualization","You are a business tech photographer specializing in analytics and data visualization for analytics software and business intelligence platforms. Create a professional photograph of screen showing data dashboard with charts, graphs, and analytics visible creating data analytics moment. Use product photography with clean professional lighting and business aesthetic featuring data visualization, dashboard clarity, and business insights creating analytics software appeal and data tools interest. Feature analytics dashboard prominently. Shot with lighting showing screen clearly. Avoid cluttered or unclear data displays.",16:9,Analytics Software / Business Intelligence / Data Visualization
398,Smart Home Device Control App,"Smart home tech, IoT devices, home automation","You are a smart home photographer specializing in connected devices and home automation for IoT companies and smart home brands. Create a modern photograph of smartphone controlling smart home device with app interface visible and home automation suggested creating smart home moment. Use lifestyle photography with natural home lighting and tech aesthetic featuring smart device, app control, and home automation creating smart home appeal and connected living interest. Feature smart home control prominently. Shot with natural home lighting showing device and app. Avoid complicated or confusing tech setups.",4:5,Smart Home Tech / IoT Devices / Home Automation
399,Cybersecurity Lock Shield Concept,"Cybersecurity, data protection, security software","You are a security tech photographer specializing in cybersecurity visualization and security concepts for security software and data protection companies. Create a conceptual photograph representing cybersecurity with lock icon, shield visual, or security concept displayed creating security moment. Use tech photography with professional dramatic lighting and security aesthetic featuring security concept, protection message, and trust signals creating cybersecurity appeal and data protection awareness. Feature security visualization prominently. Shot with dramatic tech lighting. Avoid cheesy or outdated security imagery.",16:9,Cybersecurity / Data Protection / Security Software
400,E-commerce Platform Product Management,"E-commerce software, online store platforms, retail tech","You are an e-commerce tech photographer specializing in platform interfaces and online retail for e-commerce software and retail technology. Create a practical photograph of e-commerce platform interface with product management, store dashboard, or selling tools visible creating e-commerce platform moment. Use product photography with clean bright lighting and retail tech aesthetic featuring platform interface, e-commerce tools, and business functionality creating platform appeal and online selling interest. Feature e-commerce interface clearly. Shot with lighting showing screen details. Avoid cluttered or confusing interfaces.",16:9,E-commerce Software / Online Store Platforms / Retail Tech
401,AI Robot Automation Future Tech,"AI technology, automation, future tech marketing","You are a future technology photographer specializing in AI and automation visualization for AI companies and technology innovation. Create a futuristic photograph representing AI technology with robot, automation concept, or AI visualization creating AI tech moment. Use tech photography with modern dramatic lighting and futuristic aesthetic featuring AI concept, innovation message, and future technology creating AI appeal and automation interest. Feature AI visualization prominently. Shot with modern tech lighting. Avoid dated robot or clunky sci-fi imagery.",16:9,AI Technology / Automation / Future Tech Marketing
402,Blockchain Cryptocurrency Network,"Cryptocurrency, blockchain tech, fintech innovation","You are a fintech photographer specializing in blockchain and cryptocurrency visualization for crypto companies and fintech innovation. Create a technical photograph representing blockchain or cryptocurrency with network visualization, digital currency concept, or blockchain technology suggested creating crypto moment. Use tech photography with digital lighting and fintech aesthetic featuring blockchain concept, network visualization, and digital currency creating cryptocurrency appeal and blockchain interest. Feature blockchain visualization. Shot with modern tech lighting. Avoid confusing or misleading crypto imagery.",16:9,Cryptocurrency / Blockchain Tech / Fintech Innovation
403,Virtual Reality VR Headset User,"VR technology, immersive tech, metaverse marketing","You are a VR technology photographer specializing in virtual reality and immersive experiences for VR companies and metaverse platforms. Create an engaging photograph of person wearing VR headset with interaction visible and immersive experience suggested creating VR moment. Use tech photography with dramatic lighting and immersive aesthetic featuring VR headset, user engagement, and virtual experience creating VR technology appeal and immersive tech interest. Feature VR user prominently with headset visible. Shot with dramatic tech lighting. Avoid awkward or unflattering VR user poses.",4:5,VR Technology / Immersive Tech / Metaverse Marketing
404,Project Management Kanban Board,"Project management software, productivity tools, team collaboration","You are a productivity software photographer specializing in project management and team tools for PM platforms and collaboration software. Create an organized photograph of project management interface with kanban board, tasks, or team workflow visible creating project management moment. Use product photography with clean organized lighting and productivity aesthetic featuring PM interface, workflow organization, and team collaboration creating project management appeal and productivity tools interest. Feature project management interface clearly. Shot with bright clean lighting. Avoid cluttered or chaotic task boards.",16:9,Project Management Software / Productivity Tools / Team Collaboration
405,Podcast Recording Studio Setup,"Podcast software, audio tech, content creation tools","You are a content creation photographer specializing in podcast setups and audio production for podcast platforms and audio software. Create a professional photograph of podcast recording setup with microphone, headphones, and recording interface visible creating podcast moment. Use lifestyle photography with warm studio lighting and creator aesthetic featuring podcast equipment, recording environment, and content creation creating podcast software appeal and audio production interest. Feature podcast setup prominently. Shot with warm natural lighting showing professional equipment. Avoid amateur or messy podcast setups.",16:9,Podcast Software / Audio Tech / Content Creation Tools
406,Futuristic Hologram Display Tech,"Future tech visualization, holographic displays, innovation marketing","You are a future technology photographer specializing in holographic and advanced display concepts for innovation marketing and future tech visualization. Create a futuristic photograph of holographic display or projection with digital interface floating in air and advanced technology suggested creating hologram moment. Use tech photography with dramatic lighting and sci-fi aesthetic featuring holographic display, futuristic interface, and innovation visualization creating future tech appeal and advanced technology fascination. Feature hologram prominently. Shot with dramatic lighting creating holographic effect. Avoid cheesy outdated sci-fi imagery.",16:9,Future Tech Visualization / Holographic Displays / Innovation Marketing
407,AI Neural Network Visualization,"AI marketing, machine learning, neural networks","You are an AI visualization photographer specializing in neural networks and machine learning concepts for AI companies and tech innovation. Create a technical photograph visualizing AI neural network with nodes, connections, or network visualization representing machine learning creating neural network moment. Use tech photography with digital lighting and AI aesthetic featuring network visualization, AI concept, and machine learning representation creating AI technology appeal and neural network interest. Feature neural network visualization prominently. Shot with tech lighting creating digital network effect. Avoid confusing or unclear visualizations.",16:9,AI Marketing / Machine Learning / Neural Networks
408,Drone Aerial Future Delivery,"Drone technology, autonomous delivery, future logistics","You are a drone technology photographer specializing in aerial devices and autonomous systems for drone companies and delivery innovation. Create a dynamic photograph of delivery drone in flight with package visible and autonomous delivery suggested creating drone delivery moment. Use tech photography with natural outdoor lighting and innovation aesthetic featuring drone, delivery package, and autonomous technology creating drone tech appeal and future delivery interest. Feature drone in flight prominently. Shot with natural light showing drone and mission. Avoid static ground-based drone photos.",16:9,Drone Technology / Autonomous Delivery / Future Logistics
409,Autonomous Vehicle Self-Driving,"Self-driving cars, autonomous vehicles, transportation tech","You are an automotive tech photographer specializing in autonomous vehicles and self-driving technology for auto tech companies and transportation innovation. Create a modern photograph of autonomous vehicle with self-driving sensors visible and future transportation suggested creating self-driving moment. Use tech photography with clean modern lighting and automotive aesthetic featuring autonomous features, vehicle technology, and future mobility creating self-driving appeal and autonomous vehicle interest. Feature autonomous vehicle prominently showing tech features. Shot with modern lighting emphasizing technology. Avoid dated or unclear autonomous indicators.",16:9,Self-Driving Cars / Autonomous Vehicles / Transportation Tech
410,Robotic Arm Manufacturing Automation,"Industrial automation, robotics, manufacturing tech","You are an industrial technology photographer specializing in robotics and manufacturing automation for industrial companies and robotics firms. Create a technical photograph of robotic arm in manufacturing setting with precision work visible and automation emphasized creating industrial robotics moment. Use industrial photography with dramatic facility lighting and manufacturing aesthetic featuring robotic arm, precision automation, and industrial technology creating robotics appeal and automation interest. Feature robotic arm in action prominently. Shot with industrial lighting showing precision work. Avoid static or idle robot appearances.",16:9,Industrial Automation / Robotics / Manufacturing Tech
411,Quantum Computer Futuristic Lab,"Quantum computing, advanced research, cutting-edge tech","You are a quantum technology photographer specializing in advanced computing and research lab photography for quantum computing companies and research institutions. Create a sophisticated photograph of quantum computer or advanced lab equipment with futuristic technology visible and quantum computing suggested creating quantum moment. Use tech photography with clean lab lighting and scientific aesthetic featuring quantum equipment, advanced technology, and research environment creating quantum computing fascination and cutting-edge tech interest. Feature quantum technology prominently. Shot with clean scientific lighting. Avoid cluttered or confusing lab imagery.",16:9,Quantum Computing / Advanced Research / Cutting-Edge Tech
412,Augmented Reality AR Overlay Experience,"AR technology, augmented experiences, mixed reality","You are an AR technology photographer specializing in augmented reality and mixed reality experiences for AR companies and immersive tech platforms. Create an engaging photograph of person experiencing AR with digital overlay visible in real environment and augmented reality suggested creating AR moment. Use tech photography with natural environmental lighting and AR aesthetic featuring AR overlay, real-world integration, and augmented experience creating AR technology appeal and mixed reality interest. Feature AR experience with visible overlay. Shot with natural light showing digital-physical blend. Avoid pure VR or unclear AR demonstrations.",4:5,AR Technology / Augmented Experiences / Mixed Reality
413,3D Printer Additive Manufacturing,"3D printing, additive manufacturing, maker tech","You are a manufacturing technology photographer specializing in 3D printing and additive manufacturing for 3D printer companies and maker tech. Create a detailed photograph of 3D printer in action with print in progress visible and additive manufacturing process shown creating 3D printing moment. Use tech photography with focused lighting and maker aesthetic featuring printer operation, print progress, and manufacturing innovation creating 3D printing appeal and maker tech interest. Feature 3D printer with visible printing action. Shot with focused lighting showing print details. Avoid static or idle printer displays.",16:9,3D Printing / Additive Manufacturing / Maker Tech
414,Smart Glasses Wearable AR Device,"Wearable tech, smart glasses, AR wearables","You are a wearable technology photographer specializing in smart glasses and AR wearables for wearable tech companies and AR device manufacturers. Create a stylish photograph of smart glasses being worn with AR interface suggested and wearable tech emphasized creating smart glasses moment. Use tech photography with natural portrait lighting and wearable aesthetic featuring smart glasses design, wearable integration, and AR capability creating smart glasses appeal and wearable tech interest. Feature smart glasses on person prominently. Shot with flattering lighting showing device design. Avoid awkward or unflattering wearable photos.",4:5,Wearable Tech / Smart Glasses / AR Wearables
415,Electric Vehicle Charging Station,"EV technology, charging infrastructure, clean energy","You are an electric vehicle photographer specializing in EV charging and clean energy infrastructure for EV companies and charging networks. Create a modern photograph of electric vehicle at charging station with car charging and EV infrastructure visible creating EV charging moment. Use tech photography with clean modern lighting and sustainable aesthetic featuring EV, charging station, and clean energy creating electric vehicle appeal and charging infrastructure interest. Feature EV and charging station prominently. Shot with modern clean lighting. Avoid gas station or dated infrastructure appearance.",16:9,EV Technology / Charging Infrastructure / Clean Energy
416,Biometric Security Fingerprint Scan,"Biometric tech, security systems, identity verification","You are a security technology photographer specializing in biometric systems and identity verification for security companies and biometric tech firms. Create a futuristic photograph of fingerprint scan or biometric authentication with finger on scanner and security technology suggested creating biometric moment. Use tech photography with dramatic tech lighting and security aesthetic featuring biometric scanner, authentication process, and security technology creating biometric appeal and secure authentication interest. Feature biometric scan prominently. Shot with tech lighting creating secure advanced appearance. Avoid dated or unclear biometric imagery.",1:1,Biometric Tech / Security Systems / Identity Verification
417,Space Satellite Technology Orbit,"Space tech, satellite systems, aerospace innovation","You are a space technology photographer specializing in satellites and aerospace systems for space companies and satellite technology firms. Create an impressive photograph of satellite in orbit or space with Earth visible optional and space technology emphasized creating satellite moment. Use space photography with dramatic space lighting and aerospace aesthetic featuring satellite design, space environment, and orbital technology creating space tech fascination and satellite interest. Feature satellite in space prominently. Shot with dramatic space lighting showing technology. Avoid Earth-bound or unclear space imagery.",16:9,Space Tech / Satellite Systems / Aerospace Innovation
418,Wireless Charging Pad Modern Tech,"Wireless charging, mobile accessories, convenient tech","You are a mobile technology photographer specializing in wireless charging and phone accessories for tech accessory brands and mobile innovation. Create a clean photograph of smartphone on wireless charging pad with charging indicated and wireless technology emphasized creating wireless charging moment. Use product photography with modern clean lighting and tech aesthetic featuring charging pad, phone placement, and wireless convenience creating wireless charging appeal and modern tech interest. Feature wireless charging setup prominently. Shot with clean tech lighting. Avoid cluttered or unclear charging displays.",1:1,Wireless Charging / Mobile Accessories / Convenient Tech
419,Digital Twin Virtual Simulation,"Digital twin technology, simulation systems, industrial IoT","You are an industrial tech photographer specializing in digital twins and virtual simulation for industrial IoT and simulation companies. Create a technical photograph visualizing digital twin concept with physical and virtual versions or simulation interface visible creating digital twin moment. Use tech photography with industrial lighting and simulation aesthetic featuring twin visualization, virtual-physical connection, and industrial technology creating digital twin fascination and simulation interest. Feature digital twin visualization prominently. Shot with tech lighting showing concept clearly. Avoid confusing or unclear twin representations.",16:9,Digital Twin Technology / Simulation Systems / Industrial IoT
420,Voice Assistant Smart Speaker Home,"Voice assistants, smart speakers, AI home devices","You are a smart home photographer specializing in voice assistants and AI speakers for smart speaker brands and voice AI companies. Create a lifestyle photograph of smart speaker in modern home with voice interaction suggested and AI assistant emphasized creating voice assistant moment. Use lifestyle photography with natural home lighting and modern aesthetic featuring smart speaker design, home integration, and voice control creating smart speaker appeal and AI assistant interest. Feature smart speaker in natural home setting. Shot with natural home lighting showing device. Avoid dated or bulky speaker designs.",4:5,Voice Assistants / Smart Speakers / AI Home Devices
421,Business Meeting Conference Room,"Corporate photography, business meetings, professional services","You are a corporate photographer specializing in business meetings and professional environments for corporate clients and business services. Create a professional photograph of business meeting in conference room with team collaboration, professional setting, and business atmosphere visible creating corporate meeting moment. Use corporate photography with natural office lighting and professional aesthetic featuring meeting dynamics, business environment, and team collaboration creating corporate appeal and professional service credibility. Feature business meeting with professional setting prominently. Shot with natural office lighting. Avoid messy or unprofessional meeting spaces.",16:9,Corporate Photography / Business Meetings / Professional Services
422,Handshake Business Deal Partnership,"Business deals, partnerships, professional agreements","You are a business relationship photographer specializing in handshakes and partnership moments for corporate and professional services. Create a confident photograph of business handshake with professional attire, deal-making context, and partnership emphasized creating business deal moment. Use corporate photography with natural professional lighting and business aesthetic featuring handshake, professional interaction, and business confidence creating partnership appeal and deal-making trust. Feature handshake prominently with business context. Shot with professional lighting showing confident interaction. Avoid awkward or weak handshake displays.",16:9,Business Deals / Partnerships / Professional Agreements
423,Office Team Collaboration Modern,"Team collaboration, modern workplace, corporate culture","You are a workplace photographer specializing in team collaboration and modern office culture for corporate employers and workplace brands. Create an energetic photograph of office team collaborating with modern workspace, team interaction, and collaborative culture visible creating team collaboration moment. Use lifestyle photography with natural office lighting and modern workplace aesthetic featuring team dynamics, office environment, and collaboration culture creating workplace appeal and team culture attraction. Feature team collaboration in modern office. Shot with natural bright office lighting. Avoid dated offices or forced collaboration poses.",16:9,Team Collaboration / Modern Workplace / Corporate Culture
424,Business Person Confident Portrait,"Professional headshots, business portraits, leadership imagery","You are a corporate portrait photographer specializing in business headshots and professional portraits for executives and business professionals. Create a confident photograph of business professional with professional attire, confident expression, and business authority communicated creating business portrait moment. Use portrait photography with professional studio or office lighting and corporate aesthetic featuring professional presentation, confident demeanor, and business credibility creating professional headshot appeal and leadership presence. Feature business professional prominently with confident expression. Shot with professional portrait lighting. Avoid casual or unprofessional appearance.",4:5,Professional Headshots / Business Portraits / Leadership Imagery
425,Financial District Cityscape Business,"Financial services, corporate headquarters, business districts","You are a corporate cityscape photographer specializing in financial districts and business architecture for financial services and corporate marketing. Create an impressive photograph of financial district with skyscrapers, business buildings, and corporate architecture visible creating business district moment. Use architectural photography with dramatic urban lighting and corporate aesthetic featuring financial district, business architecture, and corporate power creating financial services appeal and business district authority. Feature financial district prominently. Shot with dramatic urban lighting showing modern business architecture. Avoid run-down or dated business districts.",16:9,Financial Services / Corporate Headquarters / Business Districts
426,Business Presentation Speaker Audience,"Business presentations, conferences, corporate speaking","You are an event photographer specializing in business presentations and corporate speaking for conferences and business events. Create a dynamic photograph of business presenter speaking to audience with presentation visible, engagement shown, and professional event communicated creating business presentation moment. Use event photography with stage lighting and conference aesthetic featuring presenter, audience, and professional presentation creating business speaking appeal and conference authority. Feature presenter and presentation prominently. Shot with event lighting capturing presentation moment. Avoid empty or boring presentation rooms.",16:9,Business Presentations / Conferences / Corporate Speaking
427,Corporate Office Building Exterior,"Corporate real estate, headquarters photography, business facilities","You are a corporate real estate photographer specializing in office buildings and business facilities for corporate marketing and real estate. Create an authoritative photograph of corporate office building exterior with modern architecture, professional appearance, and business headquarters communicated creating corporate building moment. Use architectural photography with natural daylight and corporate aesthetic featuring building design, professional presence, and corporate authority creating headquarters appeal and corporate real estate interest. Feature corporate building prominently. Shot with natural daylight and blue sky. Avoid dated or rundown buildings.",16:9,Corporate Real Estate / Headquarters Photography / Business Facilities
428,Business Documents Contract Signing,"Legal services, contracts, business documentation","You are a business documentation photographer specializing in contracts and legal services for legal firms and business services. Create a professional photograph of business documents or contract being signed with pen in hand and legal process suggested creating contract moment. Use commercial photography with clean professional lighting and business aesthetic featuring documents, signing process, and business formality creating legal services trust and contract professionalism. Feature contract documents and signing prominently. Shot with clean lighting showing documents clearly. Avoid messy or unprofessional document displays.",16:9,Legal Services / Contracts / Business Documentation
429,Business Lunch Meeting Restaurant,"Business dining, client meetings, professional networking","You are a business lifestyle photographer specializing in business dining and professional meetings for hospitality and business services. Create a sophisticated photograph of business lunch meeting in upscale restaurant with professional conversation, business dining, and client relationship building suggested creating business lunch moment. Use lifestyle photography with restaurant ambient lighting and professional aesthetic featuring business interaction, dining setting, and relationship building creating business hospitality appeal and professional networking interest. Feature business lunch meeting in restaurant setting. Shot with natural restaurant lighting. Avoid casual or unprofessional dining appearances.",16:9,Business Dining / Client Meetings / Professional Networking
430,Coworking Space Modern Freelance,"Coworking spaces, freelance work, flexible offices","You are a coworking photographer specializing in flexible workspaces and modern work environments for coworking operators and freelance brands. Create an inviting photograph of coworking space with modern design, flexible work areas, and community atmosphere visible creating coworking moment. Use interior photography with natural bright lighting and modern aesthetic featuring workspace design, flexibility, and community culture creating coworking appeal and flexible work attraction. Feature coworking space with modern design prominently. Shot with bright natural lighting. Avoid empty or dated coworking spaces.",16:9,Coworking Spaces / Freelance Work / Flexible Offices
431,Business Analytics Charts Meeting,"Business intelligence, data-driven decisions, analytics meetings","You are a business intelligence photographer specializing in analytics and data presentations for business software and corporate decision-making. Create a professional photograph of business analytics meeting with charts, graphs, or data visible and data-driven business emphasized creating analytics meeting moment. Use corporate photography with professional meeting lighting and business aesthetic featuring data visualization, team analysis, and business intelligence creating analytics appeal and data-driven culture interest. Feature analytics charts and business team. Shot with professional lighting showing data clearly. Avoid unclear or cluttered data displays.",16:9,Business Intelligence / Data-Driven Decisions / Analytics Meetings
432,Startup Office Casual Culture,"Startup culture, casual offices, tech companies","You are a startup photographer specializing in casual office culture and tech company environments for startups and tech brands. Create an authentic photograph of startup office with casual work culture, collaborative spaces, and startup energy visible creating startup culture moment. Use lifestyle photography with natural office lighting and startup aesthetic featuring casual environment, team collaboration, and innovation energy creating startup appeal and tech company attraction. Feature startup office with team and casual culture. Shot with natural bright lighting. Avoid corporate or formal office appearances.",16:9,Startup Culture / Casual Offices / Tech Companies
433,Executive Leadership Team Photo,"Leadership teams, executive portraits, corporate about pages","You are a corporate team photographer specializing in executive leadership and team portraits for corporate communications and about pages. Create a professional photograph of executive leadership team with confident presence, professional attire, and team unity communicated creating leadership team moment. Use corporate photography with professional studio or office lighting and executive aesthetic featuring team unity, professional presence, and leadership confidence creating executive credibility and corporate trust. Feature leadership team prominently with professional presentation. Shot with even professional lighting. Avoid casual or disorganized team photos.",16:9,Leadership Teams / Executive Portraits / Corporate About Pages
434,Business Reception Professional Lobby,"Office lobbies, reception areas, corporate facilities","You are a corporate interior photographer specializing in reception areas and office lobbies for corporate real estate and facility management. Create a welcoming photograph of business reception or lobby with professional design, reception desk, and corporate welcome communicated creating reception moment. Use interior photography with natural and ambient lighting and corporate aesthetic featuring lobby design, professional welcome, and corporate environment creating office facility appeal and professional space interest. Feature reception area with professional design prominently. Shot with balanced interior lighting. Avoid dark or dated reception areas.",16:9,Office Lobbies / Reception Areas / Corporate Facilities
435,Business Card Exchange Networking,"Networking events, business cards, professional connections","You are a business networking photographer specializing in professional connections and networking events for business services and networking platforms. Create a professional photograph of business card exchange with hands exchanging cards and professional networking suggested creating networking moment. Use lifestyle photography with natural event lighting and professional aesthetic featuring card exchange, networking interaction, and professional connection creating networking appeal and business connection interest. Feature business card exchange prominently. Shot with natural professional lighting. Avoid awkward or forced networking poses.",4:5,Networking Events / Business Cards / Professional Connections
436,Luxury Car Exterior Showroom,"Luxury automotive, car sales, vehicle marketing","You are a luxury automotive photographer specializing in high-end vehicles and showroom photography for luxury car brands and dealerships. Create a stunning photograph of luxury car exterior with sleek design, premium finish, and luxury appeal visible creating luxury car moment. Use automotive photography with dramatic studio or showroom lighting and premium aesthetic featuring car design, luxury details, and vehicle quality creating luxury car appeal and premium vehicle desire. Feature luxury car prominently with best angle. Shot with dramatic automotive lighting showing car beauty. Avoid budget or dated vehicle appearances.",16:9,Luxury Automotive / Car Sales / Vehicle Marketing
437,Car Interior Leather Details,"Interior automotive, luxury interiors, vehicle features","You are an automotive interior photographer specializing in car interiors and luxury details for automotive brands and vehicle marketing. Create a detailed photograph of luxury car interior with leather seats, dashboard, and interior quality visible creating car interior moment. Use automotive photography with interior lighting and luxury aesthetic featuring leather quality, interior design, and vehicle luxury creating interior appeal and luxury vehicle desire. Feature car interior with luxury details prominently. Shot with interior lighting showing materials and quality. Avoid budget or cloth interior appearances.",16:9,Interior Automotive / Luxury Interiors / Vehicle Features
438,Sports Car Action Road Motion,"Performance vehicles, sports cars, dynamic automotive","You are an action automotive photographer specializing in performance vehicles and dynamic car photography for sports car brands and performance marketing. Create a dynamic photograph of sports car in motion on road with speed suggested, motion blur optional, and performance emphasized creating sports car action moment. Use automotive photography with panning technique and performance aesthetic featuring car motion, performance capability, and driving excitement creating sports car appeal and performance vehicle desire. Feature sports car with dynamic motion. Shot with panning or action technique showing speed. Avoid static or parked performance car shots.",16:9,Performance Vehicles / Sports Cars / Dynamic Automotive
439,Classic Vintage Car Restoration,"Classic cars, vintage automotive, restoration projects","You are a classic car photographer specializing in vintage vehicles and restoration photography for classic car enthusiasts and restoration shops. Create a beautiful photograph of classic vintage car with restoration quality, period details, and automotive history visible creating vintage car moment. Use automotive photography with natural outdoor lighting and vintage aesthetic featuring classic car design, restoration quality, and automotive heritage creating classic car appreciation and vintage vehicle desire. Feature vintage car with classic details prominently. Shot with natural light emphasizing classic beauty. Avoid modern or incorrect period details.",16:9,Classic Cars / Vintage Automotive / Restoration Projects
440,Electric Vehicle Modern Sustainable,"Electric vehicles, sustainable automotive, EV marketing","You are an electric vehicle photographer specializing in EVs and sustainable transportation for electric car brands and green automotive. Create a modern photograph of electric vehicle with EV design, sustainable technology, and clean energy emphasized creating electric vehicle moment. Use automotive photography with clean modern lighting and sustainable aesthetic featuring EV design, electric features, and environmental message creating EV appeal and sustainable vehicle interest. Feature electric vehicle with modern EV styling. Shot with clean lighting showing contemporary design. Avoid gas vehicle or dated automotive appearance.",16:9,Electric Vehicles / Sustainable Automotive / EV Marketing
441,SUV Adventure Off-Road Outdoor,"SUV marketing, adventure vehicles, outdoor automotive","You are an adventure automotive photographer specializing in SUVs and off-road vehicles for SUV brands and outdoor vehicle marketing. Create an adventurous photograph of SUV in outdoor adventure setting with off-road capability, rugged environment, and adventure lifestyle suggested creating SUV adventure moment. Use automotive photography with natural outdoor lighting and adventure aesthetic featuring SUV capability, outdoor setting, and adventure lifestyle creating SUV appeal and outdoor vehicle desire. Feature SUV in adventure context prominently. Shot with natural outdoor lighting showing capability. Avoid pavement-only or urban SUV displays.",16:9,SUV Marketing / Adventure Vehicles / Outdoor Automotive
442,Car Headlight Detail Artistic,"Automotive details, car photography art, vehicle features","You are an automotive detail photographer specializing in car features and artistic automotive photography for car brands and automotive art. Create an artistic photograph of car headlight with design detail, lighting technology, and automotive artistry visible creating headlight detail moment. Use automotive photography with dramatic focused lighting and artistic aesthetic featuring headlight design, light technology, and vehicle details creating automotive art appreciation and car detail interest. Feature car headlight with artistic detail prominently. Shot with dramatic lighting emphasizing design. Avoid boring or poorly lit headlight shots.",4:5,Automotive Details / Car Photography Art / Vehicle Features
443,Motorcycle Freedom Road Open,"Motorcycle marketing, riding lifestyle, freedom vehicles","You are a motorcycle photographer specializing in bikes and riding lifestyle for motorcycle brands and riding culture. Create an inspiring photograph of motorcycle on open road with freedom, riding lifestyle, and motorcycle culture suggested creating motorcycle freedom moment. Use automotive photography with natural outdoor lighting and lifestyle aesthetic featuring motorcycle, open road, and riding freedom creating motorcycle appeal and riding lifestyle desire. Feature motorcycle with open road prominently. Shot with natural light creating freedom mood. Avoid parked indoor or static motorcycle shots.",16:9,Motorcycle Marketing / Riding Lifestyle / Freedom Vehicles
444,Auto Detailing Car Wash Shine,"Car care, detailing services, auto maintenance","You are an auto care photographer specializing in car detailing and vehicle maintenance for detailing services and car care products. Create a satisfying photograph of car being detailed or freshly washed with shine, clean finish, and care quality visible creating auto detailing moment. Use commercial photography with bright natural lighting and care aesthetic featuring car shine, detailing work, and vehicle care creating detailing service appeal and car care interest. Feature detailed car with shine prominently. Shot with bright lighting emphasizing clean shine. Avoid dirty or poorly detailed vehicles.",16:9,Car Care / Detailing Services / Auto Maintenance
445,Car Dealership Sales Floor,"Dealerships, car sales, automotive retail","You are an automotive retail photographer specializing in dealerships and sales environments for car dealers and automotive retail. Create a professional photograph of car dealership sales floor with vehicles displayed, showroom design, and sales environment visible creating dealership moment. Use commercial photography with bright showroom lighting and retail aesthetic featuring vehicle display, showroom quality, and sales environment creating dealership appeal and automotive retail interest. Feature dealership showroom with displayed vehicles. Shot with bright even showroom lighting. Avoid cluttered or dated dealership appearances.",16:9,Dealerships / Car Sales / Automotive Retail
446,Modern Architecture Exterior Clean Lines,"Architectural photography, modern buildings, design showcase","You are an architectural photographer specializing in modern buildings and contemporary architecture for architects and design firms. Create a striking photograph of modern building exterior with clean lines, architectural design, and contemporary style visible creating modern architecture moment. Use architectural photography with natural daylight and modern aesthetic featuring building lines, design details, and architectural form creating architecture appreciation and modern design interest. Feature modern building with clean design prominently. Shot with natural light and proper architectural perspective. Avoid distorted or poorly lit buildings.",4:5,Architectural Photography / Modern Buildings / Design Showcase
447,Interior Design Living Room Styled,"Interior design, home decor, design portfolios","You are an interior design photographer specializing in residential interiors and styled spaces for interior designers and home design. Create a beautiful photograph of designed living room with furniture arrangement, design style, and interior aesthetics visible creating interior design moment. Use interior photography with natural and ambient lighting and design aesthetic featuring room design, furniture styling, and interior appeal creating design inspiration and interior design interest. Feature designed living room prominently with styling visible. Shot with natural window light and ambient lighting. Avoid cluttered or unstaged spaces.",16:9,Interior Design / Home Decor / Design Portfolios
448,Minimalist Interior White Space,"Minimalist design, contemporary interiors, clean aesthetics","You are a minimalist interior photographer specializing in contemporary spaces and clean design for minimalist designers and modern brands. Create a serene photograph of minimalist interior with white space, clean lines, and simple design visible creating minimalist moment. Use interior photography with natural bright lighting and minimalist aesthetic featuring clean design, negative space, and contemporary style creating minimalist appeal and clean design appreciation. Feature minimalist interior with white space prominently. Shot with natural bright light emphasizing simplicity. Avoid cluttered or busy spaces.",16:9,Minimalist Design / Contemporary Interiors / Clean Aesthetics
449,Historic Building Heritage Architecture,"Historical architecture, heritage buildings, preservation","You are a heritage architecture photographer specializing in historical buildings and preservation photography for historical societies and preservation organizations. Create an impressive photograph of historic building with architectural details, period features, and heritage value visible creating heritage architecture moment. Use architectural photography with natural lighting and heritage aesthetic featuring historical details, architectural character, and preservation importance creating heritage appreciation and historical architecture interest. Feature historic building with details prominently. Shot with lighting showing architectural character. Avoid modern intrusions or poor building condition.",4:5,Historical Architecture / Heritage Buildings / Preservation
450,Industrial Loft Exposed Elements,"Industrial design, loft spaces, urban interiors","You are an industrial interior photographer specializing in loft spaces and urban design for industrial style brands and urban living. Create a striking photograph of industrial loft interior with exposed brick, concrete, or industrial elements visible creating industrial design moment. Use interior photography with natural and industrial lighting and urban aesthetic featuring exposed elements, raw materials, and industrial character creating loft appeal and industrial design interest. Feature industrial loft with exposed elements prominently. Shot with dramatic lighting showing industrial details. Avoid finished or non-industrial appearances.",16:9,Industrial Design / Loft Spaces / Urban Interiors
451,"Magazine Cover Editorial Portrait
**Use Case:** Editorial covers, fashion magazines, profile features
**Prompt:** You are an editorial magazine photographer specializing in cover portraits for fashion and lifestyle publications. Create a powerful photograph of subject with direct eye contact, editorial styling, and cover-ready composition with negative space for cover lines. Use editorial photography with controlled studio lighting and magazine aesthetic featuring strong presence, editorial fashion, and cover appeal. Shot with medium format look. Avoid amateur or snapshot appearance.
**Aspect Ratio:** 4:5 | **Best For:** Magazine Covers / Editorial Features

### Prompt #452 — Cinematic Film Still Atmospheric
**Use Case:** Cinematic content, film-inspired imagery, storytelling
**Prompt:** You are a cinematic photographer specializing in film-inspired stills and atmospheric imagery. Create a moody photograph with cinematic composition, atmospheric lighting, and film narrative suggested. Use cinematic photography with dramatic three-point lighting and film aesthetic featuring depth, mood, and storytelling. Shot with anamorphic aspect creating cinema feel. Avoid flat or snapshot photography.
**Aspect Ratio:** 2.39:1 | **Best For:** Cinematic Content / Film-Inspired / Storytelling

### Prompt #453 — Luxury Yacht Ocean Lifestyle
**Use Case:** Luxury travel, yacht marketing, elite lifestyle
**Prompt:** You are a luxury lifestyle photographer specializing in yacht and ocean elite experiences. Create an aspirational photograph of luxury yacht on ocean with wealth, freedom, and luxury lifestyle communicated. Use travel photography with bright marine lighting and luxury aesthetic. Feature yacht prominently on beautiful water.
**Aspect Ratio:** 16:9 | **Best For:** Luxury Travel / Yacht Marketing / Elite Lifestyle

### Prompt #454 — Private Jet Interior Luxury Travel
**Use Case:** Private aviation, luxury travel, elite transportation
**Prompt:** You are a luxury aviation photographer specializing in private jet interiors and elite travel. Create an elegant photograph of private jet interior with luxury seating, premium amenities, and first-class travel communicated. Use interior photography with soft cabin lighting and luxury aesthetic.
**Aspect Ratio:** 16:9 | **Best For:** Private Aviation / Luxury Travel

### Prompt #455 — Minimalist Product White Background
**Use Case:** Product photography, minimalist brands, clean visuals
**Prompt:** You are a minimalist product photographer specializing in clean backgrounds and simple presentations. Create a clean photograph of product centered on pure white background with minimalist presentation and product focus. Use product photography with even lighting and minimalist aesthetic.
**Aspect Ratio:** 1:1 | **Best For:** Product Photography / Minimalist Brands

### Prompt #456 — UGC Authentic Unboxing Moment
**Use Case:** User-generated style, authentic content, relatable marketing
**Prompt:** You are a UGC-style content creator photographer specializing in authentic relatable moments. Create a genuine photograph of product unboxing with real hands, authentic setting, and UGC aesthetic suggesting real customer experience. Use lifestyle photography with natural home lighting and UGC authentic style.
**Aspect Ratio:** 9:16 | **Best For:** UGC Content / Authentic Marketing / Relatable Ads

### Prompt #457 — Website Hero Banner Spacious
**Use Case:** Website headers, landing pages, hero sections
**Prompt:** You are a web design photographer specializing in hero banners and website headers. Create a spacious photograph with subject or product positioned for hero section with generous negative space for text overlay. Use commercial photography with bright clean lighting and web aesthetic.
**Aspect Ratio:** 16:9 | **Best For:** Website Heroes / Landing Pages

### Prompt #458 — Digital Course Creator Teaching
**Use Case:** Online courses, education marketing, coaching
**Prompt:** You are an education content photographer specializing in online course and teaching imagery. Create an approachable photograph of course creator or teacher with professional yet friendly presence and educational setting suggested. Use lifestyle photography with natural bright lighting and educational aesthetic.
**Aspect Ratio:** 16:9 | **Best For:** Online Courses / Education Marketing

### Prompt #459 — Abstract Gradient Background Modern
**Use Case:** Background graphics, abstract designs, modern visuals
**Prompt:** You are a modern abstract photographer specializing in gradient backgrounds and contemporary visuals. Create a smooth photograph featuring beautiful gradient color transition from one color to another with modern abstract aesthetic. Use creative photography with controlled lighting and gradient aesthetic.
**Aspect Ratio:** 16:9 | **Best For:** Background Graphics / Abstract Designs

### Prompt #460 — Seasonal Holiday Christmas Festive
**Use Case:** Holiday marketing, Christmas campaigns, seasonal content
**Prompt:** You are a holiday photographer specializing in Christmas and festive seasonal content. Create a warm photograph with Christmas decorations, holiday atmosphere, and festive joy communicated. Use lifestyle photography with warm holiday lighting and festive aesthetic featuring Christmas elements and seasonal warmth.
**Aspect Ratio:** 4:5 | **Best For:** Holiday Marketing / Christmas Campaigns

### Prompt #461-510 — EMAIL, SEASONAL & ADDITIONAL CATEGORIES (50 Prompts)

### Prompt #461 — Email Header Visual Clean
**Use Case:** Email marketing, newsletter headers, email campaigns
**Prompt:** You are an email marketing photographer specializing in email-optimized visuals and newsletter graphics. Create a clean photograph optimized for email header with horizontal composition, clear subject, and email-friendly aesthetic. Use digital photography with bright even lighting and email aesthetic.
**Aspect Ratio:** 16:9 | **Best For:** Email Marketing / Newsletter Headers

### Prompt #462 — Autumn Fall Leaves Seasonal
**Use Case:** Fall marketing, autumn content, seasonal campaigns
**Prompt:** You are a seasonal photographer specializing in autumn and fall content. Create a warm photograph with fall foliage, autumn colors, and seasonal beauty visible. Use lifestyle photography with golden autumn lighting and fall aesthetic featuring warm orange, red, and yellow tones.
**Aspect Ratio:** 4:5 | **Best For:** Fall Marketing / Autumn Content

### Prompt #463 — Spring Flowers Bloom Fresh
**Use Case:** Spring marketing, renewal content, fresh campaigns
**Prompt:** You are a spring photographer specializing in flowers and renewal content. Create a fresh photograph with spring flowers blooming, fresh growth, and renewal atmosphere communicated. Use nature photography with natural spring lighting and fresh aesthetic.
**Aspect Ratio:** 4:5 | **Best For:** Spring Marketing / Renewal Content

### Prompt #464 — Summer Beach Vacation Bright
**Use Case:** Summer campaigns, vacation marketing, bright season
**Prompt:** You are a summer photographer specializing in beach and vacation bright content. Create a vibrant photograph with summer beach scene, vacation elements, and bright summer joy communicated. Use travel photography with bright natural sunlight and summer aesthetic.
**Aspect Ratio:** 16:9 | **Best For:** Summer Campaigns / Vacation Marketing

### Prompt #465 — Winter Snow Cozy Season
**Use Case:** Winter marketing, cozy campaigns, cold season
**Prompt:** You are a winter photographer specializing in snow and cozy seasonal content. Create a cozy photograph with winter snow, cold season beauty, and cozy warmth suggested. Use lifestyle photography with soft winter lighting and cozy aesthetic.
**Aspect Ratio:** 4:5 | **Best For:** Winter Marketing / Cozy Campaigns

### Prompt #466 — Black Friday Sale Shopping
**Prompt:** You are a retail photographer creating Black Friday sale imagery with shopping excitement, deals, and urgency communicated through dynamic retail environment.
**Aspect Ratio:** 16:9 | **Best For:** Black Friday / Sale Events

### Prompt #467 — Valentine's Day Romance Love
**Prompt:** You are a romantic holiday photographer creating Valentine's imagery with romance, love symbols, and couple connection emphasized through romantic settings.
**Aspect Ratio:** 4:5 | **Best For:** Valentine's Marketing

### Prompt #468 — Mother's Day Family Celebration
**Prompt:** You are a family celebration photographer creating Mother's Day content with maternal love, family bonds, and celebration moments captured authentically.
**Aspect Ratio:** 4:5 | **Best For:** Mother's Day Campaigns

### Prompt #469 — Father's Day Masculine Celebration
**Prompt:** You are a father's celebration photographer creating Father's Day imagery with masculine appreciation, dad activities, and family celebration communicated.
**Aspect Ratio:** 16:9 | **Best For:** Father's Day Marketing

### Prompt #470 — Back-to-School Education Supplies
**Prompt:** You are an educational photographer creating back-to-school content with school supplies, education readiness, and learning excitement visible.
**Aspect Ratio:** 1:1 | **Best For:** Back-to-School Campaigns

### Prompt #471 — Halloween Spooky Festive Fun
**Prompt:** You are a Halloween photographer creating spooky festive imagery with Halloween decorations, costumes, and fun seasonal atmosphere communicated.
**Aspect Ratio:** 4:5 | **Best For:** Halloween Marketing

### Prompt #472 — Thanksgiving Gratitude Feast
**Prompt:** You are a Thanksgiving photographer creating feast and gratitude imagery with Thanksgiving dinner, autumn harvest, and grateful celebration visible.
**Aspect Ratio:** 16:9 | **Best For:** Thanksgiving Content

### Prompt #473 — New Year Celebration Midnight
**Prompt:** You are a New Year celebration photographer creating midnight celebration imagery with party atmosphere, champagne, and new beginning energy communicated.
**Aspect Ratio:** 4:5 | **Best For:** New Year Marketing

### Prompt #474 — Easter Spring Celebration Pastel
**Prompt:** You are an Easter photographer creating spring celebration imagery with Easter elements, pastel colors, and spring renewal atmosphere visible.
**Aspect Ratio:** 4:5 | **Best For:** Easter Campaigns

### Prompt #475 — Graduation Achievement Ceremony
**Prompt:** You are a graduation photographer creating achievement imagery with graduation caps, diplomas, and educational achievement celebration captured.
**Aspect Ratio:** 16:9 | **Best For:** Graduation Marketing

### Prompt #476 — Wedding Ceremony Bride Groom
**Prompt:** You are a wedding photographer creating ceremony moments with bride and groom, wedding venue, and marriage celebration beautifully documented.
**Aspect Ratio:** 4:5 | **Best For:** Wedding Industry

### Prompt #477 — Baby Announcement Pregnancy Reveal
**Prompt:** You are a pregnancy photographer creating baby announcement imagery with pregnancy reveal, expecting parents, and new baby joy communicated.
**Aspect Ratio:** 4:5 | **Best For:** Maternity / Baby Announcements

### Prompt #478 — Birthday Party Celebration Cake
**Prompt:** You are a party photographer creating birthday celebration imagery with birthday cake, party decorations, and celebration joy visible.
**Aspect Ratio:** 1:1 | **Best For:** Birthday Marketing

### Prompt #479 — Anniversary Couple Romantic Love
**Prompt:** You are a romantic milestone photographer creating anniversary imagery with couple connection, romantic setting, and lasting love celebrated.
**Aspect Ratio:** 4:5 | **Best For:** Anniversary / Romance Marketing

### Prompt #480 — Retirement Celebration Achievement
**Prompt:** You are a milestone photographer creating retirement celebration imagery with achievement recognition, life transition, and next chapter communicated.
**Aspect Ratio:** 16:9 | **Best For:** Retirement / Life Transitions

### Prompt #481 — Charity Volunteer Community Service
**Prompt:** You are a nonprofit photographer creating community service imagery with volunteers helping, community impact, and charitable giving visible.
**Aspect Ratio:** 16:9 | **Best For:** Nonprofit / Charity Marketing

### Prompt #482 — Podcast Interview Two Hosts
**Prompt:** You are a podcast photographer creating interview imagery with two hosts conversing, microphones visible, and podcast recording atmosphere communicated.
**Aspect Ratio:** 16:9 | **Best For:** Podcast Marketing

### Prompt #483 — Music Concert Stage Performance
**Prompt:** You are a concert photographer creating stage performance imagery with artist performing, stage lights, and live music energy captured.
**Aspect Ratio:** 16:9 | **Best For:** Music Marketing / Concerts

### Prompt #484 — Art Gallery Exhibition Opening
**Prompt:** You are a gallery photographer creating exhibition imagery with artwork displayed, gallery space, and art appreciation atmosphere visible.
**Aspect Ratio:** 16:9 | **Best For:** Art Galleries / Exhibitions

### Prompt #485 — Theater Stage Drama Performance
**Prompt:** You are a theater photographer creating stage drama imagery with actors performing, theatrical lighting, and live performance energy communicated.
**Aspect Ratio:** 16:9 | **Best For:** Theater Marketing

### Prompt #486 — Dance Performance Ballet Stage
**Prompt:** You are a dance photographer creating ballet performance imagery with dancer in motion, stage setting, and dance artistry captured beautifully.
**Aspect Ratio:** 4:5 | **Best For:** Dance Marketing / Performing Arts

### Prompt #487 — Sports Game Action Athletic
**Prompt:** You are a sports action photographer creating game moment imagery with athletes competing, sports action, and competitive energy frozen in motion.
**Aspect Ratio:** 16:9 | **Best For:** Sports Marketing

### Prompt #488 — Meditation Class Group Wellness
**Prompt:** You are a group wellness photographer creating meditation class imagery with group meditating together, peaceful studio, and collective mindfulness visible.
**Aspect Ratio:** 16:9 | **Best For:** Wellness Classes / Meditation

### Prompt #489 — Cooking Class Kitchen Learning
**Prompt:** You are a culinary education photographer creating cooking class imagery with students learning, chef instructing, and hands-on cooking visible.
**Aspect Ratio:** 16:9 | **Best For:** Cooking Classes / Culinary Education

### Prompt #490 — Workshop Training Professional Development
**Prompt:** You are a professional development photographer creating workshop imagery with participants learning, trainer presenting, and skill development communicated.
**Aspect Ratio:** 16:9 | **Best For:** Professional Training / Workshops

### Prompt #491 — Webinar Online Presentation Digital
**Prompt:** You are a digital event photographer creating webinar imagery with presenter on screen, online format, and digital presentation suggested.
**Aspect Ratio:** 16:9 | **Best For:** Webinars / Online Events

### Prompt #492 — Trade Show Booth Exhibition
**Prompt:** You are a trade show photographer creating booth imagery with exhibition display, branded booth design, and professional trade show atmosphere visible.
**Aspect Ratio:** 16:9 | **Best For:** Trade Shows / Exhibitions

### Prompt #493 — Award Ceremony Trophy Achievement
**Prompt:** You are an achievement photographer creating award ceremony imagery with trophy presentation, winner celebrating, and recognition moment captured.
**Aspect Ratio:** 16:9 | **Best For:** Awards / Recognition Events

### Prompt #494 — Fundraising Event Gala Formal
**Prompt:** You are a fundraising photographer creating gala event imagery with formal attendees, elegant venue, and philanthropic atmosphere communicated.
**Aspect Ratio:** 16:9 | **Best For:** Fundraising / Gala Events

### Prompt #495 — Product Launch Event Reveal
**Prompt:** You are a product launch photographer creating reveal moment imagery with new product unveiled, audience reaction, and launch excitement captured.
**Aspect Ratio:** 16:9 | **Best For:** Product Launches / Reveal Events

### Prompt #496 — Fashion Show Runway Models
**Prompt:** You are a fashion runway photographer creating fashion show imagery with models walking runway, audience watching, and fashion presentation energy visible.
**Aspect Ratio:** 16:9 | **Best For:** Fashion Shows / Runway Events

### Prompt #497 — Food Festival Vendor Market
**Prompt:** You are a food festival photographer creating market imagery with food vendors, festival atmosphere, and culinary celebration communicated.
**Aspect Ratio:** 16:9 | **Best For:** Food Festivals / Culinary Events

### Prompt #498 — Music Festival Crowd Outdoor
**Prompt:** You are a music festival photographer creating crowd imagery with festival attendees, outdoor stage, and festival energy captured authentically.
**Aspect Ratio:** 16:9 | **Best For:** Music Festivals / Outdoor Events

### Prompt #499 — Farmers Market Fresh Local
**Prompt:** You are a farmers market photographer creating local market imagery with fresh produce, market vendors, and community market atmosphere visible.
**Aspect Ratio:** 4:5 | **Best For:** Farmers Markets / Local Food

### Prompt #500 — Street Fair Community Event
**Prompt:** You are a community event photographer creating street fair imagery with community gathering, fair activities, and neighborhood celebration communicated.
**Aspect Ratio:** 16:9 | **Best For:** Community Events / Street Fairs

---

## ADVANCED FASHION PHOTOGRAPHY

### Prompt #501 — Editorial Fashion Dark Moody","Fashion magazines, editorial campaigns, high-fashion lookbooks","You are a high-fashion editorial photographer specializing in dramatic avant-garde fashion photography for international fashion magazines like Vogue and Harper's Bazaar. Create a powerful editorial fashion photograph featuring a model in designer black couture garments against dark charcoal seamless background with single dramatic spotlight creating strong chiaroscuro lighting and deep shadows. The model should be positioned in dynamic asymmetric pose with fabric movement captured showing garment construction and textile quality. Use medium format camera aesthetic with shallow depth of field at f/2.8, high contrast processing, and moody cinematic color grading emphasizing texture details in fabric. Include intentional negative space for editorial layout and typography placement. The composition should feel artistic, high-fashion, and magazine-worthy with professional model posing and styling. Avoid harsh lighting, amateur posing, or commercial advertising aesthetic.",4:5,Fashion Magazines / Editorial Campaigns / Lookbooks
502,Sustainable Fashion Natural Light,"Eco-fashion brands, sustainable clothing campaigns, ethical fashion","You are a sustainable fashion photographer specializing in eco-conscious clothing brands and natural fiber fashion with organic aesthetic. Create an authentic lifestyle fashion photograph of model wearing organic cotton dress in natural outdoor setting with soft diffused overcast daylight creating even flattering illumination without harsh shadows. Feature earthy neutral color palette of beige, cream, and soft greens with natural environment including wildflowers or wheat field as background. Use documentary-style natural fashion photography with genuine fabric movement from gentle breeze and honest portrayal of sustainable materials. Shot with 85mm lens at f/2 for beautiful subject separation while maintaining environmental context. The mood should feel authentic, grounded, and eco-conscious. Avoid overly styled looks or artificial settings.",4:5,Sustainable Fashion Brands / Instagram / Eco-Marketing
503,Plus-Size Fashion Confidence Editorial,"Inclusive fashion brands, body-positive campaigns, plus-size collections","You are an inclusive fashion photographer specializing in body-positive imagery and diverse representation for progressive fashion brands. Create an empowering fashion photograph featuring plus-size model in stylish contemporary outfit with confident pose and genuine expression against clean white studio background. Use soft beauty lighting with large octabox creating flattering illumination that celebrates body diversity without excessive retouching. Feature vibrant jewel-tone clothing colors with professional styling, natural proportions, and editorial composition emphasizing style and confidence. Shot with 85mm portrait lens at f/4 maintaining sharpness throughout while creating gentle background separation. The image should feel confident, stylish, and authentically representative. Avoid unflattering angles, excessive shadows, or tokenistic representation.",4:5,Fashion E-commerce / Social Campaigns / Inclusive Marketing
504,Maternity Fashion Elegant Studio,"Maternity clothing brands, pregnancy fashion, motherhood campaigns","You are a maternity fashion photographer specializing in elegant pregnancy photography and maternity clothing campaigns for expectant mother brands. Create a graceful studio photograph of pregnant model in flowing maternity dress with fabric draped beautifully over body showing elegant silhouette against soft gradient background transitioning from cream to soft grey. Use classic beauty lighting with large soft source from 45-degree angle creating dimensional shadows that flatter form. Feature soft pastel color palette emphasizing femininity and grace with editorial maternity fashion aesthetic. Shot with 85mm lens at f/2.8 for beautiful bokeh while keeping model sharp. Include gentle hand placement on belly creating connection and maternal feeling. The mood should feel elegant, graceful, and celebratory. Avoid clinical aesthetics or unflattering compositions.",4:5,Maternity Brands / Pregnancy Fashion / Instagram
505,Kids Fashion Playful Energy,"Children's clothing brands, kids fashion campaigns, family brands","You are a children's fashion photographer specializing in vibrant kids clothing campaigns and playful lifestyle imagery for youth fashion brands. Create an energetic lifestyle photograph of child model in colorful contemporary outfit captured mid-movement with genuine smile and natural expression in bright outdoor park setting. Use natural daylight with reflector fill creating even skin tones and accurate color reproduction critical for children's clothing e-commerce. Feature bright primary colors with authentic childhood energy and candid photography style showing real motion and joy. Shot with fast shutter speed freezing action while using f/2.8 for subject separation from background. The image should feel authentic, joyful, and relatable to parents. Avoid stiff posing, adult-like styling, or artificial studio looks.",4:5,Kids Fashion E-commerce / Social Media / Family Marketing
506,Bridal Fashion Dreamy Elegance,"Bridal boutiques, wedding dress designers, bridal magazines","You are a luxury bridal fashion photographer specializing in high-end wedding gown photography for designer bridal collections and wedding publications. Create an ethereal fashion photograph of bride in designer wedding gown with intricate lace details and flowing train arranged artfully in elegant indoor setting with tall windows providing soft directional natural light. Use romantic soft-focus technique with lens flare creating dreamy atmosphere while keeping dress details sharp. Feature all-white color palette with ivory and cream tones, delicate fabric textures visible including lace patterns and beadwork. Shot with 85mm lens wide open at f/1.4 for maximum background blur and romantic aesthetic. Include veil movement and graceful pose emphasizing gown design. The mood should feel romantic, luxurious, and timeless. Avoid harsh lighting or overly dramatic styling.",4:5,Bridal Magazines / Wedding Dress Marketing / Pinterest
507,Avant-Garde Fashion Conceptual Art,"High-fashion editorials, conceptual campaigns, fashion art","You are an avant-garde fashion photographer specializing in conceptual fashion art and experimental editorial work for cutting-edge fashion publications. Create a striking conceptual fashion image featuring model in sculptural geometric garment with architectural construction against stark white background with dramatic angular shadows cast across scene creating graphic patterns. Use high-contrast black and white processing emphasizing form and geometry over color with experimental composition challenging traditional fashion photography conventions. Feature bold structural fashion design with artistic posing creating visual tension and conceptual narrative. Shot with medium format camera for maximum detail and tonal range. The image should feel artistic, challenging, and museum-worthy. Avoid commercial aesthetic or conventional beauty standards.",1:1,Fashion Art / Editorial / Gallery Exhibitions
508,Streetwear Fashion Urban Culture,"Streetwear brands, urban fashion, youth culture marketing","You are an urban fashion photographer specializing in streetwear culture and contemporary youth fashion for street-inspired clothing brands. Create an authentic street fashion photograph of model in layered streetwear outfit including oversized hoodie and sneakers captured in urban environment with graffiti wall backdrop. Use natural overcast daylight creating even exposure with vibrant color saturation emphasizing brand colors and street culture aesthetic. Feature contemporary urban styling with genuine attitude and confident pose reflecting youth culture authenticity. Shot with 35mm lens at f/2.8 for environmental context while maintaining subject focus. Include urban elements and street culture references creating lifestyle context. The image should feel current, authentic, and culturally relevant. Avoid overly polished studio aesthetics or disconnected styling.",4:5,Streetwear Brands / Instagram / Urban Marketing
509,Luxury Evening Wear Red Carpet,"Evening gown designers, formal wear, luxury fashion events","You are a luxury fashion photographer specializing in red carpet photography and high-end evening wear for designer formalwear brands. Create a glamorous full-length fashion photograph of model in floor-length sequined evening gown with dramatic pose on grey seamless background with professional studio lighting creating sparkle and dimension in sequin fabric. Use main light with beauty dish creating flattering facial lighting plus additional lights illuminating gown details and creating separation from background. Feature rich jewel tones with metallic accents, red carpet styling including elegant jewelry and professional hair and makeup. Shot with 70-200mm lens at 135mm and f/4 for flattering compression and full-body sharpness. The image should feel glamorous, sophisticated, and red carpet-ready. Avoid flat lighting or amateur execution.",4:5,Evening Wear Marketing / Formal Fashion / Social Media
510,Athleisure Fashion Active Lifestyle,"Activewear brands, athleisure collections, fitness fashion","You are an active lifestyle photographer specializing in athleisure fashion and contemporary activewear for fitness-inspired fashion brands. Create a dynamic lifestyle photograph of model in stylish athleisure outfit including leggings and cropped athletic top in modern urban setting like coffee shop or city street showing clothing versatility beyond gym. Use natural morning light creating fresh clean aesthetic with contemporary lifestyle styling showing activewear as everyday fashion. Feature neutral athletic colors with modern fit visible and lifestyle context suggesting work-life balance. Shot with 50mm lens at f/2 for natural perspective and beautiful background blur. The image should feel current, aspirational, and lifestyle-focused. Avoid pure gym settings or athletic performance focus.",4:5,Athleisure Brands / Instagram / Lifestyle Marketing
511,Denim Fashion Classic American,"Denim brands, casual wear, classic American fashion","You are a commercial fashion photographer specializing in denim and casual American sportswear for contemporary clothing brands. Create a timeless fashion photograph featuring model in well-fitted denim jeans and white t-shirt against textured brick wall with natural daylight creating authentic American casual aesthetic. Use simple classic styling emphasizing denim fit and quality with confident relaxed pose showing garment movement and comfort. Feature denim blue and white color palette with honest fabric representation critical for e-commerce accuracy. Shot with 50mm lens at f/2.8 for natural rendering and slight background texture blur. The composition should feel classic, authentic, and commercially viable. Avoid overly trendy styling or excessive post-processing.",4:5,Denim Marketing / E-commerce / Classic Fashion
512,Accessories Close-Up Handbag Detail,"Fashion accessories, designer handbags, luxury goods","You are a luxury accessories photographer specializing in designer handbag details and craftsmanship photography for premium fashion brands. Create a detailed close-up photograph of designer handbag corner showing intricate stitching, premium leather texture, and metal hardware details with dramatic side lighting emphasizing material quality and construction. Use macro photography revealing craftsmanship with shallow depth of field keeping foreground hardware sharp while leather texture softly blurs into background. Feature luxury materials with accurate color representation and tactile quality visible. Shot with 100mm macro lens at f/2.8 for selective focus and detail emphasis. The image should communicate quality, luxury, and artisanal craftsmanship. Avoid flat lighting or missing detail.",1:1,Instagram / Product Detail Marketing / Luxury Campaigns
513,Resort Wear Beach Fashion,"Resort collections, vacation fashion, summer campaigns","You are a resort fashion photographer specializing in vacation wear and beach lifestyle fashion for contemporary resort collections. Create a breezy lifestyle photograph of model in flowing resort dress walking barefoot on white sand beach with turquoise ocean in background during golden hour. Use natural warm sunset lighting creating beautiful golden glow on skin and fabric with gentle wind movement in dress showing fluid silhouette and textile quality. Feature light bright color palette of whites, corals, and ocean blues with vacation lifestyle aesthetic. Shot with 85mm lens at f/2.2 for subject focus while including environmental context. The mood should feel carefree, aspirational, and vacation-inspired. Avoid stiff posing or studio aesthetics.",4:5,Resort Fashion / Travel Marketing / Summer Campaigns
514,Menswear Tailoring Editorial,"Men's fashion, tailored clothing, suiting campaigns","You are a menswear photographer specializing in tailored clothing and contemporary suiting for men's fashion brands and publications. Create a sophisticated editorial photograph of male model in perfectly tailored charcoal suit with crisp white shirt against industrial concrete background with dramatic window light creating strong directional illumination and masculine shadows. Use editorial fashion composition with confident masculine posing showing suit fit and construction quality. Feature classic menswear color palette with emphasis on tailoring details including lapel roll, shoulder line, and trouser break. Shot with 85mm lens at f/2.8 for flattering perspective and controlled depth. The image should feel sophisticated, masculine, and editorial-quality. Avoid fashion clichés or excessive styling.",4:5,Men's Fashion / Editorial / Tailoring Campaigns
515,Knitwear Fashion Cozy Textures,"Knitwear brands, fall fashion, textile marketing","You are a fashion and lifestyle photographer specializing in knitwear and textile fashion for contemporary clothing brands emphasizing texture and material quality. Create an intimate lifestyle photograph featuring model in chunky knit sweater with hands holding warm beverage in cozy indoor setting with soft natural window light creating gentle shadows and highlighting knit texture details. Use shallow depth of field at f/1.8 keeping sweater texture sharp while background softly blurs creating intimate atmosphere. Feature warm autumn color palette of rust, cream, and caramel tones with tactile emphasis on knit patterns and fabric weight. The mood should feel cozy, comfortable, and seasonally appropriate. Avoid harsh lighting or stiff styling.",4:5,Knitwear Marketing / Fall Campaigns / Instagram
516,Eye Makeup Tutorial Macro,"Eye makeup brands, beauty tutorials, cosmetic advertising","You are a beauty macro photographer specializing in eye makeup details and cosmetic application photography for beauty brands and tutorial content. Create an extreme close-up photograph of beautifully applied eye makeup showing blended eyeshadow colors, precise eyeliner wing, and individual mascara-coated lashes with macro lens revealing application technique and product performance. Use ring light creating even illumination without harsh shadows plus catchlight in eye creating dimension. Feature jewel-tone eyeshadow colors with flawless skin texture visible and professional makeup application standards. Shot with 100mm macro lens at f/5.6 for extended depth of field keeping entire eye area in sharp focus. The image should feel professional, aspirational, and tutorial-ready. Avoid unrealistic retouching or poor lighting.",1:1,Beauty Tutorials / Instagram / Makeup Marketing
517,Lip Product Swatch Comparison,"Lipstick marketing, color comparisons, beauty e-commerce","You are a beauty product photographer specializing in cosmetic swatches and color accuracy photography for beauty e-commerce and brand marketing. Create a clean organized photograph showing multiple lipstick shades swatched on forearm against white background with even studio lighting providing accurate color representation critical for online shopping. Use overhead perspective with soft diffused lighting eliminating shadows and color casts ensuring true-to-life color reproduction. Feature range of lip colors from nudes to bold reds with clean application showing opacity and finish accurately. Shot with color-calibrated camera settings and neutral lighting for e-commerce standards. The image should prioritize color accuracy and clarity above artistic interpretation. Avoid color shifts, uneven lighting, or artistic filters.",1:1,E-commerce / Color Selection / Product Pages
518,Skincare Routine Flatlay Organization,"Skincare brands, routine marketing, product collections","You are a beauty lifestyle photographer specializing in skincare flatlay compositions and organized product photography for skincare brands and beauty content. Create an organized overhead photograph of complete skincare routine with cleanser, toner, serums, moisturizer, and sunscreen arranged in logical order on white marble surface with soft overhead lighting creating minimal shadows. Use flatlay composition showing product labels clearly with intentional arrangement suggesting morning or evening routine sequence. Feature clean aesthetic with white and minimal color palette allowing product packaging to stand out. Shot from directly above with even lighting across entire frame ensuring all products equally visible. The composition should feel organized, aspirational, and educational. Avoid cluttered arrangements or poor lighting.",1:1,Instagram / Skincare Education / Product Collections
519,Hair Product Texture Showcase,"Haircare brands, styling products, texture marketing","You are a beauty photographer specializing in haircare and hair texture photography for professional haircare brands and salon products. Create a detailed close-up photograph of beautiful healthy hair showing enhanced texture, shine, and definition from styling product application with strands catching light revealing glossy healthy appearance. Use natural window light from side creating dimensional highlights through hair strands with dark gradient background emphasizing hair as subject. Feature rich brunette or dimensional blonde tones with individual strand definition visible showing product performance. Shot with 85mm lens at f/2.8 for beautiful hair separation and soft background. The image should communicate healthy hair, product effectiveness, and professional quality. Avoid dull hair or poor lighting.",4:5,Haircare Marketing / Product Performance / Beauty Campaigns
520,Nail Polish Bottle and Application,"Nail polish brands, manicure marketing, color cosmetics","You are a beauty product photographer specializing in nail cosmetics and manicure photography for nail polish brands and beauty retailers. Create a clean product photograph showing nail polish bottle with freshly painted nail tips in matching color displayed beside bottle on white surface with soft studio lighting showing accurate color matching between polish and application. Use close-up perspective showing bottle design, brush, and manicured nails with professional nail art or clean polish application. Feature vibrant polish color with glossy finish visible and clean professional aesthetic. Shot with macro lens ensuring sharp focus on both bottle and nails with white seamless background. The image should prioritize color accuracy and clean execution. Avoid messy application or color mismatches.",1:1,E-commerce / Social Media / Nail Product Marketing
521,Beauty Tools Rose Gold Luxe,"Beauty tools, cosmetic accessories, luxury beauty devices","You are a luxury beauty product photographer specializing in beauty tools and cosmetic accessories for premium beauty brands and device companies. Create an elegant product photograph of rose gold facial roller and gua sha tools arranged on soft pink marble surface with studio lighting creating metallic reflections and emphasizing premium materials. Use soft diffused lighting from above creating gentle shadows without harshness with luxury beauty aesthetic and feminine color palette. Feature rose gold metallic finish with pink marble textures and clean minimalist composition. Shot with controlled depth of field keeping tools sharp while background softly transitions to blur. The image should feel luxurious, spa-like, and premium. Avoid cheap-looking props or harsh lighting.",1:1,Beauty E-commerce / Instagram / Luxury Beauty Marketing
522,Natural Beauty Minimal Makeup,"Clean beauty brands, natural cosmetics, minimal makeup campaigns","You are a natural beauty photographer specializing in clean beauty aesthetics and minimal makeup campaigns for natural cosmetic brands. Create a fresh beauty portrait showing model with barely-there natural makeup emphasizing healthy glowing skin, groomed brows, and subtle lip color in bright natural window light creating soft even illumination. Use close-up framing focusing on face with genuine beauty showing real skin texture including freckles and natural characteristics without heavy retouching. Feature neutral warm tones with clean beauty aesthetic emphasizing skincare over makeup. Shot with 85mm lens at f/2.8 for beautiful skin rendering and gentle background blur. The image should feel authentic, fresh, and naturally beautiful. Avoid heavy makeup or excessive retouching.",4:5,Clean Beauty Brands / Natural Marketing / Social Media
523,Clinical Skincare Medical Aesthetic,"Medical skincare, dermatology products, clinical beauty","You are a clinical product photographer specializing in medical-grade skincare and dermatological products for professional skincare brands. Create a clean clinical photograph of medical-grade skincare serum in pharmaceutical-style packaging on pure white background with bright even lighting eliminating all shadows creating sterile professional aesthetic. Use straight-on perspective with product centered and label fully visible ensuring medical claims and ingredient information readable. Feature clinical white and blue color palette with pharmaceutical credibility and medical trust emphasized. Shot with commercial product photography standards ensuring accurate representation for medical marketing. The image should feel trustworthy, professional, and clinically credible. Avoid lifestyle styling or artistic elements.",1:1,Medical Marketing / Clinical E-commerce / Professional Products
524,Luxury Skincare Gold Packaging,"Prestige skincare, luxury beauty, high-end cosmetics","You are a luxury beauty photographer specializing in prestige skincare and high-end cosmetic photography for luxury beauty brands. Create an opulent product photograph of premium anti-aging cream in heavy gold jar positioned on black granite with dramatic spotlight creating luxurious atmosphere and emphasizing gold packaging details. Use chiaroscuro lighting with strong contrast between illuminated product and dark background with specular highlights on gold elements. Feature rich color palette of gold, black, and deep shadows with luxury beauty aesthetic communicating premium positioning and high price point. Shot with controlled studio lighting and precise focus on product maintaining sharp detail on packaging. The image should feel expensive, exclusive, and aspirational. Avoid budget aesthetics or flat lighting.",4:5,Luxury Beauty / Premium E-commerce / Prestige Campaigns
525,Men's Grooming Products Masculine,"Men's skincare, grooming products, masculine beauty","You are a men's grooming photographer specializing in masculine beauty products and men's personal care for contemporary grooming brands. Create a masculine product photograph of men's skincare products including face wash and moisturizer arranged on dark slate surface with moody dramatic lighting creating strong shadows and masculine aesthetic. Use side lighting emphasizing texture and material quality with minimal styling keeping focus on products. Feature dark masculine color palette of charcoal, black, and silver with contemporary men's grooming aesthetic. Shot with natural materials and honest product representation avoiding overly feminine beauty clichés. The image should feel masculine, modern, and authentically male-focused. Avoid feminine aesthetics or soft pastel colors.",1:1,Men's Grooming / Male-Focused Marketing / E-commerce
526,Sushi Plating Japanese Precision,"Japanese restaurants, sushi marketing, culinary photography","You are a Japanese cuisine photographer specializing in sushi and traditional Japanese food presentation for high-end Japanese restaurants. Create an elegant overhead photograph of beautifully arranged sushi platter on traditional black lacquer plate showing variety of nigiri and rolls with precise knife work and garnishes including pickled ginger, wasabi, and soy sauce in small dish. Use natural diffused daylight from window creating soft shadows with minimal styling emphasizing authentic Japanese presentation aesthetics. Feature fresh fish colors against dark plate with negative space and minimalist composition reflecting Japanese design principles. Shot from directly above with even focus across all sushi pieces showing craftsmanship and fresh ingredients. The image should feel authentic, refined, and appetizing. Avoid messy plating or inauthentic presentation.",1:1,Restaurant Marketing / Japanese Cuisine / Instagram
527,Vegan Buddha Bowl Colorful Health,"Vegan restaurants, health food, plant-based marketing","You are a health food photographer specializing in plant-based cuisine and vegan food photography for health-conscious restaurants and meal delivery services. Create a vibrant overhead photograph of colorful vegan buddha bowl featuring quinoa, roasted vegetables, avocado, chickpeas, and tahini drizzle arranged in organized sections within ceramic bowl on light wood surface. Use natural bright daylight creating fresh healthy aesthetic with rainbow of vegetable colors visible showing nutritional variety and visual appeal. Feature bright saturated colors emphasizing fresh ingredients with clean modern food styling. Shot from 45-degree overhead angle showing full bowl composition with intentional arrangement communicating health and nutrition. The image should feel healthy, colorful, and appetizing. Avoid dull colors or unappetizing presentation.",1:1,Health Food Marketing / Vegan Restaurants / Instagram
528,Gluten-Free Baking Artisan Bread,"Gluten-free bakeries, dietary products, specialty baking","You are a specialty food photographer focusing on dietary-specific foods and artisan baking for gluten-free and allergy-friendly food brands. Create an appetizing close-up photograph of freshly baked gluten-free artisan bread loaf with golden crust and visible texture sitting on rustic wooden cutting board with soft natural window light highlighting crust details and creating warm inviting atmosphere. Use shallow depth of field keeping foreground bread slice sharp showing interior crumb structure while loaf softly blurs behind. Feature warm golden brown tones with honest representation of gluten-free baking results including texture and color. Shot with macro lens revealing bread texture and baking quality. The image should feel artisanal, appetizing, and honest about gluten-free products. Avoid making product look identical to wheat bread or misrepresenting texture.",4:5,Gluten-Free Marketing / Bakery Products / Dietary Food
529,Artisan Cheese Board Entertaining,"Cheese brands, entertaining products, gourmet food","You are a gourmet food photographer specializing in cheese and charcuterie styling for artisan food brands and entertaining products. Create an abundant overhead photograph of artisan cheese board featuring variety of cheeses, cured meats, fresh figs, nuts, honey drizzle, and crackers arranged abundantly on wooden board with natural daylight from window creating appetizing shadows and dimensional lighting. Use editorial food styling with intentional abundance and composed casualness showing entertaining inspiration. Feature rich colors of aged cheese, cured meats, and fresh accompaniments with textures visible including cheese rinds and meat marbling. Shot from 45-degree overhead keeping most elements in focus showing complete spread. The image should feel indulgent, entertaining-focused, and aspirational. Avoid sparse arrangements or clinical presentation.",1:1,Food Marketing / Entertaining Brands / Pinterest
530,Decadent Chocolate Cake Dessert,"Bakery marketing, dessert menus, pastry shops","You are a pastry photographer specializing in decadent desserts and bakery photography for pastry shops and restaurant dessert menus. Create an indulgent close-up photograph of triple-layer chocolate cake with glossy ganache frosting on white plate with fork capturing first bite showing moist cake layers and rich chocolate filling. Use dramatic side lighting creating highlights on glossy chocolate surface with shallow depth of field keeping cake slice sharp while background fades to blur. Feature deep chocolate brown colors with contrast against white plate and visible texture showing cake moisture and ganache sheen. Shot with macro lens emphasizing decadence and detail. The image should feel indulgent, craveable, and appetite-inducing. Avoid dry-looking cake or poor lighting.",4:5,Bakery Marketing / Dessert Menus / Instagram
531,Craft Cocktail Garnish Detail,"Bar marketing, cocktail menus, beverage programs","You are a beverage photographer specializing in craft cocktails and bar photography for upscale bars and beverage programs. Create a sophisticated close-up photograph of craft cocktail in coupe glass with elaborate garnish including fresh herbs and citrus twist against dark moody bar background with dramatic lighting creating specular highlights on glass rim and liquid surface. Use low-key lighting emphasizing cocktail as subject with background darkness suggesting upscale bar atmosphere. Feature jewel-tone cocktail color with visible garnish details and condensation on glass showing cold temperature. Shot with shallow depth of field keeping glass sharp while background bar ambiance softly blurs. The image should feel sophisticated, bar-quality, and cocktail-forward. Avoid amateur presentation or harsh lighting.",4:5,Bar Marketing / Cocktail Menus / Beverage Programs
532,Specialty Coffee Latte Art,"Coffee shops, specialty coffee, barista content","You are a specialty coffee photographer focusing on latte art and coffee culture for third-wave coffee shops and specialty roasters. Create an overhead photograph of perfectly executed latte art in white ceramic cup on saucer against light wood cafe table with natural window light creating soft shadows and highlighting microfoam texture and art contrast. Use overhead perspective showing complete rosetta or heart pattern with brown and white contrast visible in steamed milk art. Feature coffee shop aesthetic with minimal styling emphasizing barista skill and coffee quality. Shot from directly above with even focus showing art definition and microfoam texture. The image should feel artisanal, coffee-focused, and cafe-authentic. Avoid fake latte art or poor contrast.",1:1,Coffee Shop Marketing / Instagram / Barista Content
533,Tea Ceremony Traditional Aesthetic,"Tea brands, tea rooms, cultural marketing","You are a cultural food photographer specializing in tea culture and traditional tea ceremony photography for premium tea brands. Create a serene photograph of traditional tea ceremony setup with cast iron teapot, small ceramic cups, and loose leaf tea on bamboo mat with soft natural window light creating peaceful meditative atmosphere and highlighting steam rising from freshly poured tea. Use side lighting creating dimensional shadows with minimalist Japanese aesthetic and muted earth tones. Feature traditional tea ceremony elements with cultural authenticity and respectful presentation showing appreciation for tea culture. Shot with natural light only maintaining authentic atmosphere. The image should feel peaceful, cultural, and respectfully authentic. Avoid cultural appropriation or inauthentic props.",4:5,Tea Marketing / Cultural Content / Premium Tea Brands
534,Green Smoothie Health Fresh,"Juice bars, health drinks, smoothie marketing","You are a health beverage photographer specializing in smoothies and fresh juice photography for juice bars and health food brands. Create a fresh vibrant photograph of bright green smoothie in clear glass showing layered ingredients with fresh spinach leaves, banana slices, and chia seeds as garnish on white marble surface with bright natural daylight creating clean fresh aesthetic. Use close-up perspective showing smoothie texture and fresh ingredient garnishes with health-focused styling. Feature bright green color with fresh ingredients visible communicating nutrition and freshness. Shot with bright exposure emphasizing cleanliness and health with shallow depth keeping foreground glass sharp. The image should feel healthy, fresh, and energizing. Avoid dull colors or unappetizing presentation.",4:5,Juice Bars / Health Marketing / Instagram
535,Meal Prep Containers Organization,"Meal prep services, health coaching, fitness nutrition","You are a meal prep photographer specializing in organized food preparation and nutrition photography for meal prep services and fitness nutrition brands. Create an organized overhead photograph showing row of glass meal prep containers filled with balanced meals including grilled protein, roasted vegetables, and grain portions arranged on clean white surface with bright even lighting showing food organization and portion control. Use overhead perspective with all containers visible showing week's worth of prepared meals with variety visible across different containers. Feature organized aesthetic with fresh ingredients and portion-controlled presentation communicating healthy eating and meal planning. Shot from directly above with even lighting across all containers. The image should feel organized, healthy, and motivating. Avoid messy presentation or unappetizing food.",1:1,Meal Prep Services / Fitness Nutrition / Health Coaching
536,Food Styling Rustic Ingredients,"Food brands, ingredient marketing, cookbook photography","You are a food stylist photographer specializing in ingredient photography and rustic food styling for cookbooks and food brands. Create an abundant flat lay photograph of fresh cooking ingredients including vegetables, herbs, olive oil, and wooden utensils scattered artfully on rustic wooden surface with natural window light creating dimensional shadows and emphasizing fresh ingredient textures. Use overhead perspective with intentional casualness suggesting cooking process about to begin with abundance of fresh produce visible. Feature natural earth tones with emphasis on ingredient quality and freshness with editorial cookbook aesthetic. Shot from above with selective focus keeping foreground sharp while background ingredients create depth. The image should feel abundant, fresh, and cooking-inspired. Avoid overly styled or artificial arrangements.",1:1,Cookbooks / Ingredient Marketing / Food Blogs
537,Premium Dog Food Natural Ingredients,"Premium pet food, dog nutrition, pet product marketing","You are a pet product photographer specializing in premium pet food and animal nutrition photography for high-end pet food brands. Create an appetizing photograph of premium dog food bowl filled with fresh whole-food ingredients including visible chicken pieces, vegetables, and brown rice with ingredients arranged to show quality and freshness beside bowl on clean white surface with bright natural lighting. Use perspective showing food quality and fresh ingredients with clean premium aesthetic. Feature natural food colors with honest representation of product quality appealing to pet owners seeking premium nutrition. Shot with shallow depth keeping bowl sharp with bright clean commercial food photography standards. The image should feel premium, natural, and quality-focused. Avoid unappetizing presentation or generic pet food aesthetics.",1:1,Premium Pet Brands / E-commerce / Pet Product Marketing
538,Baby Products Soft Nursery Aesthetic,"Baby product brands, nursery goods, infant care","You are a baby product photographer specializing in nursery goods and infant care products for baby brands and parenting retailers. Create a soft gentle photograph of baby skincare products including lotion and shampoo arranged on soft white knitted blanket with pastel nursery decor elements like wooden toys in background with natural diffused window light creating gentle shadows and peaceful atmosphere. Use shallow depth keeping products sharp while background nursery elements softly blur creating lifestyle context. Feature soft pastel color palette of whites, creams, and gentle pastels with baby-safe aesthetic and parental trust emphasis. Shot with gentle lighting and soft focus aesthetics appropriate for baby marketing. The image should feel safe, gentle, and parent-focused. Avoid harsh elements or clinical aesthetics.",4:5,Baby Product Marketing / Parenting Blogs / E-commerce
539,Senior Wellness Active Aging,"Senior products, active aging brands, retirement marketing","You are a lifestyle photographer specializing in active aging and senior wellness photography for products and services targeting older adults. Create an authentic lifestyle photograph of active senior adult using wellness product like fitness tracker or supplement bottle while engaged in healthy activity like yoga or walking in bright natural outdoor setting with warm sunlight creating positive energetic atmosphere. Use lifestyle photography showing genuine representation of active aging without stereotypes or patronizing imagery. Feature bright natural colors with authentic senior models showing strength and vitality with honest age representation. Shot with natural light emphasizing positivity and capability. The image should feel respectful, positive, and authentically representative. Avoid stereotypical senior imagery or ageist presentation.",4:5,Senior Product Marketing / Active Aging Brands / Wellness
540,Adaptive Accessibility Products Inclusive,"Accessibility products, adaptive equipment, inclusive design","You are an inclusive product photographer specializing in accessibility and adaptive equipment photography representing diverse abilities and universal design. Create a respectful product photograph of adaptive kitchen tool designed for limited hand mobility shown in clean product shot on neutral background with clear view of adaptive features and ergonomic design elements with bright even lighting showing product details clearly. Use straightforward commercial photography emphasizing functional design and quality construction with inclusive marketing approach. Feature clean aesthetic focusing on product capability and thoughtful design without patronizing presentation. Shot with commercial product standards ensuring features visible and clearly communicated. The image should feel respectful, functional, and design-focused. Avoid inspiration porn or patronizing imagery.",1:1,Accessibility Marketing / Adaptive Equipment / Inclusive Brands
541,Eco-Friendly Products Sustainable Packaging,"Sustainable products, eco-brands, zero-waste marketing","You are an eco-conscious product photographer specializing in sustainable products and zero-waste brands with environmental focus. Create an honest product photograph of eco-friendly cleaning products in recycled packaging arranged on natural wood surface with plants and natural elements in background with natural window light creating organic shadows and emphasizing sustainable materials and minimal packaging design. Use lifestyle context suggesting environmental consciousness with earth-tone color palette of greens, browns, and natural fibers. Feature sustainable packaging clearly with brand values visible through material choices and design. Shot with natural light only maintaining authentic environmental aesthetic. The image should feel genuine, earth-conscious, and value-driven. Avoid greenwashing or inauthentic eco-aesthetics.",1:1,Sustainable Brands / Eco-Marketing / Social Media
542,Luxury Gift Box Premium Unboxing,"Luxury gifts, premium packaging, subscription boxes","You are a luxury packaging photographer specializing in premium gift experiences and unboxing photography for luxury brands and subscription services. Create an elegant overhead photograph of opened luxury gift box showing tissue paper, premium products arranged inside, and elegant packaging details on marble surface with soft studio lighting creating shadows and emphasizing packaging quality and luxurious presentation. Use flatlay perspective showing complete unboxing experience with attention to packaging details including ribbon, tissue, and product arrangement. Feature sophisticated color palette with premium materials visible including quality cardstock and elegant finishing. Shot from above with controlled lighting emphasizing luxury at every detail. The image should feel premium, gift-worthy, and unboxing-focused. Avoid cheap packaging or poor presentation.",1:1,Luxury Gifting / Subscription Boxes / Premium E-commerce
543,Smart Home Device Tech Integration,"Smart home products, home automation, tech gadgets","You are a technology lifestyle photographer specializing in smart home devices and home automation photography for consumer tech brands. Create a clean lifestyle photograph of smart home device like voice assistant or smart display integrated naturally into modern home interior on shelf with home decor items and soft ambient lighting suggesting evening home atmosphere with device screen illuminated showing active use. Use lifestyle context showing natural integration into daily life with modern home aesthetic and realistic use case visible. Feature contemporary interior design with device as functional element not dominating space. Shot with natural ambient light plus device screen glow creating realistic home environment. The image should feel realistic, lifestyle-integrated, and technology-forward. Avoid sterile product shots or unrealistic staging.",16:9,Smart Home Marketing / Tech Lifestyle / E-commerce
544,Home Security Camera Installation,"Home security, safety products, surveillance equipment","You are a home security photographer focusing on safety products and security equipment for home protection brands and security companies. Create a straightforward photograph of modern home security camera mounted on home exterior near entry door with clear view of device showing weatherproof construction and camera lens with natural daylight and clean residential background suggesting suburban home setting. Use honest product documentation showing realistic installation and product appearance with trust-building aesthetic. Feature neutral colors with professional installation visible and product quality communicated. Shot emphasizing security and protection without fear-mongering or overly dramatic presentation. The image should feel safe, professional, and trust-building. Avoid fear-based marketing or threatening aesthetics.",16:9,Security Marketing / Home Safety / Product Documentation
545,Garden Tools Quality Craftsmanship,"Garden tool brands, outdoor equipment, gardening products","You are a tool and outdoor equipment photographer specializing in garden tools and outdoor gear for gardening brands and outdoor retailers. Create a detailed product photograph of premium garden tools including hand trowel and pruning shears arranged on weathered wood surface with soil and fresh plants visible suggesting authentic garden use with natural outdoor lighting creating honest working tool aesthetic. Use close perspective showing tool construction, material quality, and worn patina suggesting durability and real use. Feature earth tones with emphasis on quality construction and functional design over decorative styling. Shot with natural light showing tools as working equipment not lifestyle props. The image should feel authentic, durable, and quality-focused. Avoid pristine styling or disconnect from actual use.",1:1,Garden Tool Marketing / Outdoor Equipment / E-commerce
546,Craft Supplies Creative Inspiration,"Craft brands, hobby supplies, creative materials","You are a craft and hobby photographer specializing in creative supplies and maker materials for craft brands and creative retailers. Create an inspiring overhead flatlay photograph of craft supplies including colorful papers, scissors, washi tape, and art materials arranged in organized creative chaos on white surface with bright overhead lighting showing supply variety and color range with creative inspiration emphasized. Use flatlay composition showing abundance of creative materials with organization suggesting project possibilities. Feature bright saturated colors with variety of supplies visible appealing to creative hobbyists and crafters. Shot from directly above with even lighting showing all materials clearly. The image should feel inspiring, colorful, and creativity-focused. Avoid cluttered chaos or poor organization.",1:1,Craft Marketing / Creative Supplies / Pinterest
547,Stop Motion Product Animation Frame,"Social media content, animated posts, dynamic product shots","You are a stop-motion photographer creating frame-perfect product photography for animated social media content and dynamic brand storytelling. Create a clean isolated product photograph of consumer product like headphones positioned mid-frame against seamless white background with perfect even lighting eliminating all shadows for easy compositing and animation editing with product centered and clearly defined for stop-motion sequence frame. Use flat frontal lighting with product photographed at consistent angle and scale maintaining continuity for animation frames. Feature product isolated cleanly with consistent lighting across series. Shot with fixed camera position and controlled studio environment for frame-by-frame consistency. The image should feel clean, isolated, and animation-ready. Avoid shadows, inconsistent lighting, or perspective changes.",1:1,Stop Motion Content / Social Media Animation / Brand Content
548,Flatlay Morning Routine Lifestyle,"Lifestyle content, morning rituals, personal branding","You are a lifestyle flatlay photographer creating aspirational daily routine content for lifestyle brands and personal branding. Create an organized overhead photograph of morning routine items including coffee cup, journal, glasses, phone, and fresh flowers arranged in intentional flatlay composition on white linen surface with natural morning window light creating soft shadows and fresh morning atmosphere. Use overhead perspective with items arranged showing visual balance and lifestyle aesthetic suggesting organized morning ritual. Feature neutral color palette with coffee tones, white linens, and natural elements creating calm morning mood. Shot from directly above with soft natural light. The image should feel aspirational, organized, and lifestyle-focused. Avoid cluttered arrangements or artificial styling.",1:1,Lifestyle Content / Instagram / Personal Branding
549,Overhead Workspace Desk Organization,"Productivity content, workspace design, professional branding","You are a workspace photographer specializing in desk organization and professional environment photography for productivity brands and workspace solutions. Create a clean overhead photograph of organized desk workspace showing laptop, notebook, coffee, and minimal desk accessories arranged in productive layout on clean desk surface with even overhead lighting showing organization and professional aesthetic. Use bird's eye perspective with all items clearly visible and arranged with intentional organization suggesting productivity and focus. Feature clean modern aesthetic with minimal color palette and professional workspace styling. Shot from directly above with even lighting eliminating shadows. The image should feel organized, professional, and productivity-focused. Avoid cluttered desks or chaotic arrangements.",16:9,Productivity Content / Professional Branding / LinkedIn
550,Macro Product Texture Detail,"Product detail marketing, material showcase, quality emphasis","You are a macro product photographer specializing in extreme close-up material photography revealing texture and craftsmanship for premium brands emphasizing quality. Create an extreme macro photograph of product material texture like leather grain, woven fabric, or metal finish filling entire frame with dramatic side lighting creating dimensional shadows emphasizing texture depth and material character. Use macro lens at close focusing distance with shallow depth of field creating artistic blur while keeping select texture area critically sharp. Feature material texture as abstract composition with quality and craftsmanship communicated through detail. Shot with 100mm macro lens at f/2.8 for selective focus emphasizing tactile quality. The image should feel textural, quality-focused, and detail-oriented. Avoid missing details or flat lighting.",1:1,Detail Marketing / Material Showcase / Premium Branding
551,Wide Environmental Lifestyle Scene,"Brand storytelling, lifestyle campaigns, environmental context","You are an environmental lifestyle photographer creating wide contextual scenes showing products in authentic real-world environments for brand storytelling campaigns. Create a wide-angle lifestyle photograph showing person using product in expansive natural outdoor environment like mountain landscape or beach with subject small in frame emphasizing environmental context and lifestyle over product close-up with natural lighting and authentic moment captured. Use 24mm wide-angle lens including expansive environment with subject positioned using rule of thirds creating visual story about lifestyle and values. Feature natural color palette with environmental beauty emphasized alongside product use. Shot with wider aperture maintaining both subject and environmental sharpness. The image should feel expansive, lifestyle-authentic, and story-driven. Avoid product-centric framing or missing environmental context.",16:9,Brand Storytelling / Lifestyle Campaigns / Website Heroes
552,Portrait Founder Brand Story,"Personal branding, founder stories, about pages","You are a brand portrait photographer specializing in founder photography and personal branding for entrepreneurs and small business owners. Create an authentic founder portrait showing business owner in their workspace or relevant environment with genuine expression and professional appearance captured in natural window light creating approachable yet professional aesthetic. Use environmental portrait approach including workspace elements providing brand context while keeping founder as clear subject with shallow depth of field. Feature natural colors with honest representation avoiding overly corporate or artificial presentation. Shot with 85mm lens at f/2 creating beautiful subject separation while maintaining environmental storytelling. The image should feel authentic, approachable, and brand-appropriate. Avoid stiff corporate headshots or disconnected environments.",4:5,About Pages / Founder Stories / Personal Branding
553,Lifestyle Action Movement Dynamic,"Active lifestyle brands, sports marketing, energy products","You are an action lifestyle photographer capturing dynamic movement and energy for active lifestyle brands and sports marketing campaigns. Create a dynamic action photograph showing athlete or active person mid-motion during activity like running or jumping with motion blur in background suggesting speed while subject remains relatively sharp frozen at peak action moment with natural outdoor lighting and authentic athletic environment. Use panning technique or fast shutter speed freezing action at decisive moment with dynamic composition showing energy and movement. Feature active color palette with motion and athleticism communicated through composition and captured moment. Shot with continuous autofocus and burst mode capturing peak action. The image should feel energetic, dynamic, and movement-focused. Avoid static poses or missing action moment.",16:9,Sports Marketing / Active Lifestyle / Energy Brands
554,Still Life Artistic Composition,"Editorial content, artistic branding, gallery-quality imagery","You are a fine art still life photographer creating artistic compositions for editorial publications and premium brand content with gallery-quality aesthetic. Create a carefully composed still life photograph featuring curated objects arranged with artistic intention on textured surface with single-source dramatic lighting creating strong shadows and dimensional depth emphasizing form and texture over literal product representation. Use classical still life painting inspiration with controlled lighting and intentional object selection creating visual narrative. Feature muted sophisticated color palette with emphasis on composition, light, and shadow creating artistic impact. Shot with view camera or tilt-shift lens maintaining precise focus plane. The image should feel artistic, intentional, and gallery-worthy. Avoid commercial product aesthetics or literal documentation.",4:5,Editorial Content / Artistic Branding / Gallery Quality
555,Conceptual Abstract Brand Metaphor,"Conceptual campaigns, brand values, abstract messaging","You are a conceptual commercial photographer creating abstract visual metaphors for brand campaigns and value-driven marketing communications. Create an abstract conceptual photograph using everyday objects, materials, or elements arranged to suggest concept like growth, connection, or innovation through visual metaphor rather than literal representation with controlled studio lighting creating dramatic mood and emphasizing conceptual interpretation. Use creative composition and abstract approach suggesting branded concept through visual language with colors and elements supporting brand messaging. Feature sophisticated conceptual aesthetic with artistic interpretation over literal documentation. Shot with creative techniques supporting conceptual vision including selective focus, unusual angles, or creative lighting. The image should feel conceptual, thought-provoking, and metaphorically rich. Avoid literal or obvious visual communication.",1:1,Conceptual Campaigns / Brand Values / Abstract Messaging
556,Hand Model Product Interaction,"Product demonstrations, usage imagery, hand modeling","You are a hand model photographer specializing in product interaction photography showing elegant hands demonstrating product use for commercial marketing. Create a detailed close-up photograph of well-groomed hands with manicured nails holding or using product showing product interaction and scale with clean background and soft studio lighting creating dimensional shadows without harshness emphasizing both hand aesthetics and product details. Use hand model standards with perfect grooming and natural hand position demonstrating product appropriately. Feature clean aesthetic with product and hands both clearly visible and well-lit. Shot with medium depth of field keeping both hands and product in acceptable focus. The image should feel clean, commercial, and professionally executed. Avoid awkward hand positions or poor grooming.",1:1,Product Demonstrations / E-commerce / Usage Imagery
557,Product Scale Comparison Size Reference,"E-commerce, size communication, product specifications","You are an e-commerce product photographer creating scale reference imagery helping customers understand product size through visual comparison. Create a straightforward product photograph showing product positioned next to common size reference object like coin or ruler providing accurate scale understanding with clean white background and even studio lighting eliminating shadows and ensuring accurate size perception critical for online shopping. Use flat frontal lighting with both product and reference object clearly visible and in focus with honest scale representation. Feature clean commercial aesthetic prioritizing clarity and accuracy over artistic interpretation. Shot with adequate depth of field ensuring both elements sharp. The image should feel clear, honest, and size-communicative. Avoid misleading scale or unclear references.",1:1,E-commerce / Size Communication / Product Specifications
558,Before-After Transformation Split,"Service marketing, transformation stories, result demonstrations","You are a transformation photographer creating before-after comparison imagery for service-based businesses and result-focused marketing campaigns. Create a split-frame comparison photograph showing clear before and after states of transformation like organized space, completed renovation, or styling result with consistent lighting and camera angle across both sides ensuring fair comparison with visual dividing line separating before and after states. Use identical framing and lighting maintaining comparison integrity with dramatic difference visible between states communicating service value and transformation impact. Feature consistent color treatment with transformation results clearly visible. Shot from identical camera position with matched exposure settings. The image should feel honest, comparison-focused, and results-driven. Avoid unfair lighting differences or misleading comparisons.",16:9,Service Marketing / Transformation Stories / Results Demonstrations
559,Ingredient Transparency Product Story,"Natural brands, ingredient marketing, transparency communication","You are a transparency-focused product photographer creating ingredient story imagery for natural brands emphasizing sourcing and components. Create an editorial photograph showing finished product positioned with raw ingredients visible around it like botanical ingredients surrounding skincare product or whole foods near food product connecting finished good to natural origins with natural lighting and organic styling emphasizing ingredient quality and brand transparency. Use lifestyle editorial approach with natural materials and honest representation showing ingredient-to-product connection. Feature natural earth tones with emphasis on whole ingredients and natural sourcing. Shot with natural window light maintaining authentic organic aesthetic. The image should feel transparent, natural, and ingredient-focused. Avoid artificial elements or disconnected styling.",1:1,Natural Brands / Ingredient Marketing / Transparency Communication
560,Seasonal Holiday Gift Guide,"Holiday marketing, gift guides, seasonal campaigns","You are a seasonal marketing photographer creating holiday gift guide imagery for retail seasonal campaigns and curated gift selections. Create a festive flat lay photograph featuring curated selection of gift products arranged on seasonal surface with holiday decorative elements like pine branches, ornaments, or seasonal textiles integrated naturally without overwhelming products with soft natural light plus warm ambient glow suggesting holiday coziness. Use overhead flatlay composition showing multiple gift items organized by theme or recipient with seasonal styling enhancing but not dominating product visibility. Feature holiday color palette appropriate to season with warm inviting aesthetic. Shot from above with soft lighting creating gift guide aesthetic. The image should feel festive, gift-focused, and seasonally appropriate. Avoid excessive decoration obscuring products.",1:1,Holiday Marketing / Gift Guides / Seasonal Campaigns
561,Unboxing Experience First Impression,"Subscription boxes, product launches, customer experience","You are an unboxing photographer documenting customer experience and first-impression moments for subscription services and product launches. Create an authentic overhead photograph capturing moment of opening product packaging showing customer hands lifting box lid revealing product inside with tissue paper, packaging materials, and first glimpse of product visible with natural indoor lighting suggesting real customer environment rather than studio. Use overhead perspective showing complete unboxing moment with authentic customer experience emphasized over perfect styling. Feature real-world aesthetic with genuine unboxing excitement communicated. Shot with natural available light maintaining authenticity. The image should feel authentic, experience-focused, and customer-perspective. Avoid overly styled studio aesthetics disconnected from real experience.",1:1,Subscription Boxes / Product Launches / Experience Marketing
562,Texture Close-Up Material Detail,"Fashion textiles, material marketing, quality communication","You are a textile and material photographer specializing in extreme close-up fabric and material photography communicating quality and texture for fashion and textile brands. Create an extreme macro photograph of fabric weave or material texture filling frame showing individual fibers, weave pattern, or material construction with dramatic raking light from side emphasizing texture dimensionality and material character with shallow depth of field creating selective focus on texture zone while remainder blurs artistically. Use macro lens at minimum focus distance revealing material construction and quality invisible to casual observation. Feature material texture as primary subject with quality communicated through detail. Shot with precise focus on material structure. The image should feel textural, quality-focused, and detail-revealing. Avoid flat lighting missing texture dimension.",1:1,Material Marketing / Quality Communication / Textile Brands
563,Candid Lifestyle Authentic Moment,"Lifestyle brands, authentic marketing, real-life storytelling","You are a documentary lifestyle photographer capturing genuine unscripted moments for authentic brand storytelling and lifestyle marketing. Create a candid photograph showing person authentically using product or engaged in lifestyle activity with natural expression and body language suggesting real moment not posed shot with natural available lighting whether indoor window light or outdoor daylight maintaining documentary authentic feel without obvious photographic intervention. Use observational approach capturing genuine moments with lifestyle context visible showing product in authentic use situation. Feature natural colors and honest moments prioritizing authenticity over perfect execution. Shot with available light using longer lens allowing subject distance maintaining candid quality. The image should feel genuine, unposed, and authentically human. Avoid obviously staged or directed aesthetics.",4:5,Lifestyle Brands / Authentic Marketing / Real-Life Storytelling
564,Product Family Collection Group,"Product line launches, collection marketing, range showcases","You are a product collection photographer creating cohesive product family imagery showing complete product ranges for collection launches and line marketing. Create an organized product photograph showing complete product family or collection with all variants, sizes, or colors arranged in organized composition on clean background with even studio lighting showing entire range clearly with products positioned showing relationships and variety within collection. Use organized arrangement with clear view of all products ensuring labels and differentiating features visible. Feature cohesive styling with collection unity communicated through arrangement and presentation. Shot with adequate depth of field keeping all products acceptably sharp. The image should feel organized, comprehensive, and collection-focused. Avoid cluttered arrangements or obscured products.",16:9,Collection Launches / Product Line Marketing / Range Showcases
565,Minimalist Negative Space Design,"Minimalist brands, modern design, clean aesthetics","You are a minimalist commercial photographer creating clean compositions with intentional negative space for modern brands emphasizing simplicity and design clarity. Create a minimal product photograph featuring single product positioned in lower third of frame with vast empty negative space above and around product on seamless white or neutral background with soft even lighting eliminating all shadows creating airy spacious composition with extreme simplicity and breathing room for typography or messaging. Use minimal aesthetic with single product as only element with intentional empty space as design element. Feature ultra-clean presentation with modern simplicity emphasized. Shot with even lighting maintaining minimalist purity. The image should feel spacious, minimal, and design-forward. Avoid cluttered compositions or insufficient negative space.",4:5,Minimalist Brands / Modern Design / Clean Aesthetics
566,Reflection Mirror Symmetry,"Creative product shots, artistic branding, visual interest","You are a creative commercial photographer using reflective surfaces and symmetry for visually striking product photography with artistic appeal. Create an artistic product photograph showing product positioned on glossy black acrylic or mirror surface creating perfect reflection below with product and reflection forming symmetrical composition with controlled studio lighting creating specular highlights on reflective surface while illuminating product from above with background fading to darkness emphasizing reflection effect. Use symmetrical composition with product and perfect mirror reflection as visual focus. Feature dramatic aesthetic with reflection adding visual interest and sophistication. Shot with polarizing filter controlling unwanted reflections while maintaining intended mirror effect. The image should feel artistic, symmetrical, and visually striking. Avoid incomplete reflections or cluttered compositions.",4:5,Creative Product Shots / Artistic Branding / Visual Interest
567,Monochrome Black White Contrast,"Timeless branding, classic aesthetics, editorial content","You are a black and white commercial photographer creating timeless monochrome imagery for classic brand aesthetics and editorial content. Create a dramatic black and white photograph of product or subject with strong tonal contrast and rich grayscale range from deep blacks to bright whites with lighting emphasizing form and texture through tonal separation with graphic quality and timeless aesthetic transcending color trends. Use high-contrast lighting creating dimensional modeling through light and shadow with attention to tonal range and texture revelation through monochrome rendering. Feature classic black and white aesthetic with emphasis on form, texture, and light. Shot with consideration for monochrome conversion ensuring strong contrast and tonal separation. The image should feel timeless, dramatic, and graphically strong. Avoid flat grey tones or weak contrast.",1:1,Timeless Branding / Classic Aesthetics / Editorial Content
568,Color Pop Accent Focus,"Eye-catching content, social media, visual impact","You are a commercial photographer using selective color techniques creating eye-catching imagery with single color accent for social media and high-impact marketing. Create a visually striking photograph where entire image is desaturated to black and white except single element in vibrant color drawing eye immediately to colored element whether product, object, or detail with dramatic effect created through color isolation with rest of image providing tonal context without color distraction. Use selective color technique with single vibrant element standing out against monochrome surroundings creating focal point through color contrast. Feature dramatic color isolation with strong visual impact. Created through selective desaturation maintaining single color element. The image should feel dramatic, eye-catching, and visually focused. Avoid multiple colored elements diluting effect.",1:1,Eye-Catching Content / Social Media / Visual Impact
569,Golden Hour Warm Glow,"Lifestyle campaigns, warm aesthetics, outdoor brands","You are a golden hour lifestyle photographer specializing in warm natural light photography during magic hour for lifestyle brands and outdoor campaigns. Create a glowing lifestyle photograph captured during golden hour with subject backlit by warm setting sun creating luminous glow around edges and warm orange-gold light bathing entire scene with lens flare and atmospheric haze adding dreamy quality with natural outdoor environment and authentic moment captured in beautiful natural light. Use backlit golden hour technique with subject positioned between camera and low sun creating rim lighting and warm atmosphere. Feature warm color palette with golden tones throughout and beautiful natural light quality. Shot during hour before sunset with natural light only. The image should feel warm, glowing, and naturally beautiful. Avoid artificial lighting or missing golden hour quality.",4:5,Lifestyle Campaigns / Warm Aesthetics / Outdoor Brands
570,Blue Hour Moody Atmosphere,"Evening campaigns, moody aesthetics, atmospheric brands","You are a blue hour photographer capturing moody atmospheric imagery during twilight for evening campaigns and atmospheric brand content. Create a moody atmospheric photograph captured during blue hour after sunset when sky takes on deep blue tone with artificial lighting creating warm glowing points of light against cool blue natural light with atmospheric depth and evening mood visible whether urban environment with city lights or landscape with remaining daylight glow. Use blue hour timing when natural light and artificial light balance creating rich atmospheric quality with cool blue tones contrasting warm artificial lights. Feature moody blue color palette with atmospheric depth and evening magic. Shot during 20-30 minute window after sunset. The image should feel moody, atmospheric, and evening-magical. Avoid daytime lighting or missing blue hour quality.",16:9,Evening Campaigns / Moody Aesthetics / Atmospheric Brands
571,High-Key Bright Airy,"Clean brands, medical products, fresh aesthetics","You are a high-key commercial photographer creating bright airy imagery with minimal shadows for clean brands and fresh aesthetic marketing. Create a bright clean photograph with predominantly white tones and minimal shadows where subject is evenly lit against white background with soft wrapping light from multiple angles filling shadows and creating almost shadowless bright aesthetic with clean fresh feeling and medical-grade cleanliness or spa-like serenity communicated through high-key lighting approach. Use multiple soft light sources surrounding subject filling all shadows with bright even illumination with background blown to pure white. Feature predominantly white color palette with minimal tonal variation creating airy bright mood. Shot with high-key lighting setup intentionally overexposing background. The image should feel bright, clean, and airy. Avoid dark shadows or low-key elements.",1:1,Clean Brands / Medical Products / Fresh Aesthetics
572,Low-Key Dark Moody Drama,"Luxury products, masculine brands, dramatic marketing","You are a low-key commercial photographer creating dramatic dark imagery with selective lighting for luxury and masculine brand marketing. Create a dramatic photograph with predominantly dark tones where subject emerges from deep shadows illuminated by single focused light source creating high contrast between bright highlights and deep blacks with mysterious dramatic mood and luxury positioning communicated through sophisticated low-key lighting emphasizing form through shadow and light. Use single key light with minimal fill creating dramatic contrast with background and surroundings falling to deep black. Feature dark moody color palette with selective illumination creating drama and sophistication. Shot with low-key lighting setup maintaining deep shadows. The image should feel dramatic, mysterious, and luxury-positioned. Avoid flat lighting or excessive brightness.",4:5,Luxury Products / Masculine Brands / Dramatic Marketing
573,Backlit Silhouette Outline,"Brand graphics, silhouette marketing, shape emphasis","You are a silhouette photographer creating backlit outline imagery emphasizing shape and form for graphic brand content and shape-focused marketing. Create a graphic silhouette photograph where subject is positioned between camera and bright background light source rendering subject as solid dark silhouette against bright background with shape and outline clearly defined while interior details remain in shadow creating strong graphic quality and emphasis on recognizable form and gesture. Use strong backlighting with subject underexposed creating silhouette effect with clear shape definition. Feature high contrast between dark silhouette and bright background with graphic quality emphasized. Shot with backlight exposure ensuring silhouette remains dark. The image should feel graphic, shape-focused, and high-contrast. Avoid partial silhouettes or unclear outlines.",16:9,Brand Graphics / Silhouette Marketing / Shape Emphasis
574,Lens Flare Dreamy Effect,"Dreamy aesthetics, romantic campaigns, ethereal branding","You are a lifestyle photographer using lens flare creatively for dreamy romantic imagery with ethereal quality for romantic brand campaigns. Create a dreamy photograph with intentional lens flare where bright light source creates visible flare spots and hazy glow across portion of frame adding ethereal romantic quality to image with subject partially veiled by light creating soft dreamy atmosphere and romantic mood appropriate for beauty, lifestyle, or romantic brand content. Use backlit or side-lit positioning allowing sun or bright light to create lens flare with older lens or technique encouraging flare rather than suppressing it. Feature dreamy soft aesthetic with flare adding romantic atmosphere. Shot with technique intentionally creating flare effect. The image should feel dreamy, romantic, and ethereally lit. Avoid excessive flare obscuring subject entirely.",4:5,Dreamy Aesthetics / Romantic Campaigns / Ethereal Branding
575,Sharp Focus Tack Sharp Detail,"Detail marketing, quality emphasis, precision products","You are a precision commercial photographer creating tack-sharp imagery emphasizing perfect focus and detail for quality-focused product marketing. Create an extremely sharp photograph with critical focus and maximum detail where product or subject is rendered with perfect sharpness revealing every texture, detail, and edge with precision with optimal aperture chosen for sharpness rather than creative depth effects and technical execution prioritized ensuring perfect focus and detail rendering. Use tripod-mounted camera with optimal aperture around f/8 for maximum lens sharpness with precise manual focus on critical details. Feature emphasis on sharpness and detail as primary qualities with technical perfection visible. Shot with techniques maximizing sharpness including optimal aperture and careful focus. The image should feel critically sharp, detailed, and technically perfect. Avoid soft focus or motion blur.",1:1,Detail Marketing / Quality Emphasis / Precision Products
576,Soft Focus Dreamy Blur,"Romantic marketing, soft aesthetics, beauty campaigns","You are an artistic portrait photographer using soft focus techniques creating dreamy ethereal imagery for romantic and beauty campaign marketing. Create a soft romantic photograph with intentional diffusion or soft focus where subject has gentle glow and softened edges creating dreamy quality while maintaining recognizability with hard details subdued in favor of soft romantic aesthetic appropriate for beauty, fragrance, or romantic lifestyle branding. Use diffusion filter, vintage lens, or technique creating soft focus effect with subject glowing softly with reduced contrast and softened details. Feature soft romantic aesthetic with gentle edges and glowing quality. Created through soft focus technique rather than post-processing. The image should feel soft, romantic, and dreamily beautiful. Avoid complete blur or lost subject definition.",4:5,Romantic Marketing / Soft Aesthetics / Beauty Campaigns
577,Motion Blur Dynamic Movement,"Speed marketing, dynamic brands, energy communication","You are an action photographer using motion blur creatively to communicate speed and energy for dynamic brand marketing and active lifestyle campaigns. Create a dynamic photograph with intentional motion blur where moving subject shows directional blur suggesting speed and movement while some element remains relatively sharp providing anchor point with sense of motion and energy communicated through blur rather than frozen action with dynamic composition emphasizing speed and activity. Use slower shutter speed allowing motion blur while maintaining some sharpness through panning or selective blur. Feature dynamic energy with motion communicated visually through blur effect. Shot with technique balancing blur and sharpness. The image should feel dynamic, energetic, and motion-filled. Avoid complete blur or static appearance.",16:9,Speed Marketing / Dynamic Brands / Energy Communication
578,Tilt-Shift Miniature Effect,"Creative campaigns, unique perspectives, playful marketing","You are a creative commercial photographer using tilt-shift techniques creating miniature effect for unique playful marketing campaigns and creative brand content. Create a photograph using tilt-shift effect where scene appears miniaturized through selective focus plane and enhanced color saturation with narrow band of sharp focus while foreground and background blur dramatically creating illusion of miniature scene or toy-like quality with playful creative effect appropriate for unique campaign concepts. Use tilt-shift lens or effect creating narrow focus plane with enhanced saturation and contrast creating miniature illusion. Feature playful aesthetic with miniature appearance and creative perspective. Created through tilt-shift technique. The image should feel playful, creative, and miniature-like. Avoid simple blur or missing miniature effect.",16:9,Creative Campaigns / Unique Perspectives / Playful Marketing
579,Dutch Angle Dynamic Tension,"Edgy campaigns, dynamic framing, unconventional marketing","You are a dynamic commercial photographer using Dutch angle composition creating visual tension and energy for edgy campaigns and unconventional marketing approaches. Create a dynamic photograph with camera tilted on diagonal angle creating slanted horizon and diagonal composition adding visual tension, energy, and unconventional perspective appropriate for youthful, edgy, or dynamic brand content with compositional tension creating visual interest and breaking conventional horizontal framing. Use intentionally tilted camera angle creating diagonal composition with slanted vertical elements adding dynamic energy. Feature unconventional perspective with visual tension through angled framing. Shot with deliberately tilted camera. The image should feel dynamic, edgy, and visually energetic. Avoid unintentional tilt or excessive angle causing disorientation.",4:5,Edgy Campaigns / Dynamic Framing / Unconventional Marketing
580,Worm's Eye Low Angle Power,"Empowerment marketing, architectural shots, powerful perspectives","You are a perspective-focused photographer using extreme low angles creating powerful imposing imagery for empowerment campaigns and architectural marketing. Create a dramatic low-angle photograph shot from ground level looking upward at subject creating imposing powerful perspective with subject towering above viewer with sky or ceiling as background and strong sense of power, dominance, or monumentality communicated through extreme low viewing angle emphasizing subject size and importance. Use camera positioned at or near ground level shooting upward with wide angle lens emphasizing perspective distortion and vertical emphasis. Feature powerful perspective with subject appearing imposing and monumental through low angle. Shot from extreme low position. The image should feel powerful, imposing, and perspective-dramatic. Avoid moderate angles missing extreme perspective effect.",4:5,Empowerment Marketing / Architectural Shots / Powerful Perspectives
581,Bird's Eye Overhead Pattern,"Pattern marketing, organization content, overhead perspectives","You are an overhead photographer creating bird's eye perspective imagery showing patterns and organization for pattern-focused marketing and organizational content. Create a perfectly overhead photograph shot from directly above subject looking straight down creating flat graphic perspective where three-dimensional space appears two-dimensional with patterns, organization, and spatial relationships clearly visible with bird's eye view revealing arrangements, patterns, or organization invisible from conventional angles. Use camera positioned directly above subject parallel to ground plane with overhead perspective eliminating foreground-background depth in favor of flat spatial organization. Feature graphic quality with patterns and organization clearly visible from overhead. Shot from directly above. The image should feel graphic, pattern-focused, and organizationally clear. Avoid angled overhead shots missing true bird's eye perspective.",1:1,Pattern Marketing / Organization Content / Overhead Perspectives
582,Rule of Thirds Balanced Composition,"Professional campaigns, balanced aesthetics, classic composition","You are a classically trained commercial photographer using rule of thirds composition creating balanced professional imagery for commercial campaigns and marketing content. Create a well-composed photograph with main subject positioned along rule of thirds gridlines or intersections creating balanced asymmetrical composition with visual interest distributed across frame using compositional guidelines creating professional pleasing arrangement with horizon line on horizontal third and subject on vertical third creating classic balanced composition. Use rule of thirds guidelines positioning key elements along gridlines or at intersection points creating professional balanced composition. Feature classic compositional balance with professional aesthetic. Shot with deliberate rule of thirds positioning. The image should feel balanced, professional, and classically composed. Avoid centered composition or ignored guidelines.",16:9,Professional Campaigns / Balanced Aesthetics / Classic Composition
583,Central Symmetry Balanced Power,"Luxury brands, powerful messaging, symmetric design","You are a symmetry-focused commercial photographer creating powerfully centered compositions for luxury brands and impactful messaging through symmetric balance. Create a perfectly centered symmetrical photograph with subject positioned in exact center of frame with balanced elements mirrored on left and right sides creating formal powerful composition with symmetrical balance communicating stability, power, and intentional design with centered subject commanding attention through central positioning and symmetric framing. Use centered composition with symmetric elements balanced on both sides creating formal powerful arrangement with mathematical precision. Feature symmetric balance with powerful central focus. Shot with precise centered framing. The image should feel powerful, balanced, and formally symmetric. Avoid asymmetry or off-center positioning.",1:1,Luxury Brands / Powerful Messaging / Symmetric Design
584,Leading Lines Directional Flow,"Directional marketing, depth emphasis, visual guidance","You are a compositionally sophisticated photographer using leading lines creating depth and visual flow guiding viewer's eye through image for marketing emphasizing journey or direction. Create a photograph with strong leading lines whether roads, fences, architectural elements, or natural formations creating visual pathways directing viewer's eye from foreground toward subject or through image creating depth perception and visual journey with compositional lines serving as visual guides creating three-dimensional depth on two-dimensional image. Use environmental or compositional lines creating directional flow toward subject or through frame with lines converging or leading eye intentionally. Feature strong linear elements creating visual guidance and depth. Shot with composition emphasizing linear perspective. The image should feel deep, directional, and visually guided. Avoid missing leading lines or directionless composition.",16:9,Directional Marketing / Depth Emphasis / Visual Guidance
585,Framing Within Frame Depth,"Depth marketing, layered storytelling, artistic composition","You are an artistically sophisticated photographer using frame-within-frame technique creating layered compositions with enhanced depth for artistic marketing and storytelling campaigns. Create a layered photograph where subject is framed by environmental elements like doorway, window, archway, or natural framing creating multiple layers of depth with foreground frame leading eye toward framed subject in background creating visual depth through layered composition with framing element adding context and dimensional separation. Use environmental elements creating natural frame around subject with multiple compositional layers creating enhanced three-dimensional depth perception. Feature layered composition with frame-within-frame creating depth. Shot with composition utilizing natural framing elements. The image should feel deep, layered, and artistically framed. Avoid single-plane composition or missing framing elements.",4:5,Depth Marketing / Layered Storytelling / Artistic Composition
586,Color Harmony Monochromatic Unity,"Cohesive branding, color-focused marketing, unified aesthetics","You are a color-focused commercial photographer creating monochromatic color harmony for cohesive brand campaigns emphasizing single color family and unified aesthetic. Create a photograph where all elements share similar hue within single color family creating monochromatic color scheme with variations in saturation and brightness but unified hue creating visually cohesive harmonious image with color unity as primary aesthetic characteristic appropriate for color-focused brand campaigns emphasizing specific brand color or seasonal color story. Use monochromatic color palette with all elements sharing similar base hue with tonal variation providing depth within single color family. Feature strong color harmony with unified hue throughout. Shot with attention to color consistency across all elements. The image should feel color-unified, harmonious, and cohesively hued. Avoid contrasting hues or color variety.",1:1,Cohesive Branding / Color-Focused Marketing / Unified Aesthetics
587,Complementary Color Impact Contrast,"Eye-catching campaigns, color impact, visual contrast","You are a color theory photographer using complementary colors creating maximum visual impact through color contrast for attention-grabbing marketing campaigns. Create a vibrant photograph using complementary color pairs like blue and orange or purple and yellow positioned opposite on color wheel creating maximum color contrast and visual vibration with strong eye-catching quality and energetic visual impact through color opposition with complementary colors creating dynamic tension and attention-commanding presence. Use complementary color combinations with opposing hues creating strong color contrast and visual energy with color relationships creating impact. Feature strong complementary color contrast with maximum visual vibration. Shot with attention to complementary color theory. The image should feel vibrant, contrasting, and color-impactful. Avoid analogous colors or weak color contrast.",1:1,Eye-Catching Campaigns / Color Impact / Visual Contrast
588,Analogous Color Harmony Smooth Transition,"Gentle branding, natural aesthetics, harmonious design","You are a harmonious color photographer using analogous color schemes creating gentle smooth color transitions for natural harmonious brand aesthetics and calming visual design. Create a photograph using analogous colors positioned adjacent on color wheel like blue, blue-green, and green creating smooth color harmony without strong contrast with colors blending naturally creating peaceful unified aesthetic with gentle transitions between related hues appropriate for natural, calming, or harmonious brand positioning. Use analogous color palette with neighboring hues creating smooth color relationships without dramatic contrast with harmonious color progression. Feature smooth color harmony with related hues. Shot with attention to analogous color relationships. The image should feel harmonious, smooth, and naturally color-transitioned. Avoid complementary contrast or color discord.",4:5,Gentle Branding / Natural Aesthetics / Harmonious Design
589,Triadic Color Vibrant Balance,"Vibrant campaigns, balanced color, energetic marketing","You are a vibrant color photographer using triadic color schemes creating energetic balanced color for vibrant marketing campaigns emphasizing lively color relationships. Create a colorful photograph using three colors equally spaced around color wheel like red, yellow, and blue creating balanced yet vibrant color scheme with energetic quality and visual interest through multiple distinct hues balanced in composition creating lively colorful aesthetic without overwhelming chaos through balanced triadic relationships. Use triadic color combination with three equally-spaced hues creating balanced colorful composition with energetic diverse color while maintaining balance. Feature vibrant balanced color with triadic harmony. Shot with attention to balanced triadic color distribution. The image should feel vibrant, balanced, and energetically colorful. Avoid monochromatic or unbalanced color.",1:1,Vibrant Campaigns / Balanced Color / Energetic Marketing
590,Desaturated Muted Tones Subtlety,"Sophisticated brands, subtle aesthetics, refined marketing","You are a refined commercial photographer using desaturated muted tones creating sophisticated subtle imagery for upscale refined brand marketing emphasizing subtlety over vibrancy. Create a photograph with intentionally desaturated color palette where colors are muted and subdued creating sophisticated gentle aesthetic with reduced color saturation emphasizing tonal relationships over saturated color impact with refined restrained palette appropriate for luxury, sophisticated, or minimalist brand positioning emphasizing subtlety and refinement. Use desaturated color treatment with reduced saturation creating muted sophisticated palette with gentle subtle colors rather than vibrant saturated hues. Feature muted color sophistication with subtle tonal palette. Shot or processed with intentional desaturation. The image should feel sophisticated, muted, and subtly refined. Avoid vibrant saturation or bold color.",4:5,Sophisticated Brands / Subtle Aesthetics / Refined Marketing
591,Vibrant Saturation Maximum Impact,"Youth marketing, energetic brands, attention-grabbing content","You are a high-energy commercial photographer using maximum color saturation creating vibrant eye-catching imagery for youth-focused energetic brand marketing demanding attention. Create an intensely colorful photograph with highly saturated vivid colors creating maximum visual impact and energetic presence with colors pushed to near-maximum saturation creating bold attention-commanding aesthetic appropriate for youth marketing, energetic brands, or attention-focused social media content where standing out through color vibrancy is strategic priority. Use highly saturated color treatment with vivid intense colors creating maximum color impact with energetic bold palette throughout. Feature intense color saturation with maximum vibrancy. Shot with vibrant subjects or enhanced through saturation increase. The image should feel energetic, vibrant, and intensely colorful. Avoid muted tones or subtle color.",1:1,Youth Marketing / Energetic Brands / Attention-Grabbing Content
592,Earth Tones Natural Palette,"Natural brands, organic products, grounded marketing","You are a natural aesthetics photographer using earth tone palettes creating grounded organic imagery for natural brands and earth-conscious marketing emphasizing connection to nature. Create a photograph using earth tone color palette of browns, tans, greens, and warm neutrals derived from natural world creating grounded organic aesthetic with colors reflecting natural environment like soil, wood, stone, and vegetation with warm natural palette communicating authenticity, naturalness, and environmental consciousness appropriate for organic, natural, or earth-conscious brands. Use earth tone palette with natural browns, greens, and warm neutrals creating organic color scheme reflecting natural materials and environments. Feature natural earth tones with organic color palette. Shot with natural materials or earth-toned subjects. The image should feel natural, grounded, and earth-connected. Avoid artificial colors or cool tones.",4:5,Natural Brands / Organic Products / Grounded Marketing
593,Neon Vibrant Urban Energy,"Urban brands, nightlife marketing, energetic city content","You are an urban lifestyle photographer using neon lighting and vibrant urban energy for contemporary city-focused marketing and nightlife campaigns. Create an energetic urban photograph featuring neon signage or lighting creating vibrant color splashes against dark urban environment with contemporary city energy and nightlife vibrancy communicated through electric neon colors and urban atmosphere with modern metropolitan aesthetic appropriate for urban brands, nightlife marketing, or contemporary city-focused content. Use neon lighting or urban neon signage creating vibrant color against dark surroundings with electric urban energy and contemporary metropolitan mood. Feature neon vibrancy with urban energy and electric color. Shot in urban environment with neon lighting. The image should feel urban, energetic, and neon-vibrant. Avoid suburban or natural settings.",4:5,Urban Brands / Nightlife Marketing / City Content
594,Pastel Soft Gentle Femininity,"Feminine brands, gentle marketing, soft aesthetics","You are a soft commercial photographer using pastel color palettes creating gentle feminine imagery for soft brand positioning and feminine marketing aesthetics. Create a gentle photograph using pastel color palette of soft pinks, lavenders, mint greens, and light blues creating delicate feminine aesthetic with lightness and airiness through pale saturated colors with gentle sweet quality appropriate for feminine brands, baby products, or brands emphasizing softness and gentleness in positioning. Use pastel colors throughout with pale soft hues creating gentle delicate palette without intense or dark tones with light feminine color story. Feature soft pastel palette with gentle feminine colors. Shot with pastel subjects or color graded toward pastel tones. The image should feel gentle, feminine, and pastel-soft. Avoid bold colors or dark tones.",4:5,Feminine Brands / Gentle Marketing / Soft Aesthetics
595,Dark Moody Masculine Deep Tones,"Masculine brands, sophisticated marketing, dark aesthetics","You are a moody commercial photographer using dark masculine color palettes creating sophisticated deep-toned imagery for masculine brand positioning and sophisticated dark aesthetics. Create a moody photograph using dark color palette of deep blues, charcoals, blacks, and rich browns creating masculine sophisticated aesthetic with weight and depth through dark rich colors with serious refined quality appropriate for masculine brands, luxury men's products, or sophisticated brand positioning emphasizing depth and seriousness. Use dark color palette with deep rich tones creating masculine moody atmosphere without lightness or pale colors with deep sophisticated color story. Feature dark masculine palette with deep rich colors. Shot in dark environment or color graded toward deep tones. The image should feel masculine, sophisticated, and deeply toned. Avoid bright colors or light tones.",4:5,Masculine Brands / Sophisticated Marketing / Dark Aesthetics
596,Warm Tones Inviting Comfort,"Comfort brands, welcoming marketing, cozy aesthetics","You are a warm commercial photographer using warm color temperatures creating inviting comfortable imagery for comfort-focused brands and welcoming marketing emphasizing coziness. Create a warm inviting photograph using warm color palette of oranges, yellows, warm reds, and golden tones creating cozy comfortable aesthetic with emotional warmth and invitation through warm color temperatures with welcoming hospitable quality appropriate for comfort brands, hospitality marketing, or brands emphasizing warmth and welcome in positioning. Use warm color palette with orange and yellow undertones throughout creating cozy inviting color temperature without cool tones with warm welcoming color story. Feature warm inviting palette with comfortable cozy colors. Shot in warm lighting or color graded toward warm temperatures. The image should feel warm, inviting, and comfortably cozy. Avoid cool tones or clinical colors.",4:5,Comfort Brands / Welcoming Marketing / Cozy Aesthetics
597,Cool Tones Calm Serenity,"Spa brands, calming products, serene marketing","You are a serene commercial photographer using cool color temperatures creating calm peaceful imagery for wellness brands and calming marketing emphasizing serenity and tranquility. Create a peaceful photograph using cool color palette of blues, cool grays, lavenders, and cool greens creating calm serene aesthetic with emotional peace and tranquility through cool color temperatures with relaxing meditative quality appropriate for spa brands, wellness products, or brands emphasizing calm and serenity in positioning. Use cool color palette with blue and green undertones throughout creating calm peaceful color temperature without warm tones with serene tranquil color story. Feature cool calm palette with serene peaceful colors. Shot in cool lighting or color graded toward cool temperatures. The image should feel cool, calm, and serenely peaceful. Avoid warm tones or energetic colors.",4:5,Spa Brands / Calming Products / Serene Marketing
598,Metallic Accents Luxury Shimmer,"Luxury brands, premium products, elegant marketing","You are a luxury commercial photographer incorporating metallic elements creating premium shimmer for upscale brand marketing emphasizing luxury through metallic accents. Create an elegant photograph featuring metallic elements like gold, silver, or copper materials or accents catching light and creating shimmering reflections adding luxury quality and premium feel through metallic shine and reflectivity with sophisticated elegant aesthetic appropriate for luxury brands, premium products, or upscale marketing emphasizing refinement through precious metal associations. Use metallic materials or elements incorporating gold, silver, or copper creating shimmer and reflective luxury with specular highlights on metallic surfaces adding premium quality. Feature metallic luxury with shimmer and reflective elegance. Shot with lighting emphasizing metallic reflections. The image should feel luxurious, shimmering, and metallically premium. Avoid matte finishes or missing metallic elements.",1:1,Luxury Brands / Premium Products / Elegant Marketing
599,Gradient Transition Color Flow,"Modern brands, smooth aesthetics, transitional design","You are a gradient-focused commercial photographer using smooth color transitions creating modern flowing imagery for contemporary brands emphasizing smooth gradients and color progression. Create a modern photograph featuring smooth gradient background or element transitioning seamlessly between colors creating contemporary aesthetic with color flow and smooth progression without hard edges between hues with modern digital-age quality appropriate for contemporary brands, tech products, or modern marketing emphasizing smooth transitions and progressive design. Use gradient backgrounds or elements with smooth color transitions blending seamlessly between hues creating flowing color progression without abrupt changes. Feature smooth gradients with flowing color transitions. Created using gradient lighting or backgrounds. The image should feel modern, smooth, and gradient-flowing. Avoid hard color edges or abrupt transitions.",1:1,Modern Brands / Smooth Aesthetics / Transitional Design
600,Jewel Tones Rich Saturated Luxury,"Rich brands, luxurious products, opulent marketing","You are a luxury commercial photographer using jewel tone palettes creating rich saturated imagery for opulent brand marketing emphasizing richness through deep saturated gemstone colors. Create a rich opulent photograph using jewel tone color palette of deep saturated colors like emerald green, sapphire blue, ruby red, and amethyst purple mimicking precious gemstones creating luxurious rich aesthetic with deep color saturation and precious quality appropriate for luxury brands, opulent products, or rich marketing emphasizing precious luxury through gemstone color associations. Use jewel tone palette with deep saturated rich colors named after precious gems creating opulent luxurious color scheme with rich depth and saturation. Feature jewel tones with rich luxurious deep colors. Shot with jewel-toned subjects or color graded toward jewel palette. The image should feel rich, opulent, and luxuriously jewel-toned. Avoid pale colors or desaturated tones.  ---  ## LIFESTYLE & STORYTELLING PROMPTS  ### Prompt #601 — Morning Routine Productivity Ritual  **Use Case:** Productivity apps, morning brands, routine marketing  **Prompt:** You are a lifestyle documentary photographer capturing authentic morning routines and productivity rituals for wellness brands and productivity app marketing. Create an authentic lifestyle photograph showing person engaged in morning routine activity like journaling, coffee preparation, or meditation in naturally lit space during early morning with soft window light creating peaceful productive atmosphere and genuine moment captured showing real morning ritual behavior with aspirational yet authentic quality appropriate for wellness brands, productivity tools, or morning-focused product marketing. Use natural early morning light through windows creating soft peaceful illumination with documentary approach capturing genuine behavior and authentic morning atmosphere. Feature peaceful productive morning aesthetic with natural authentic moments. Shot with available light capturing real routine behaviors. The image should feel authentic, peaceful, and productively morning-focused. Avoid staged poses or artificial scenarios.",4:5,Productivity Apps / Morning Brands / Routine Marketing
602,Remote Work Home Office Setup,"Remote work tools, home office products, productivity brands","You are a workspace lifestyle photographer capturing modern remote work environments for home office brands and remote productivity marketing. Create a professional lifestyle photograph showing well-designed home office workspace with laptop, desk accessories, and professional setup in home environment with natural window light creating clean productive atmosphere showing remote work professionalism and home office optimization with balance between professional and comfortable home setting appropriate for remote work tools, home office furniture, or productivity software marketing. Use natural window light creating bright clean workspace atmosphere with lifestyle composition showing functional organized home office with professional yet comfortable aesthetic. Feature clean organized workspace with natural home setting context. Shot with natural light emphasizing productivity and professionalism. The image should feel professional, organized, and remote-work optimized. Avoid cluttered spaces or unprofessional appearance.",16:9,Remote Work Tools / Home Office Products / Productivity Marketing
603,Family Moments Authentic Connection,"Family brands, parenting products, connection marketing","You are a family lifestyle photographer capturing genuine family connections and authentic parenting moments for family-focused brands and parenting product marketing. Create a warm authentic photograph showing family members interacting genuinely with natural affection and real connection visible in home environment or outdoor family setting with natural lighting and documentary approach capturing real family dynamics without stiff posing with emotional authenticity and relatable family moments appropriate for parenting brands, family products, or connection-focused marketing emphasizing real relationships. Use natural lighting whether indoor window light or outdoor daylight with documentary approach capturing genuine interactions and authentic emotions with diverse family representation. Feature warm authentic family connection with real emotional moments. Shot with candid documentary approach. The image should feel genuine, warm, and authentically familial. Avoid stiff family portraits or fake interactions.",4:5,Family Brands / Parenting Products / Connection Marketing
604,Outdoor Adventure Active Lifestyle,"Outdoor brands, adventure gear, active lifestyle marketing","You are an outdoor adventure photographer capturing authentic outdoor experiences and active lifestyle moments for outdoor gear brands and adventure marketing. Create an energetic outdoor photograph showing person engaged in outdoor activity like hiking, camping, or exploring in beautiful natural environment with natural daylight and genuine outdoor experience captured showing adventure spirit and connection to nature with authentic outdoor lifestyle aesthetic appropriate for outdoor gear, adventure travel, or active lifestyle brands emphasizing genuine outdoor experiences. Use natural outdoor lighting with environmental context showing authentic outdoor activity and adventure with dynamic composition capturing movement or genuine outdoor moments. Feature authentic outdoor adventure with natural environmental beauty. Shot in real outdoor environments during activities. The image should feel adventurous, authentic, and outdoor-spirited. Avoid studio shots or fake outdoor scenarios.",16:9,Outdoor Brands / Adventure Gear / Active Lifestyle Marketing
605,Couple Romance Intimate Connection,"Dating apps, romantic products, relationship marketing","You are a romantic lifestyle photographer capturing intimate couple moments and genuine romantic connection for dating platforms and relationship-focused marketing. Create a romantic authentic photograph showing couple sharing genuine intimate moment whether embrace, conversation, or affection in naturally lit setting with soft flattering light creating romantic atmosphere and authentic connection visible through body language and genuine emotion with relatable romantic aesthetic appropriate for dating services, romantic products, or relationship-focused brands emphasizing genuine connection. Use soft natural lighting creating romantic flattering illumination with composition capturing genuine intimacy and authentic couple connection with diverse couple representation. Feature romantic intimacy with authentic genuine connection. Shot with candid approach capturing real moments. The image should feel romantic, authentic, and genuinely connected. Avoid cheesy romantic clichés or forced poses.",4:5,Dating Apps / Romantic Products / Relationship Marketing
606,Solo Travel Female Empowerment,"Travel brands, solo travel, empowerment marketing","You are a travel lifestyle photographer capturing solo female travel experiences and empowered exploration for travel brands and empowerment-focused marketing. Create an empowering travel photograph showing woman traveling solo in beautiful destination with confident body language and sense of adventure and freedom visible in scenic location with natural lighting and compositional emphasis on female traveler as empowered subject exploring world independently with inspirational quality appropriate for travel brands, solo travel services, or empowerment marketing emphasizing independence and adventure. Use natural travel destination lighting with composition emphasizing solo traveler confidence and environmental beauty with inspirational empowering mood. Feature solo female empowerment with travel adventure context. Shot authentically in travel destinations. The image should feel empowering, adventurous, and independently confident. Avoid vulnerable or unsafe representations.",4:5,Travel Brands / Solo Travel / Empowerment Marketing
607,Elderly Active Aging Vitality,"Senior products, active aging, vitality marketing","You are an active aging photographer capturing vital engaged senior lifestyles for age-positive brands and active senior marketing. Create a positive lifestyle photograph showing senior adult actively engaged in enriching activity like exercising, socializing, or pursuing hobby with vitality and engagement visible challenging ageist stereotypes with natural lighting and authentic representation showing capable active aging with dignity and joy appropriate for senior products, retirement planning, or age-positive brands emphasizing vitality and continued engagement in life. Use natural lighting with composition showing active engaged seniors in authentic activities with positive energy and capability emphasized. Feature active aging vitality with positive representation. Shot with respectful authentic approach. The image should feel positive, vital, and age-respectful. Avoid patronizing or stereotypical senior imagery.",4:5,Senior Products / Active Aging / Vitality Marketing
608,College Student Campus Life,"Education brands, student products, campus marketing","You are a campus lifestyle photographer capturing authentic college experiences and student life for education brands and student-focused marketing. Create an authentic campus photograph showing college student in university setting engaged in studying, campus activities, or student life with natural lighting and genuine campus atmosphere captured showing real student experience with relatable aesthetic appropriate for education services, student products, or campus-focused brands emphasizing authentic college experience and student lifestyle. Use natural campus lighting whether outdoor campus spaces or library settings with documentary approach capturing genuine student life and authentic campus moments. Feature authentic student life with campus context. Shot in real campus environments. The image should feel authentic, relatable, and campus-genuine. Avoid stock photo clichés or inauthentic representations.",4:5,Education Brands / Student Products / Campus Marketing
609,Freelancer Coffee Shop Working,"Freelance tools, coffee brands, mobile work products","You are a freelance lifestyle photographer capturing modern freelancer work habits and coffee shop work culture for freelance tools and mobile work marketing. Create an authentic lifestyle photograph showing freelancer working on laptop in coffee shop environment with coffee and work materials visible in naturally lit cafe setting showing contemporary work culture and location-independent lifestyle with casual yet productive aesthetic appropriate for freelance platforms, coffee shop brands, or mobile work tools emphasizing flexible work lifestyle. Use natural cafe window light with lifestyle composition showing authentic freelance work scene with coffee shop atmosphere and productive yet relaxed working mood. Feature freelance lifestyle with coffee shop work culture. Shot in real cafe environments. The image should feel contemporary, freelance-authentic, and flexibly productive. Avoid traditional office aesthetics.",4:5,Freelance Tools / Coffee Brands / Mobile Work Products
610,Pregnancy Journey Maternal Beauty,"Maternity products, pregnancy services, maternal health","You are a maternity lifestyle photographer capturing pregnancy journey beauty and maternal experience for maternity brands and pregnancy-focused marketing. Create a beautiful lifestyle photograph showing pregnant woman in natural moment celebrating pregnancy with gentle lighting and graceful composition emphasizing pregnancy beauty and maternal experience with authentic emotion and natural beauty without excessive glamorization appropriate for maternity products, pregnancy services, or maternal health brands emphasizing genuine pregnancy experience. Use soft natural lighting creating flattering gentle illumination with composition celebrating pregnancy form and maternal beauty with authentic emotional connection to pregnancy. Feature pregnancy beauty with authentic maternal emotion. Shot with flattering natural approach. The image should feel beautiful, maternal, and authentically pregnancy-celebrating. Avoid clinical settings or uncomfortable representations.",4:5,Maternity Products / Pregnancy Services / Maternal Health
611,Pet Owner Bond Animal Companion,"Pet products, veterinary services, pet care brands","You are a pet lifestyle photographer capturing authentic human-animal bonds and pet companionship for pet care brands and animal product marketing. Create a heartwarming lifestyle photograph showing pet owner with dog or cat in genuine affectionate moment showing real bond and companionship in home environment or outdoor setting with natural lighting and authentic interaction captured showing emotional connection between human and pet with relatable pet owner aesthetic appropriate for pet products, veterinary services, or pet care brands emphasizing genuine human-animal relationships. Use natural lighting with documentary approach capturing authentic pet-owner interactions and genuine affection with diverse pet owner representation. Feature authentic pet bonds with genuine emotional connection. Shot capturing real interactions between pets and owners. The image should feel heartwarming, genuine, and companionship-focused. Avoid forced pet poses or uncomfortable animal handling.",4:5,Pet Products / Veterinary Services / Pet Care Brands
612,Sustainable Living Eco Conscious,"Eco-brands, sustainable products, environmental marketing","You are an eco-conscious lifestyle photographer capturing sustainable living practices and environmental consciousness for green brands and sustainability marketing. Create an authentic lifestyle photograph showing person engaged in sustainable practice like using reusable products, growing food, or eco-friendly behaviors in natural setting with honest representation of sustainable lifestyle choices without preachy tone and accessible relatable aesthetic appropriate for eco-brands, sustainable products, or environmental campaigns emphasizing achievable sustainability. Use natural lighting with lifestyle approach showing genuine sustainable behaviors and authentic eco-conscious choices with positive accessible tone avoiding judgmental messaging. Feature sustainable living with accessible eco-practices. Shot showing authentic sustainable behaviors. The image should feel positive, accessible, and sustainably authentic. Avoid preachy or exclusionary environmental messaging.",4:5,Eco-Brands / Sustainable Products / Environmental Marketing
613,Meditation Mindfulness Peace,"Meditation apps, mindfulness products, wellness brands","You are a mindfulness photographer capturing meditation practice and peaceful mindful moments for meditation apps and mindfulness-focused wellness marketing. Create a peaceful photograph showing person in meditation pose in serene setting whether indoor minimal space or natural outdoor environment with soft natural lighting creating calm peaceful atmosphere and sense of inner peace visible through composed relaxed body language with tranquil aesthetic appropriate for meditation apps, mindfulness courses, or wellness brands emphasizing mental peace and mindful practice. Use soft natural lighting creating serene peaceful illumination with minimal composition emphasizing stillness and calm with diverse practitioner representation. Feature meditation peace with tranquil mindful atmosphere. Shot with calm quiet approach. The image should feel peaceful, mindful, and serenely tranquil. Avoid busy backgrounds or agitated energy.",4:5,Meditation Apps / Mindfulness Products / Wellness Brands
614,Cooking Together Family Kitchen,"Food brands, kitchen products, family meal marketing","You are a family food photographer capturing shared cooking experiences and family kitchen moments for food brands and cooking-related product marketing. Create a warm lifestyle photograph showing family members cooking together in home kitchen with genuine interaction and collaborative cooking visible in naturally lit kitchen environment showing family bonding through food preparation with authentic warm atmosphere appropriate for food brands, kitchen products, or family meal services emphasizing cooking as family activity and shared experience. Use natural kitchen lighting whether window light or ambient kitchen lighting with documentary approach capturing genuine family cooking interactions and authentic kitchen moments. Feature family cooking connection with warm kitchen atmosphere. Shot in real home kitchens during actual cooking. The image should feel warm, familial, and cooking-connective. Avoid professional chef kitchen aesthetics.",16:9,Food Brands / Kitchen Products / Family Meal Marketing
615,Gaming Streaming Content Creator,"Gaming products, streaming platforms, creator tools","You are a gaming lifestyle photographer capturing streaming culture and content creator environments for gaming products and creator economy marketing. Create an authentic photograph showing gamer or streamer in gaming setup environment with monitors, lighting, and gaming equipment visible showing modern content creator lifestyle with ambient RGB lighting and gaming atmosphere captured showing contemporary gaming culture appropriate for gaming products, streaming platforms, or creator tools emphasizing content creation lifestyle and gaming community. Use ambient gaming lighting with RGB elements and monitor glow creating contemporary gaming aesthetic with authentic setup representation. Feature gaming streaming culture with content creator environment. Shot in real gaming setups. The image should feel contemporary, gaming-authentic, and creator-focused. Avoid outdated gaming stereotypes.",16:9,Gaming Products / Streaming Platforms / Creator Tools
616,Reading Relaxation Quiet Moment,"Book brands, reading apps, relaxation products","You are a quiet moments photographer capturing reading relaxation and peaceful downtime for book-related brands and relaxation-focused marketing. Create a peaceful lifestyle photograph showing person reading book in comfortable setting with cozy atmosphere like window seat with natural light or cozy chair with soft lamp creating relaxing peaceful scene emphasizing reading as relaxation and escape with comfortable inviting aesthetic appropriate for book brands, reading apps, or relaxation products emphasizing quiet peaceful moments and reading pleasure. Use soft natural or ambient lighting creating cozy comfortable reading atmosphere with composition emphasizing comfort and peaceful relaxation. Feature reading relaxation with peaceful cozy atmosphere. Shot in comfortable authentic settings. The image should feel peaceful, cozy, and reading-inviting. Avoid stiff or uncomfortable reading positions.",4:5,Book Brands / Reading Apps / Relaxation Products
617,Music Creation Studio Art,"Music products, creator tools, artistic expression","You are a music lifestyle photographer capturing music creation and artistic expression for music products and creator-focused marketing. Create an atmospheric photograph showing musician or producer creating music in studio environment or with instruments showing creative process and artistic expression with ambient studio lighting or natural light creating artistic creative atmosphere showing music creation as authentic artistic practice appropriate for music products, production tools, or artistic platforms emphasizing creative expression and musical artistry. Use ambient studio lighting or natural light creating artistic creative mood with composition showing authentic music creation and creative process. Feature music creation with artistic creative atmosphere. Shot in real studio or creative environments. The image should feel creative, artistic, and musically authentic. Avoid staged commercial music photography.",16:9,Music Products / Creator Tools / Artistic Expression
618,Dance Movement Expressive Art,"Dance brands, movement products, expressive marketing","You are a dance and movement photographer capturing expressive movement and physical artistry for dance-related brands and movement-focused marketing. Create a dynamic photograph showing dancer in expressive movement with grace and athleticism visible captured mid-motion in studio or outdoor space with natural or stage lighting creating dynamic composition emphasizing movement beauty and physical expression with artistic quality appropriate for dance studios, movement products, or expressive arts brands emphasizing physical artistry and movement freedom. Use lighting creating dimensional modeling of moving body with fast shutter freezing peak movement moment or slight blur suggesting motion with artistic composition emphasizing grace. Feature dance movement with expressive artistic quality. Shot capturing authentic dance movement. The image should feel expressive, graceful, and movement-artistic. Avoid stiff poses or missing motion quality.",4:5,Dance Brands / Movement Products / Expressive Marketing
619,Volunteering Community Service Impact,"Nonprofit organizations, social impact, community brands","You are a social impact photographer documenting volunteer work and community service for nonprofit organizations and social impact marketing. Create an authentic documentary photograph showing volunteers engaged in community service work with genuine community impact visible in real-world setting with natural lighting and honest representation showing real volunteer work and community connections with authentic purposeful aesthetic appropriate for nonprofit organizations, social enterprises, or community-focused brands emphasizing genuine impact and service. Use natural available lighting with documentary approach capturing authentic volunteer work and real community service with diverse representation. Feature volunteer service with authentic community impact. Shot in real service environments during actual volunteer work. The image should feel authentic, impactful, and community-genuine. Avoid staged charity photography or savior narratives.",16:9,Nonprofit Organizations / Social Impact / Community Brands
620,Entrepreneur Hustle Startup Culture,"Startup tools, entrepreneur services, business platforms","You are an entrepreneurial lifestyle photographer capturing startup culture and entrepreneur hustle for startup-focused brands and business tool marketing. Create an energetic photograph showing entrepreneur working on startup in contemporary workspace showing focused determination and startup energy whether in modern coworking space or scrappy startup office with natural lighting and authentic startup atmosphere captured showing real entrepreneurial work with aspirational yet relatable aesthetic appropriate for startup tools, business platforms, or entrepreneur services emphasizing hustle and startup journey. Use natural workspace lighting with composition showing authentic startup work and entrepreneurial focus with contemporary startup culture aesthetic. Feature entrepreneur hustle with startup energy. Shot in real startup or coworking environments. The image should feel energetic, entrepreneurial, and startup-authentic. Avoid corporate business aesthetics or pretentious startup clichés.",16:9,Startup Tools / Entrepreneur Services / Business Platforms
621,Christmas Holiday Festive Warmth,"Holiday marketing, Christmas campaigns, seasonal products","You are a holiday lifestyle photographer creating Christmas atmosphere and festive warmth for holiday marketing campaigns and seasonal product promotion. Create a warm festive photograph featuring Christmas decorations like lights, ornaments, or tree with products or lifestyle scene in cozy holiday setting with warm ambient lighting from Christmas lights and natural window light creating magical holiday atmosphere with traditional Christmas colors of red, green, gold, and white with nostalgic festive mood appropriate for Christmas marketing, holiday gift campaigns, or seasonal product launches emphasizing holiday warmth and celebration. Use warm ambient holiday lighting with soft glow from Christmas lights combined with natural light creating cozy festive atmosphere with traditional holiday elements and warm color palette. Feature Christmas warmth with festive holiday atmosphere. Shot in decorated holiday settings. The image should feel festive, warm, and Christmas-magical. Avoid secular minimalism or missing holiday warmth.",1:1,Holiday Marketing / Christmas Campaigns / Seasonal Products
622,Valentine's Day Romance Love,"Valentine's marketing, romantic products, couple campaigns","You are a romantic occasion photographer creating Valentine's Day atmosphere and romantic love imagery for Valentine's marketing and romantic product campaigns. Create a romantic photograph featuring Valentine's elements like roses, chocolates, or romantic setting with products or couple in romantic scene with soft romantic lighting and pink, red, and white color palette creating love-focused atmosphere with romantic warmth appropriate for Valentine's Day marketing, romantic gift campaigns, or love-focused product launches emphasizing romance and affection. Use soft romantic lighting creating flattering warm glow with Valentine's color palette and romantic styling with roses or heart motifs integrated tastefully. Feature Valentine's romance with love-focused atmosphere. Shot with romantic Valentine's elements. The image should feel romantic, loving, and Valentine's-appropriate. Avoid tacky or excessive Valentine's clichés.",1:1,Valentine's Marketing / Romantic Products / Couple Campaigns
623,Spring Renewal Fresh Beginnings,"Spring marketing, renewal products, fresh start campaigns","You are a seasonal photographer capturing spring renewal and fresh beginnings for spring marketing campaigns and new start product launches. Create a fresh bright photograph featuring spring elements like blooming flowers, fresh greenery, or bright natural light with products or lifestyle scene in spring setting with bright natural daylight and fresh spring color palette of greens, pastels, and bright whites creating renewal atmosphere and fresh energy appropriate for spring marketing, seasonal product launches, or fresh start campaigns emphasizing newness and natural renewal. Use bright natural spring daylight with fresh spring colors and blooming natural elements creating renewal and fresh beginning mood with optimistic bright energy. Feature spring renewal with fresh natural atmosphere. Shot in natural spring environments with blooms. The image should feel fresh, renewing, and spring-optimistic. Avoid winter darkness or autumn heaviness.",4:5,Spring Marketing / Renewal Products / Fresh Start Campaigns
624,Summer Vacation Beach Leisure,"Summer marketing, vacation products, leisure campaigns","You are a summer lifestyle photographer capturing vacation leisure and beach summer vibes for summer marketing campaigns and vacation-focused product promotion. Create a breezy summer photograph featuring beach or vacation elements like sand, ocean, sunshine, or summer activities with products or lifestyle scene in summer setting with bright natural sunlight and summer color palette of turquoise, coral, yellow, and white creating carefree vacation atmosphere and summer leisure mood appropriate for summer marketing, travel campaigns, or vacation product launches emphasizing relaxation and summer freedom. Use bright natural summer sunlight with beach or vacation environment and summer colors creating carefree leisure atmosphere with relaxed summer energy. Feature summer vacation with leisure beach atmosphere. Shot in actual beach or summer vacation settings. The image should feel carefree, summery, and vacation-relaxed. Avoid indoor or winter elements.",16:9,Summer Marketing / Vacation Products / Leisure Campaigns
625,Fall Autumn Cozy Comfort,"Fall marketing, cozy products, autumn campaigns","You are an autumn photographer capturing fall coziness and autumn comfort for fall marketing campaigns and cozy product promotion. Create a warm cozy photograph featuring autumn elements like fall leaves, pumpkins, warm blankets, or autumn colors with products or lifestyle scene in fall setting with warm natural autumn light and fall color palette of oranges, browns, burgundy, and gold creating cozy comfortable atmosphere and autumn warmth appropriate for fall marketing, seasonal campaigns, or cozy product launches emphasizing comfort and seasonal warmth. Use warm natural autumn light creating golden cozy illumination with fall colors and seasonal elements creating comfortable autumn atmosphere with warm inviting energy. Feature fall coziness with autumn comfort atmosphere. Shot in natural autumn settings with fall elements. The image should feel cozy, warm, and autumn-comfortable. Avoid bright summer energy or winter coldness.",4:5,Fall Marketing / Cozy Products / Autumn Campaigns
626,Back to School Education Fresh Start,"Education marketing, school products, student campaigns","You are an educational photographer capturing back-to-school energy and educational fresh starts for school-related marketing and student product campaigns. Create an energetic photograph featuring school elements like books, backpacks, supplies, or student activities with products or students in educational setting with bright natural lighting and fresh clean color palette creating new school year energy and educational enthusiasm appropriate for back-to-school marketing, educational product launches, or student-focused campaigns emphasizing fresh educational starts and learning excitement. Use bright natural lighting with educational environment and school supplies creating fresh start atmosphere with optimistic educational energy. Feature back-to-school freshness with educational enthusiasm. Shot in school or educational settings. The image should feel fresh, educational, and enthusiastically academic. Avoid summer vacation or holiday aesthetics.",1:1,Education Marketing / School Products / Student Campaigns
627,New Year Resolution Fresh Goals,"New Year marketing, goal products, resolution campaigns","You are a new beginnings photographer capturing New Year fresh starts and resolution goal-setting for New Year marketing and goal-focused product campaigns. Create a motivational photograph featuring New Year elements like fresh calendars, goal journals, or fresh start symbolism with products or person in goal-setting scene with bright fresh lighting and clean minimal aesthetic creating new beginning atmosphere and motivational goal energy appropriate for New Year marketing, resolution campaigns, or goal-focused product launches emphasizing fresh starts and new possibilities. Use bright clean lighting with minimal styling and fresh start elements creating motivational new beginning atmosphere with optimistic forward-looking energy. Feature New Year freshness with goal-setting motivation. Shot with clean minimal aesthetic. The image should feel motivational, fresh, and resolution-focused. Avoid holiday celebration or party aesthetics.",4:5,New Year Marketing / Goal Products / Resolution Campaigns
628,Mother's Day Maternal Appreciation,"Mother's Day marketing, maternal products, appreciation campaigns","You are a maternal occasion photographer capturing Mother's Day appreciation and maternal love for Mother's Day marketing and mom-focused product campaigns. Create a warm appreciative photograph featuring Mother's Day elements like flowers, breakfast in bed, or mother-child bonding with products or maternal scene in family setting with soft natural lighting and warm gentle color palette creating appreciation atmosphere and maternal love mood appropriate for Mother's Day marketing, maternal gift campaigns, or mom-focused product launches emphasizing maternal appreciation and mother love. Use soft natural lighting creating warm gentle illumination with Mother's Day styling and maternal connection visible creating appreciation atmosphere with warm loving energy. Feature Mother's Day appreciation with maternal love atmosphere. Shot showing authentic maternal relationships. The image should feel appreciative, maternal, and Mother's Day-loving. Avoid generic gift giving or commercial coldness.",4:5,Mother's Day Marketing / Maternal Products / Appreciation Campaigns
629,Halloween Spooky Fun Playful,"Halloween marketing, costume products, seasonal fun","You are a Halloween photographer capturing spooky fun and playful Halloween atmosphere for Halloween marketing and costume-focused seasonal campaigns. Create a playful spooky photograph featuring Halloween elements like pumpkins, costumes, decorations, or Halloween treats with products or Halloween scene in festive setting with atmospheric lighting creating Halloween mood and traditional Halloween colors of orange, black, purple, and green with fun spooky aesthetic appropriate for Halloween marketing, costume campaigns, or seasonal product launches emphasizing playful Halloween fun rather than scary horror. Use atmospheric Halloween lighting with warm glows from jack-o-lanterns or creative colored lighting creating Halloween atmosphere with playful rather than frightening mood. Feature Halloween fun with playful spooky atmosphere. Shot with Halloween decorations and elements. The image should feel fun, Halloween-festive, and playfully spooky. Avoid genuinely scary or disturbing horror imagery.",1:1,Halloween Marketing / Costume Products / Seasonal Fun
630,Birthday Celebration Party Joy,"Birthday marketing, celebration products, party campaigns","You are a celebration photographer capturing birthday joy and party atmosphere for birthday-related marketing and celebration product campaigns. Create a joyful celebratory photograph featuring birthday elements like cake, balloons, presents, or party decorations with products or birthday celebration scene in party setting with bright cheerful lighting and colorful festive palette creating celebration atmosphere and birthday joy mood appropriate for birthday marketing, party product campaigns, or celebration-focused launches emphasizing joy and special occasion celebration. Use bright cheerful lighting with colorful birthday elements and party atmosphere creating joyful celebration mood with happy festive energy. Feature birthday celebration with joyful party atmosphere. Shot during actual celebrations or styled birthday scenes. The image should feel joyful, celebratory, and birthday-festive. Avoid subdued or somber aesthetics.",1:1,Birthday Marketing / Celebration Products / Party Campaigns
631,Wedding Day Bridal Elegance,"Wedding industry, bridal products, marriage campaigns","You are a wedding photographer capturing bridal elegance and wedding day beauty for wedding industry marketing and bridal product campaigns. Create an elegant romantic photograph featuring wedding elements like bridal attire, flowers, rings, or wedding details with bride or wedding scene in elegant setting with soft romantic lighting and classic wedding color palette of whites, ivories, and soft pastels creating wedding day atmosphere and bridal elegance mood appropriate for wedding industry marketing, bridal product campaigns, or marriage-focused launches emphasizing wedding beauty and romantic elegance. Use soft romantic lighting creating flattering elegant illumination with wedding styling and bridal elements creating romantic wedding atmosphere with elegant timeless energy. Feature wedding elegance with bridal romantic atmosphere. Shot in actual wedding environments or styled bridal settings. The image should feel elegant, romantic, and wedding-beautiful. Avoid casual or non-wedding aesthetics.",4:5,Wedding Industry / Bridal Products / Marriage Campaigns
632,Graduation Achievement Success,"Education products, achievement marketing, graduation campaigns","You are an achievement photographer capturing graduation success and educational milestone accomplishment for graduation marketing and achievement-focused product campaigns. Create an aspirational achievement photograph featuring graduation elements like caps, gowns, diplomas, or celebrating graduates with products or graduation scene in campus or ceremony setting with bright optimistic lighting creating achievement atmosphere and success celebration mood appropriate for education marketing, graduation campaigns, or achievement-focused product launches emphasizing educational success and future potential. Use bright natural lighting with graduation elements and achievement symbols creating optimistic success atmosphere with proud accomplishment energy. Feature graduation achievement with success celebration atmosphere. Shot in campus or ceremony settings with graduation regalia. The image should feel proud, successful, and graduation-celebratory. Avoid academic stress or struggle imagery.",16:9,Education Products / Achievement Marketing / Graduation Campaigns
633,Black Friday Shopping Deal Excitement,"Retail marketing, shopping campaigns, sale promotions","You are a retail photographer capturing shopping excitement and deal enthusiasm for Black Friday marketing and retail sale campaigns. Create an energetic shopping photograph featuring shopping elements like bags, products, deals, or enthusiastic shoppers with products or shopping scene in retail environment with bright energetic lighting and bold color palette creating deal excitement atmosphere and shopping energy mood appropriate for Black Friday marketing, retail campaigns, or sale-focused product launches emphasizing deals and shopping enthusiasm. Use bright commercial lighting with shopping environment and product displays creating energetic shopping atmosphere with excited deal-seeking energy. Feature shopping excitement with deal enthusiasm atmosphere. Shot in retail or shopping environments. The image should feel energetic, deal-exciting, and shopping-enthusiastic. Avoid chaotic or negative shopping imagery.",1:1,Retail Marketing / Shopping Campaigns / Sale Promotions
634,Thanksgiving Gratitude Family Feast,"Thanksgiving marketing, food brands, gratitude campaigns","You are a holiday food photographer capturing Thanksgiving gratitude and family feast atmosphere for Thanksgiving marketing and food-focused holiday campaigns. Create a warm abundant photograph featuring Thanksgiving elements like turkey, autumn harvest foods, family gathering, or gratitude symbolism with products or Thanksgiving feast scene in family dining setting with warm natural lighting and traditional Thanksgiving color palette of oranges, browns, golds, and deep reds creating gratitude atmosphere and family feast mood appropriate for Thanksgiving marketing, food campaigns, or gratitude-focused product launches emphasizing family togetherness and thankful celebration. Use warm natural lighting creating cozy abundant illumination with Thanksgiving feast elements and family gathering atmosphere creating gratitude mood with warm thankful energy. Feature Thanksgiving gratitude with family feast atmosphere. Shot during actual Thanksgiving or styled holiday feasts. The image should feel grateful, abundant, and Thanksgiving-warm. Avoid food waste or commercial coldness.",16:9,Thanksgiving Marketing / Food Brands / Gratitude Campaigns
635,Memorial Day Patriotic Respect,"Memorial marketing, patriotic products, remembrance campaigns","You are a respectful occasion photographer capturing Memorial Day remembrance and patriotic respect for Memorial Day marketing and remembrance-focused campaigns. Create a respectful patriotic photograph featuring Memorial Day elements like American flags, memorial symbols, or respectful patriotic display with products or Memorial Day scene in outdoor or memorial setting with natural dignified lighting and patriotic color palette of red, white, and blue creating remembrance atmosphere and respectful patriotic mood appropriate for Memorial Day marketing, patriotic campaigns, or remembrance-focused launches emphasizing honor and grateful remembrance. Use natural dignified lighting with patriotic elements and memorial symbolism creating respectful remembrance atmosphere with grateful patriotic energy without excessive commercialization. Feature Memorial Day respect with patriotic remembrance atmosphere. Shot with appropriate dignity and respect. The image should feel respectful, patriotic, and Memorial Day-appropriate. Avoid excessive commercialization or disrespectful treatment of military sacrifice.",16:9,Memorial Marketing / Patriotic Products / Remembrance Campaigns
636,Earth Day Environmental Awareness,"Environmental marketing, eco-products, awareness campaigns","You are an environmental photographer capturing Earth Day awareness and environmental consciousness for Earth Day marketing and eco-focused awareness campaigns. Create an impactful awareness photograph featuring Earth Day elements like nature, sustainability symbols, environmental protection, or earth-conscious activities with products or environmental scene in natural setting with natural lighting and earth-tone color palette creating environmental awareness atmosphere and eco-consciousness mood appropriate for Earth Day marketing, environmental campaigns, or sustainability-focused product launches emphasizing environmental protection and ecological responsibility. Use natural lighting with environmental elements and sustainability symbolism creating awareness atmosphere with earth-conscious energy without preachy or negative messaging. Feature Earth Day awareness with environmental consciousness atmosphere. Shot in natural environments or with eco-elements. The image should feel aware, environmental, and Earth Day-conscious. Avoid fear-based environmental messaging or doom scenarios.",1:1,Environmental Marketing / Eco-Products / Awareness Campaigns
637,Pride Month Inclusion Celebration,"Pride marketing, LGBTQ+ brands, inclusion campaigns","You are an inclusive celebration photographer capturing Pride Month joy and LGBTQ+ celebration for Pride marketing and inclusion-focused campaigns. Create a joyful celebratory photograph featuring Pride elements like rainbow colors, pride flags, diverse love, or celebration atmosphere with products or Pride scene in festival or urban setting with bright vibrant lighting and rainbow color palette creating celebration atmosphere and inclusive joy mood appropriate for Pride marketing, LGBTQ+ campaigns, or inclusion-focused product launches emphasizing authentic celebration and community rather than corporate rainbow-washing. Use bright natural or vibrant lighting with rainbow elements and authentic community representation creating joyful celebration atmosphere with genuine inclusive energy. Feature Pride celebration with authentic community joy atmosphere. Shot at actual Pride events or with genuine community involvement. The image should feel joyful, inclusive, and authentically Pride-celebratory. Avoid performative allyship or rainbow-washing without substance.",1:1,Pride Marketing / LGBTQ+ Brands / Inclusion Campaigns
638,Cyber Monday Digital Shopping Online,"E-commerce marketing, online shopping, digital retail","You are a digital commerce photographer capturing online shopping convenience and Cyber Monday digital deals for e-commerce marketing and online retail campaigns. Create a modern digital photograph featuring online shopping elements like computer screens showing deals, packages arriving, or convenient home shopping with products or digital shopping scene in contemporary home setting with natural indoor lighting and modern clean aesthetic creating online convenience atmosphere and digital shopping ease mood appropriate for Cyber Monday marketing, e-commerce campaigns, or digital retail-focused launches emphasizing online shopping convenience and digital deals. Use natural indoor lighting with technology elements and online shopping context creating convenient modern atmosphere with digital commerce energy. Feature Cyber Monday digital shopping with online convenience atmosphere. Shot in home environments with technology. The image should feel modern, convenient, and digitally commerce-focused. Avoid outdated technology or in-store shopping imagery.",16:9,E-commerce Marketing / Online Shopping / Digital Retail
639,Father's Day Paternal Appreciation,"Father's Day marketing, paternal products, dad campaigns","You are a paternal occasion photographer capturing Father's Day appreciation and paternal bonds for Father's Day marketing and dad-focused product campaigns. Create a warm appreciative photograph featuring Father's Day elements like father-child bonding, masculine gifts, or paternal connection with products or Father's Day scene in family or outdoor setting with natural lighting and masculine color palette creating appreciation atmosphere and paternal love mood appropriate for Father's Day marketing, dad gift campaigns, or paternal-focused product launches emphasizing father appreciation and male parental bonds. Use natural lighting creating authentic warm illumination with Father's Day styling and genuine father-child connection visible creating appreciation atmosphere with warm paternal energy. Feature Father's Day appreciation with paternal bond atmosphere. Shot showing authentic father relationships. The image should feel appreciative, paternal, and Father's Day-loving. Avoid generic masculine stereotypes or missing genuine paternal connection.",4:5,Father's Day Marketing / Paternal Products / Dad Campaigns
640,Small Business Saturday Local Support,"Small business marketing, local shopping, community commerce","You are a small business photographer capturing local shopping support and community commerce for Small Business Saturday marketing and local business campaigns. Create an authentic community photograph featuring small business elements like local shop fronts, independent retailers, community shopping, or local business owners with products or small business scene in neighborhood commercial setting with natural lighting and authentic community aesthetic creating local support atmosphere and community commerce mood appropriate for Small Business Saturday marketing, local retail campaigns, or community-focused launches emphasizing authentic local businesses and community economic support. Use natural lighting with real small business environments and genuine local business representation creating community support atmosphere with authentic local energy. Feature Small Business Saturday local support with community commerce atmosphere. Shot in real local business environments. The image should feel authentic, community-supportive, and locally-focused. Avoid corporate retail aesthetics or chain store imagery.",1:1,Small Business Marketing / Local Shopping / Community Commerce
641,Medical Healthcare Professional Trust,"Healthcare marketing, medical services, patient care","You are a healthcare photographer creating trustworthy professional medical imagery for healthcare marketing and medical service campaigns. Create a professional trustworthy photograph showing healthcare professional in clinical setting demonstrating competence and compassionate care with clean medical environment and patients visible showing quality healthcare delivery with natural medical facility lighting and professional healthcare aesthetic creating trust atmosphere appropriate for medical practices, healthcare services, or medical product marketing emphasizing professional competence and patient-centered care without stock photo clichés. Use natural medical facility lighting with authentic healthcare environments and genuine medical professional representation avoiding cheesy healthcare stock imagery. Feature healthcare professionalism with trustworthy competent atmosphere. Shot in actual medical facilities with real healthcare professionals when possible. The image should feel trustworthy, professional, and medically competent. Avoid stock photo healthcare clichés or inauthentic medical settings.",16:9,Healthcare Marketing / Medical Services / Patient Care
642,Legal Professional Authority Expertise,"Law firm marketing, legal services, professional expertise","You are a legal profession photographer creating authoritative professional legal imagery for law firm marketing and legal service campaigns. Create a professional authoritative photograph showing legal professional in office or courtroom setting demonstrating expertise and professional authority with traditional legal environment and professional appearance visible showing legal competence with natural office lighting and classic professional aesthetic creating authority atmosphere appropriate for law firms, legal services, or professional legal marketing emphasizing expertise and trustworthy representation without intimidating or overly formal presentation. Use natural office lighting with authentic legal environments and professional appearance maintaining authority without excessive formality. Feature legal professionalism with authoritative expert atmosphere. Shot in real legal offices or courtrooms. The image should feel authoritative, professionally expert, and legally trustworthy. Avoid intimidating or overly stuffy legal stereotypes.",4:5,Law Firm Marketing / Legal Services / Professional Expertise
643,Financial Advisor Trust Planning,"Financial services, wealth management, financial planning","You are a financial services photographer creating trustworthy professional financial imagery for financial advisor marketing and wealth management campaigns. Create a professional trustworthy photograph showing financial advisor consulting with client in professional office setting demonstrating expertise and trusted relationship with clean professional environment visible showing quality financial guidance with natural office lighting and professional aesthetic creating trust atmosphere appropriate for financial advisors, wealth management, or financial planning services emphasizing professional trust and client-focused service without excessive formality. Use natural office lighting with authentic financial office environments and genuine advisor-client relationships visible showing consultation and trust-building. Feature financial professionalism with trustworthy advisory atmosphere. Shot in real financial offices. The image should feel trustworthy, professionally expert, and client-focused. Avoid cold corporate or intimidating wealth imagery.",16:9,Financial Services / Wealth Management / Financial Planning
644,Construction Contractor Professional Quality,"Construction marketing, contractor services, building trades","You are a construction industry photographer creating professional quality trade imagery for contractor marketing and construction service campaigns. Create a professional quality photograph showing construction professional or contractor at work site demonstrating craftsmanship and professional quality work with visible construction activity or completed quality work in authentic job site setting with natural site lighting and professional trade aesthetic creating quality craftsmanship atmosphere appropriate for contractors, construction companies, or trade services emphasizing professional quality and skilled workmanship without unsafe practices visible. Use natural job site lighting with authentic construction environments and real trade professionals demonstrating actual work showing professional quality standards. Feature construction professionalism with quality craftsmanship atmosphere. Shot at real construction sites during actual work. The image should feel professional, quality-focused, and construction-authentic. Avoid unsafe practices or unprofessional site conditions.",16:9,Construction Marketing / Contractor Services / Building Trades
645,Salon Beauty Services Professional Styling,"Salon marketing, beauty services, hair styling","You are a salon photographer creating professional beauty service imagery for salon marketing and beauty service campaigns. Create a professional stylish photograph showing stylist providing beauty services like hair styling or color to client in modern salon environment with professional salon atmosphere and quality service visible with salon lighting creating beautiful flattering illumination showing professional beauty services appropriate for salons, beauty services, or styling businesses emphasizing professional quality and beautiful results without before-after exploitation. Use salon lighting with authentic salon environments and real stylist-client relationships showing professional service delivery and beautiful styling results. Feature salon professionalism with beauty service quality atmosphere. Shot in real salons during actual services. The image should feel professional, beauty-focused, and salon-quality. Avoid unflattering angles or exploitative before imagery.",4:5,Salon Marketing / Beauty Services / Hair Styling
646,Mechanic Auto Repair Trustworthy Service,"Auto repair marketing, mechanic services, automotive care","You are an automotive service photographer creating trustworthy professional automotive repair imagery for mechanic marketing and auto service campaigns. Create a trustworthy professional photograph showing mechanic working on vehicle in clean shop environment demonstrating technical expertise and honest service with professional shop atmosphere and quality repair work visible with shop lighting creating trust atmosphere appropriate for auto repair shops, mechanic services, or automotive care businesses emphasizing honest expertise and quality service without stereotypical dirty shop imagery. Use shop lighting with authentic repair facility environments and real mechanics demonstrating actual technical work showing professional competence and honest service. Feature automotive service professionalism with trustworthy expert atmosphere. Shot in actual repair facilities during real service work. The image should feel trustworthy, professionally expert, and quality-focused. Avoid dirty or disorganized shop environments.",16:9,Auto Repair Marketing / Mechanic Services / Automotive Care
647,Dental Practice Patient Comfort Care,"Dental marketing, dental services, patient care","You are a dental practice photographer creating comfortable patient-focused dental imagery for dental marketing and oral care service campaigns. Create a comfortable reassuring photograph showing dental professional providing gentle patient care in modern dental office with calm patient-centered atmosphere and professional dental environment visible with soft dental operatory lighting creating comfort atmosphere appropriate for dental practices, oral care services, or dental product marketing emphasizing gentle care and patient comfort rather than dental anxiety. Use soft operatory lighting with modern dental environments and caring dentist-patient interactions showing gentle reassuring dental care without intimidating dental equipment focus. Feature dental care professionalism with patient comfort atmosphere. Shot in real dental offices with genuine patient-professional interactions. The image should feel comfortable, reassuring, and patient-focused. Avoid intimidating dental imagery or anxiety-inducing equipment focus.",4:5,Dental Marketing / Dental Services / Patient Care
648,Veterinary Care Animal Compassion,"Veterinary marketing, pet healthcare, animal services","You are a veterinary photographer creating compassionate animal care imagery for veterinary marketing and pet healthcare service campaigns. Create a compassionate caring photograph showing veterinarian providing gentle care to animal patient with pet owner present in veterinary clinic setting with caring professional atmosphere and animal wellbeing visible with clinic lighting creating compassionate care atmosphere appropriate for veterinary practices, pet healthcare, or animal care services emphasizing gentle compassionate treatment and pet-owner partnership in care. Use clinic lighting with authentic veterinary environments and real veterinarian-pet-owner relationships showing compassionate gentle animal care and professional expertise. Feature veterinary compassion with caring professional atmosphere. Shot in real clinics with actual veterinary care. The image should feel compassionate, caring, and veterinary-professional. Avoid distressed animals or cold clinical veterinary imagery.",16:9,Veterinary Marketing / Pet Healthcare / Animal Services
649,Accounting Professional Financial Expertise,"Accounting marketing, financial services, tax preparation","You are an accounting profession photographer creating professional financial expertise imagery for accounting firm marketing and financial service campaigns. Create a professional trustworthy photograph showing accountant or financial professional working on financial matters in professional office setting demonstrating expertise and attention to detail with organized professional environment visible with office lighting creating competent expertise atmosphere appropriate for accounting firms, tax services, or financial consulting emphasizing professional competence and trusted financial guidance. Use professional office lighting with authentic accounting office environments and professional appearance showing financial work and expert competence. Feature accounting professionalism with financial expertise atmosphere. Shot in real accounting offices. The image should feel professionally competent, trustworthy, and financially expert. Avoid boring stereotypical calculator and spreadsheet clichés.",16:9,Accounting Marketing / Financial Services / Tax Preparation
650,Real Estate Agent Property Professional,"Real estate marketing, agent branding, property services","You are a real estate photographer creating professional agent branding imagery for real estate agent marketing and property service campaigns. Create a professional approachable photograph showing real estate agent in property setting whether showing home, at open house, or in professional portrait demonstrating professionalism and approachability with clean property environment or professional background visible with natural lighting creating trust atmosphere appropriate for real estate agents, property services, or real estate marketing emphasizing professional expertise and client service focus. Use natural lighting with property environments or professional portrait settings showing confident approachable real estate professional presentation. Feature real estate professionalism with approachable trust atmosphere. Shot in real properties or professional settings. The image should feel professional, approachable, and real estate-expert. Avoid cheesy agent glamour shots or overly corporate presentation.",4:5,Real Estate Marketing / Agent Branding / Property Services
651,Growth Metaphor Plant Emerging,"Business growth, personal development, growth marketing","You are a conceptual business photographer creating visual metaphors for growth and development concepts for business growth marketing and personal development campaigns. Create a conceptual metaphorical photograph showing young plant seedling emerging from soil or sprout breaking through ground symbolizing growth, new beginnings, or development with macro close-up perspective and natural lighting creating hopeful growth atmosphere and new beginning symbolism appropriate for business growth, personal development, or transformation-focused marketing using natural growth metaphor without literal business imagery. Use natural lighting with macro perspective showing actual plant growth as metaphor for business or personal development with green living plant symbolizing growth and potential. Feature growth metaphor with hopeful development symbolism. Shot with real plants showing natural growth. The image should feel hopeful, growth-symbolic, and metaphorically powerful. Avoid literal business imagery or weak metaphor execution.",4:5,Business Growth / Personal Development / Growth Marketing
652,Connection Network Abstract Visualization,"Networking services, connection platforms, community brands","You are a conceptual photographer creating abstract network visualizations representing connection and community for networking services and connection platform marketing. Create an abstract conceptual photograph using connecting elements like threads, lines, nodes, or linked objects creating visual network suggesting connection, community, or relationships with dramatic lighting and abstract composition creating connection metaphor appropriate for networking platforms, community brands, or connection-focused services using visual abstraction to represent human networks without literal people. Use dramatic lighting with carefully arranged connecting elements creating abstract network visualization suggesting interconnection and community relationships with creative composition. Feature connection metaphor with network visualization symbolism. Shot with creative abstract approach. The image should feel connected, network-symbolic, and conceptually strong. Avoid literal social media imagery or weak abstraction.",1:1,Networking Services / Connection Platforms / Community Brands
653,Balance Harmony Stones Equilibrium,"Work-life balance, wellness brands, harmony products","You are a conceptual wellness photographer creating balance metaphors using natural elements for work-life balance and wellness brand marketing. Create a serene conceptual photograph showing stacked stones in perfect balance on natural surface like water or stone with soft natural lighting creating peaceful equilibrium atmosphere and balance symbolism appropriate for work-life balance, wellness brands, or harmony-focused products using physical balance as metaphor for life balance without literal work imagery. Use soft natural lighting with carefully balanced stones creating visual equilibrium and peaceful harmony with meditative minimal aesthetic. Feature balance metaphor with harmony equilibrium symbolism. Shot with real balanced stones in natural settings. The image should feel balanced, harmonious, and equilibrium-symbolic. Avoid cluttered compositions or missing balance metaphor.",4:5,Work-Life Balance / Wellness Brands / Harmony Products
654,Time Passage Clock Abstract Temporal,"Time management, productivity tools, deadline marketing","You are a conceptual time photographer creating temporal abstractions and time passage metaphors for time management and productivity tool marketing. Create an abstract conceptual photograph using clock elements, time-related objects, or motion suggesting time passage with creative composition and lighting creating time awareness atmosphere and temporal symbolism appropriate for time management tools, productivity apps, or deadline-focused products using visual time metaphors without literal clock product shots. Use creative lighting and composition with clock elements or motion blur suggesting time passage and temporal awareness with abstract artistic approach. Feature time metaphor with temporal passage symbolism. Shot with creative abstract techniques. The image should feel time-conscious, temporally symbolic, and conceptually effective. Avoid literal product shots or cliché clock imagery.",1:1,Time Management / Productivity Tools / Deadline Marketing
655,Light Darkness Contrast Hope Emerging,"Hope messaging, transformation brands, positive change","You are a conceptual photographer creating light-darkness metaphors representing hope and positive change for transformation brands and hope-focused messaging. Create a dramatic conceptual photograph showing light breaking through darkness whether sunbeam through clouds, light under door, or illuminated space in surrounding darkness creating hope symbolism and emergence from darkness metaphor appropriate for transformation brands, recovery services, or hope-focused marketing using light-dark contrast as emotional metaphor without literal imagery. Use dramatic lighting with strong contrast between darkness and emerging light creating powerful emotional impact and hope symbolism with cinematic dramatic quality. Feature hope metaphor with light emerging from darkness symbolism. Shot with dramatic natural or controlled lighting. The image should feel hopeful, dramatically symbolic, and emotionally powerful. Avoid weak contrast or missing emotional impact.",16:9,Hope Messaging / Transformation Brands / Positive Change
656,Collaboration Hands Together Unity,"Team building, collaboration tools, partnership brands","You are a conceptual team photographer creating collaboration and unity visual metaphors for team building and collaboration platform marketing. Create a symbolic photograph showing multiple hands coming together in center whether handshake, hands stacked, or united gesture representing collaboration, teamwork, or partnership with neutral background and natural lighting creating unity atmosphere and collaboration symbolism appropriate for team building, collaboration tools, or partnership-focused brands emphasizing human connection and cooperative spirit. Use natural lighting with diverse hands representing different people united in collaborative gesture creating visual unity and team symbolism with inclusive diverse representation. Feature collaboration metaphor with unity teamwork symbolism. Shot with real diverse hands in genuine collaborative gestures. The image should feel collaborative, unified, and symbolically strong. Avoid corporate clichés or non-diverse representation.",1:1,Team Building / Collaboration Tools / Partnership Brands
657,Journey Path Forward Direction,"Career services, life coaching, journey brands","You are a conceptual journey photographer creating path and direction metaphors for career services and personal journey marketing. Create an inspiring conceptual photograph showing path, road, or directional element leading toward horizon or destination with perspective creating visual journey suggesting progress, direction, or forward movement with natural lighting and environmental context creating journey atmosphere appropriate for career services, life coaching, or personal development brands emphasizing forward progress and directional clarity without literal travel imagery. Use natural outdoor lighting with roads, paths, or directional environmental elements creating journey metaphor and forward movement symbolism with perspective emphasizing direction. Feature journey metaphor with forward direction symbolism. Shot in natural environments with actual paths or roads. The image should feel journey-inspiring, directionally clear, and progress-symbolic. Avoid cliché footsteps or unclear direction.",16:9,Career Services / Life Coaching / Journey Brands
658,Foundation Building Blocks Structure,"Education brands, foundational products, building services","You are a conceptual structure photographer creating foundation and building metaphors for educational brands and foundational service marketing. Create a symbolic photograph showing building blocks, foundation elements, or structural components suggesting solid foundation, step-by-step building, or structural integrity with controlled lighting and organized composition creating foundation metaphor appropriate for education, skill building, or foundational services emphasizing strong beginnings and systematic development without literal construction imagery. Use controlled lighting with organized building elements like blocks or structural components creating visual foundation metaphor and systematic building symbolism with organized progressive arrangement. Feature foundation metaphor with building structure symbolism. Shot with actual building elements arranged symbolically. The image should feel foundational, structurally sound, and building-symbolic. Avoid chaotic arrangements or weak structure metaphor.",1:1,Education Brands / Foundational Products / Building Services
659,Transformation Butterfly Metamorphosis Change,"Transformation services, change management, personal growth","You are a conceptual transformation photographer creating metamorphosis and change metaphors for transformation services and change management marketing. Create a beautiful conceptual photograph featuring butterfly as transformation symbol whether emerging from chrysalis, newly transformed, or in flight representing change, metamorphosis, or personal transformation with natural lighting and natural environment creating transformation atmosphere appropriate for transformation services, coaching, or change-focused brands using natural metamorphosis as powerful change metaphor. Use natural lighting with actual butterfly photography showing transformation symbolism and metamorphosis metaphor with beautiful natural aesthetic emphasizing positive change and transformation beauty. Feature transformation metaphor with butterfly metamorphosis symbolism. Shot with real butterflies in natural environments when possible. The image should feel transformative, beautifully symbolic, and change-inspiring. Avoid artificial butterflies or weak transformation symbolism.",4:5,Transformation Services / Change Management / Personal Growth
660,Breaking Barriers Breakthrough Wall,"Innovation brands, breakthrough products, barrier-breaking services","You are a conceptual breakthrough photographer creating barrier-breaking and breakthrough metaphors for innovation brands and breakthrough-focused marketing. Create a powerful conceptual photograph showing barrier being broken, wall with light breaking through, or breakthrough moment suggesting overcoming obstacles, innovation, or breaking through limitations with dramatic lighting creating breakthrough atmosphere appropriate for innovation brands, disruptive products, or barrier-breaking services emphasizing breakthrough moments and obstacle overcoming without literal destruction imagery. Use dramatic lighting with visual elements suggesting breakthrough whether light through barriers, broken walls, or breakthrough symbolism creating powerful innovation metaphor with dynamic energy. Feature breakthrough metaphor with barrier-breaking symbolism. Created with dramatic conceptual approach. The image should feel breakthrough-powerful, dramatically symbolic, and innovation-focused. Avoid violent destruction or unclear metaphor.",16:9,Innovation Brands / Breakthrough Products / Barrier-Breaking Services
661,Clarity Focus Lens Sharp Vision,"Vision services, clarity brands, focus products","You are a conceptual vision photographer creating clarity and focus metaphors for vision-related and focus-enhancing product marketing. Create a conceptual photograph using optical elements like lenses, focused beams, or sharp-focus elements suggesting clarity, focus, or clear vision with dramatic lighting and selective focus creating visual clarity metaphor appropriate for vision services, focus-enhancement products, or clarity-focused brands emphasizing seeing clearly and focused attention without literal eye imagery. Use dramatic lighting with optical elements or selective focus techniques creating visual clarity metaphor and focus symbolism with sharp precise aesthetic. Feature clarity metaphor with focus vision symbolism. Shot with creative focus techniques. The image should feel clarity-focused, visually sharp, and metaphorically effective. Avoid literal eyeball imagery or medical clinical aesthetics.",1:1,Vision Services / Clarity Brands / Focus Products
662,Roots Foundation Deep Grounding,"Heritage brands, foundational services, grounding products","You are a conceptual roots photographer creating foundation and grounding metaphors using root systems for heritage brands and grounding-focused marketing. Create an organic conceptual photograph showing tree roots, root system, or underground root structure suggesting deep foundation, grounding, or heritage with natural lighting and earthy aesthetic creating grounding atmosphere appropriate for heritage brands, foundational services, or grounding products emphasizing deep roots and solid foundation without literal family tree imagery. Use natural lighting with actual root photography showing foundation and grounding metaphor with earthy organic aesthetic emphasizing depth and stability. Feature roots metaphor with foundation grounding symbolism. Shot with real root systems in natural settings. The image should feel grounded, deeply rooted, and foundation-symbolic. Avoid artificial roots or unclear foundation metaphor.",4:5,Heritage Brands / Foundational Services / Grounding Products
663,Flow Water Smooth Movement,"Flow states, smooth services, ease-focused brands","You are a conceptual flow photographer creating water flow metaphors representing ease and smooth movement for flow state and ease-focused product marketing. Create a serene conceptual photograph showing smooth water flow whether stream, waterfall, or flowing water suggesting flow state, ease, or smooth process with natural lighting and fluid aesthetic creating flow atmosphere appropriate for flow-focused apps, ease-emphasizing services, or smooth-process brands using water flow as metaphor for effortless movement and ease without literal plumbing imagery. Use natural lighting with actual flowing water photography showing flow and ease metaphor with smooth fluid aesthetic emphasizing natural effortless movement. Feature flow metaphor with smooth ease symbolism. Shot with real water in natural flowing motion. The image should feel flowing, smooth, and ease-symbolic. Avoid static water or missing flow quality.",16:9,Flow States / Smooth Services / Ease-Focused Brands
664,Puzzle Pieces Coming Together Solution,"Solution services, problem-solving brands, integration products","You are a conceptual solution photographer creating puzzle and completion metaphors for problem-solving and solution-focused service marketing. Create a satisfying conceptual photograph showing puzzle pieces fitting together, final piece being placed, or completed puzzle suggesting solution finding, problem-solving, or things coming together with controlled lighting and clean composition creating solution atmosphere appropriate for solution services, problem-solving brands, or integration products emphasizing that satisfying moment when things click into place. Use controlled lighting with actual puzzle pieces creating solution metaphor and completion symbolism with satisfying visual of pieces connecting perfectly. Feature solution metaphor with puzzle completion symbolism. Shot with real puzzles showing connection moment. The image should feel solution-satisfying, completion-symbolic, and problem-solving focused. Avoid incomplete puzzles or frustrating unsolved imagery.",1:1,Solution Services / Problem-Solving Brands / Integration Products
665,Empty Space Potential Blank Canvas,"Creative services, new beginnings, potential-focused brands","You are a conceptual potential photographer creating empty space and possibility metaphors for creative services and new beginning marketing. Create a minimalist conceptual photograph showing intentional empty space whether blank canvas, empty room, or clean slate suggesting potential, new beginnings, or creative possibility with clean lighting and minimal composition creating potential atmosphere appropriate for creative services, new beginning brands, or possibility-focused products emphasizing potential and opportunity in emptiness without literal nothingness. Use clean even lighting with intentional empty space creating potential metaphor and blank canvas symbolism with minimalist aesthetic emphasizing possibility in space. Feature potential metaphor with empty space possibility symbolism. Shot with intentional minimalist approach. The image should feel potential-filled, possibility-rich, and beginner-inspiring. Avoid accidentally empty or unintentional void aesthetics.",1:1,Creative Services / New Beginnings / Potential-Focused Brands
666,Mountain Peak Achievement Summit Success,"Achievement brands, success coaching, peak performance","You are a conceptual achievement photographer creating summit and peak metaphors for achievement-focused and success-oriented brand marketing. Create an inspiring conceptual photograph showing mountain peak, summit achievement, or peak reaching moment suggesting accomplishment, success, or peak performance with dramatic natural lighting and elevated perspective creating achievement atmosphere appropriate for success coaching, achievement brands, or peak performance products emphasizing reaching the top and accomplishment without literal mountain climbing gear focus. Use dramatic natural lighting with actual mountain summit or peak imagery creating achievement metaphor and success symbolism with inspiring elevated perspective. Feature achievement metaphor with summit success symbolism. Shot at actual mountain peaks or elevated locations. The image should feel achievement-inspiring, success-symbolic, and peak-reaching. Avoid inaccessible or exclusionary success imagery.",16:9,Achievement Brands / Success Coaching / Peak Performance
667,Compass Direction Finding Navigation,"Navigation services, direction brands, guidance products","You are a conceptual navigation photographer creating compass and direction metaphors for navigation services and guidance-focused brand marketing. Create a classic conceptual photograph featuring compass showing direction whether traditional compass, navigational element, or directional guidance suggesting finding direction, navigation, or guidance with natural or dramatic lighting and clean composition creating guidance atmosphere appropriate for navigation services, life coaching, or direction-finding brands emphasizing finding your way and directional clarity. Use clean lighting with actual compass or navigational elements creating direction metaphor and guidance symbolism with classic trustworthy aesthetic. Feature navigation metaphor with compass direction symbolism. Shot with real compasses or navigation tools. The image should feel direction-providing, navigation-clear, and guidance-symbolic. Avoid digital GPS or missing classic navigation metaphor.",1:1,Navigation Services / Direction Brands / Guidance Products
668,Bridge Connection Spanning Gap,"Connection services, gap-bridging products, linking brands","You are a conceptual connection photographer creating bridge metaphors representing connection and gap-spanning for connection services and linking-focused marketing. Create a powerful conceptual photograph showing bridge spanning gap, connection across divide, or linking separated elements suggesting connecting people, bridging gaps, or bringing together with natural or dramatic lighting and perspective emphasizing connection creating bridge atmosphere appropriate for connection services, integration products, or gap-bridging brands emphasizing bringing together and connection-making. Use dramatic lighting and perspective with actual bridges or connection-spanning elements creating bridge metaphor and gap-spanning symbolism with powerful connection emphasis. Feature bridge metaphor with connection-spanning symbolism. Shot with real bridges or connecting structures. The image should feel connection-powerful, gap-bridging, and linking-symbolic. Avoid broken bridges or missing connection metaphor.",16:9,Connection Services / Gap-Bridging Products / Linking Brands
669,Key Unlocking Access Opening,"Access services, unlocking brands, opening-focused products","You are a conceptual access photographer creating key and unlocking metaphors for access services and opportunity-opening brand marketing. Create a symbolic conceptual photograph showing key, unlocking action, or opening moment suggesting access, opportunity, or unlocking potential with dramatic lighting and clean composition creating unlocking atmosphere appropriate for access services, membership products, or opportunity brands emphasizing unlocking possibilities and gaining access without literal locksmith services. Use dramatic lighting with actual keys or lock elements creating unlocking metaphor and access symbolism with clean symbolic aesthetic. Feature unlocking metaphor with access opening symbolism. Shot with real keys and locks in symbolic arrangement. The image should feel access-providing, opportunity-opening, and unlock-symbolic. Avoid security or lockout negative messaging.",4:5,Access Services / Unlocking Brands / Opening-Focused Products
670,Sunrise New Day Fresh Beginning,"New beginnings, fresh start brands, morning products","You are a conceptual new beginning photographer creating sunrise metaphors representing fresh starts and new beginnings for new start and morning-focused brand marketing. Create an inspiring conceptual photograph showing sunrise, dawn breaking, or new day beginning suggesting fresh starts, new beginnings, or hopeful new chapters with natural golden hour lighting and horizon-focused composition creating new beginning atmosphere appropriate for fresh start brands, new chapter services, or morning products emphasizing hope and new possibilities in each new day. Use natural sunrise lighting with actual dawn photography creating new beginning metaphor and fresh start symbolism with hopeful optimistic aesthetic. Feature new beginning metaphor with sunrise fresh start symbolism. Shot during actual sunrises at horizon. The image should feel hopeful, fresh-starting, and new beginning-inspiring. Avoid sunset or ending-day imagery.",16:9,New Beginnings / Fresh Start Brands / Morning Products
671,AI Interface Futuristic Technology,"AI products, tech platforms, future technology","You are a technology interface photographer creating futuristic AI and digital interface imagery for AI product and tech platform marketing. Create a sleek modern photograph showing digital interface elements, holographic displays, or futuristic technology visualization suggesting artificial intelligence, advanced technology, or digital innovation with cool blue lighting and high-tech aesthetic creating future technology atmosphere appropriate for AI products, tech platforms, or innovation-focused brands emphasizing cutting-edge technology and digital advancement. Use cool blue tech lighting with screen glow or digital interface elements creating futuristic atmosphere and AI technology visualization with modern sleek aesthetic. Feature AI technology with futuristic digital atmosphere. Shot or created with high-tech interface elements. The image should feel futuristic, tech-advanced, and AI-innovative. Avoid dated technology or clunky interface design.",16:9,AI Products / Tech Platforms / Future Technology
672,Code Programming Developer Work,"Developer tools, coding platforms, programming services","You are a developer culture photographer capturing programming work and coding environment for developer tool and coding platform marketing. Create an authentic developer photograph showing code on screens, programming work in progress, or developer at work in authentic coding environment with ambient screen glow and natural workspace lighting creating developer culture atmosphere appropriate for developer tools, coding platforms, or programming services emphasizing authentic developer work and coding reality without stock photo clichés. Use ambient screen light with multiple monitors showing actual code and authentic developer workspace creating genuine developer culture atmosphere. Feature developer work with authentic coding environment. Shot in real developer workspaces with actual code visible. The image should feel developer-authentic, coding-genuine, and tech-real. Avoid fake code or staged developer stock photos.",16:9,Developer Tools / Coding Platforms / Programming Services
673,Blockchain Network Cryptocurrency Digital,"Crypto products, blockchain services, digital currency","You are a blockchain technology photographer creating cryptocurrency and distributed network imagery for crypto product and blockchain service marketing. Create a conceptual technology photograph showing network visualization, blockchain concept, or cryptocurrency elements suggesting distributed networks, digital currency, or blockchain technology with high-tech lighting and digital aesthetic creating cryptocurrency atmosphere appropriate for crypto products, blockchain services, or digital currency platforms emphasizing decentralized technology and digital finance innovation. Use high-tech lighting with network visualizations or digital currency elements creating blockchain atmosphere and cryptocurrency visualization with modern tech aesthetic. Feature blockchain technology with cryptocurrency digital atmosphere. Created with network visualization elements. The image should feel tech-innovative, blockchain-conceptual, and crypto-future. Avoid actual currency or literal coin imagery.",1:1,Crypto Products / Blockchain Services / Digital Currency
674,Cybersecurity Protection Digital Defense,"Security software, protection services, cybersecurity products","You are a cybersecurity photographer creating digital protection and security imagery for cybersecurity product and protection service marketing. Create a protective conceptual photograph showing security elements like shields, locks, or protection visualization suggesting digital security, cyber protection, or data defense with dramatic tech lighting and secure aesthetic creating protection atmosphere appropriate for security software, cybersecurity services, or protection products emphasizing digital safety and threat protection without fear-mongering approach. Use dramatic tech lighting with security visualization elements creating protective secure atmosphere and cyber defense symbolism with trustworthy protective aesthetic. Feature cybersecurity with protective defense atmosphere. Created with security symbolism elements. The image should feel protective, secure, and defense-strong. Avoid fear-based threats or attacking hacker imagery.",16:9,Security Software / Protection Services / Cybersecurity Products
675,Cloud Computing Digital Infrastructure,"Cloud services, infrastructure products, hosting platforms","You are a cloud technology photographer creating cloud computing and digital infrastructure imagery for cloud service and infrastructure platform marketing. Create a conceptual technology photograph showing cloud concepts, distributed computing visualization, or infrastructure elements suggesting cloud computing, scalable infrastructure, or digital cloud services with clean tech aesthetic and modern lighting creating cloud technology atmosphere appropriate for cloud services, hosting platforms, or infrastructure products emphasizing scalability and cloud benefits without literal cloud weather imagery. Use clean tech lighting with cloud visualization or infrastructure elements creating cloud computing atmosphere and scalability symbolism with modern professional aesthetic. Feature cloud computing with digital infrastructure atmosphere. Created with tech visualization elements. The image should feel cloud-scalable, infrastructure-solid, and tech-modern. Avoid literal weather clouds or unclear technology metaphors.",16:9,Cloud Services / Infrastructure Products / Hosting Platforms
676,Data Visualization Analytics Insights,"Analytics platforms, data products, insight services","You are a data visualization photographer creating analytics and insight imagery for analytics platform and data product marketing. Create a modern technology photograph showing data visualizations, charts, dashboards, or analytics displays suggesting data insights, business intelligence, or analytical clarity with clean modern lighting and professional dashboard aesthetic creating insight atmosphere appropriate for analytics platforms, data products, or insight services emphasizing data clarity and actionable intelligence without overwhelming complexity. Use clean modern lighting with actual dashboard or chart displays creating data visualization atmosphere and insight discovery symbolism with professional business aesthetic. Feature data analytics with insight clarity atmosphere. Shot with real dashboard interfaces or data visualizations. The image should feel insight-revealing, data-clear, and analytically powerful. Avoid confusing charts or data overload.",16:9,Analytics Platforms / Data Products / Insight Services
677,Virtual Reality Immersive Technology,"VR products, immersive tech, virtual experiences","You are a virtual reality photographer creating immersive VR and virtual experience imagery for VR product and immersive technology marketing. Create an engaging photograph showing person using VR headset experiencing virtual environment with wonder or engagement visible in body language with ambient room lighting plus VR headset glow creating immersive technology atmosphere appropriate for VR products, immersive experiences, or virtual platforms emphasizing engaging immersive experiences and technology wonder without isolating or disconnected feelings. Use ambient lighting with VR headset illumination creating immersive atmosphere and virtual experience suggestion with engaging human element visible. Feature VR immersion with engaging experience atmosphere. Shot with real VR equipment and authentic users. The image should feel immersive, engaging, and VR-experiential. Avoid isolated or disconnected VR user imagery.",16:9,VR Products / Immersive Tech / Virtual Experiences
678,Mobile App Interface User Experience,"Mobile apps, UX design, app marketing","You are a mobile app photographer creating app interface and user experience imagery for mobile app and UX-focused marketing. Create a clean modern photograph showing smartphone displaying app interface with hands holding phone showing natural usage and clean interface visible with soft natural lighting and contemporary aesthetic creating user experience atmosphere appropriate for mobile apps, UX services, or app marketing emphasizing intuitive interface and positive user experience without excessive screen reflections. Use soft natural lighting minimizing screen glare with actual app interface visible showing clean design and hands demonstrating natural usage creating authentic UX atmosphere. Feature mobile app with user experience focus atmosphere. Shot with real devices showing actual app interfaces. The image should feel UX-clean, interface-intuitive, and app-modern. Avoid screen glare or unclear interfaces.",4:5,Mobile Apps / UX Design / App Marketing
679,Robotics Automation Future Manufacturing,"Robotics products, automation services, manufacturing tech","You are an industrial technology photographer creating robotics and automation imagery for robotics product and manufacturing automation marketing. Create a modern industrial photograph showing robotic equipment, automated systems, or advanced manufacturing technology in clean industrial setting with professional industrial lighting creating future manufacturing atmosphere appropriate for robotics products, automation services, or manufacturing technology emphasizing precision automation and advanced manufacturing without dystopian or job-loss negative messaging. Use professional industrial lighting with modern robotics equipment and clean industrial environment creating advanced manufacturing atmosphere and automation precision symbolism. Feature robotics automation with future manufacturing atmosphere. Shot in real manufacturing or robotics facilities. The image should feel advanced, precisely automated, and future-industrial. Avoid dystopian or threatening automation imagery.",16:9,Robotics Products / Automation Services / Manufacturing Tech
680,E-commerce Shopping Online Purchase,"E-commerce platforms, online shopping, retail tech","You are an e-commerce photographer creating online shopping and digital purchase imagery for e-commerce platform and online retail marketing. Create a contemporary lifestyle photograph showing person shopping online using laptop or mobile device with shopping site visible and comfortable home setting creating convenient shopping atmosphere appropriate for e-commerce platforms, online retailers, or shopping technology emphasizing shopping convenience and online retail ease without excessive consumerism messaging. Use natural indoor lighting with devices showing actual shopping interfaces and comfortable home environment creating convenient online shopping atmosphere with modern retail technology. Feature e-commerce with online shopping convenience atmosphere. Shot in real home environments with actual shopping sites. The image should feel convenient, e-commerce modern, and shopping-easy. Avoid excessive consumption or compulsive shopping imagery.",16:9,E-commerce Platforms / Online Shopping / Retail Tech
681,"Podcast Recording Content Creation

**Use Use Case:** Podcast services, audio content, creator platforms

**Prompt:**
You are a podcast content photographer capturing podcast recording and audio content creation for podcast service and creator platform marketing. Create an authentic content creation photograph showing podcaster recording with professional microphone and recording equipment in podcast studio or home setup with ambient studio lighting creating authentic podcasting atmosphere appropriate for podcast hosting, audio services, or content creator platforms emphasizing genuine content creation and podcasting reality without overly produced studio aesthetic. Use ambient studio lighting with professional podcast equipment and authentic recording environment creating genuine podcasting atmosphere and content creation authenticity. Feature podcast creation with authentic recording atmosphere. Shot in real podcast studios or home setups. The image should feel authentic, podcast-genuine, and content creation-real. Avoid fake recording or staged podcast setups.

**Aspect Ratio:** 16:9  
**Best For:** Podcast Services / Audio Content / Creator Platforms

---

### Prompt #682 — Video Production Filmmaking Creative","Video services, production companies, filmmaking tools","You are a production photographer capturing video production and filmmaking process for video service and production company marketing. Create a professional production photograph showing video production in progress with camera equipment, crew working, or filming setup in production environment with natural or production lighting creating filmmaking atmosphere appropriate for video services, production companies, or filmmaking tools emphasizing professional production quality and creative filmmaking process without excessive equipment focus overwhelming human element. Use production lighting or natural light with actual filming equipment and authentic production crew creating professional filmmaking atmosphere and creative production process visible. Feature video production with professional filmmaking atmosphere. Shot during actual productions or setups. The image should feel professionally cinematic, production-authentic, and filmmaking-creative. Avoid equipment catalog or missing creative human element.",16:9,Video Services / Production Companies / Filmmaking Tools
683,Social Media Influencer Content Lifestyle,"Influencer platforms, creator tools, social media services","You are a social media lifestyle photographer capturing influencer content creation and digital lifestyle for influencer platform and creator tool marketing. Create a contemporary lifestyle photograph showing content creator creating social media content whether taking selfie, photographing lifestyle scene, or creating content with smartphone or camera in naturally lit contemporary setting creating influencer lifestyle atmosphere appropriate for creator platforms, social media tools, or influencer services emphasizing authentic content creation and modern creator lifestyle without superficial or narcissistic overtones. Use natural lighting with authentic content creation moments and real creator behavior creating genuine influencer lifestyle atmosphere with contemporary social media context. Feature influencer content creation with authentic creator lifestyle atmosphere. Shot during real content creation moments. The image should feel creator-authentic, social media-contemporary, and lifestyle-genuine. Avoid superficial or negative influencer stereotypes.",4:5,Influencer Platforms / Creator Tools / Social Media Services
684,Gaming Esports Competitive Play,"Gaming platforms, esports brands, competitive gaming","You are an esports photographer capturing competitive gaming and esports atmosphere for gaming platform and esports brand marketing. Create an energetic gaming photograph showing competitive gamers in esports setting whether tournament venue, professional gaming setup, or competitive play moment with dramatic esports lighting and high-energy atmosphere creating competitive gaming mood appropriate for esports brands, gaming platforms, or competitive gaming products emphasizing skill, competition, and esports culture without negative gaming stereotypes. Use dramatic esports venue lighting or RGB gaming setup lighting with authentic competitive gaming moments and professional esports environment creating high-energy competitive atmosphere. Feature esports competition with professional gaming atmosphere. Shot at real esports venues or professional setups. The image should feel competitive, professionally esports, and gaming-skilled. Avoid basement or negative gamer stereotypes.",16:9,Gaming Platforms / Esports Brands / Competitive Gaming
685,Sustainable Fashion Eco Clothing,"Sustainable fashion, eco-clothing, ethical brands","You are a sustainable fashion photographer capturing eco-conscious clothing and ethical fashion for sustainable fashion brand and eco-clothing marketing. Create an honest fashion photograph showing sustainable clothing worn naturally in natural environment with model in eco-conscious garments and natural outdoor setting with natural daylight creating sustainable fashion atmosphere appropriate for eco-fashion brands, sustainable clothing, or ethical fashion products emphasizing sustainability values and natural materials without greenwashing or excessive virtue signaling. Use natural daylight with outdoor natural environments and sustainable garment materials visible creating eco-conscious fashion atmosphere with honest authentic sustainability messaging. Feature sustainable fashion with eco-conscious atmosphere. Shot in natural environments with actual sustainable clothing. The image should feel sustainably authentic, eco-genuine, and ethically fashionable. Avoid greenwashing or preachy environmental messaging.",4:5,Sustainable Fashion / Eco-Clothing / Ethical Brands
686,Vintage Retro Nostalgic Aesthetic,"Retro brands, vintage products, nostalgic marketing","You are a vintage aesthetic photographer creating retro nostalgic imagery for vintage brand and nostalgic marketing campaigns. Create a nostalgic photograph with vintage aesthetic whether retro colors, vintage styling, or nostalgic scene suggesting past era with period-appropriate styling and lighting creating nostalgic atmosphere appropriate for retro brands, vintage products, or nostalgia-focused marketing emphasizing authentic period feel without costume party or inauthentic reproduction. Use vintage-inspired styling and color treatment with period-appropriate elements creating genuine nostalgic atmosphere and retro authenticity with careful attention to period details. Feature vintage aesthetic with nostalgic retro atmosphere. Shot or styled with authentic vintage elements. The image should feel genuinely nostalgic, period-authentic, and retro-styled. Avoid halloween costume or obviously modern anachronisms.",1:1,Retro Brands / Vintage Products / Nostalgic Marketing
687,Luxury Yacht Marine Lifestyle,"Luxury travel, marine products, yacht services","You are a luxury marine photographer capturing yacht lifestyle and luxury marine experiences for yacht service and luxury marine marketing. Create an aspirational luxury photograph showing yacht, marine luxury setting, or elegant boating lifestyle with natural maritime lighting and turquoise ocean environment creating luxury marine atmosphere appropriate for yacht services, luxury travel, or marine products emphasizing elegant maritime lifestyle and luxury boating without excessive wealth display or exclusionary messaging. Use natural maritime lighting with beautiful ocean settings and elegant yacht or marine environments creating luxury marine atmosphere with aspirational accessible aesthetic. Feature yacht lifestyle with luxury marine atmosphere. Shot in real marine environments with actual yachts or boats. The image should feel luxuriously marine, elegantly aspirational, and nautically beautiful. Avoid excessive wealth display or unattainable exclusivity.",16:9,Luxury Travel / Marine Products / Yacht Services
688,Craft Beer Brewery Artisan,"Craft breweries, beer brands, artisan beverage","You are a craft beverage photographer capturing brewery atmosphere and artisan beer culture for craft brewery and beer brand marketing. Create an authentic brewery photograph showing craft beer in proper glassware with brewery atmosphere, brewing equipment visible, or taproom setting with natural and ambient brewery lighting creating craft beer atmosphere appropriate for craft breweries, beer brands, or artisan beverage marketing emphasizing craft quality and brewing artistry without excessive alcohol focus or party atmosphere. Use natural window light combined with warm ambient brewery lighting with authentic brewery environments and craft beer properly showcased creating artisan brewing atmosphere and craft quality emphasis. Feature craft beer with artisan brewery atmosphere. Shot in real breweries or authentic beer settings. The image should feel craft-artisan, brewery-authentic, and quality-focused. Avoid party culture or excessive alcohol emphasis.",1:1,Craft Breweries / Beer Brands / Artisan Beverage
689,Wine Vineyard Sommelier Elegance,"Wineries, wine brands, vineyard tourism","You are a wine culture photographer capturing vineyard elegance and wine appreciation for winery and wine brand marketing. Create an elegant wine photograph showing wine in proper stemware with vineyard landscape, wine cellar, or sophisticated wine setting with natural golden hour lighting or cellar ambiance creating wine culture atmosphere appropriate for wineries, wine brands, or vineyard tourism emphasizing wine appreciation and terroir without excessive alcohol focus or pretentious sommelier stereotypes. Use natural golden hour vineyard light or atmospheric wine cellar lighting with authentic vineyard or cellar environments and wine properly presented creating elegant wine culture atmosphere and appreciation emphasis. Feature wine elegance with vineyard sophistication atmosphere. Shot in real vineyards or authentic wine cellars. The image should feel elegantly vinous, sophisticatedly accessible, and wine-appreciative. Avoid pretentious or excessive alcohol imagery.",16:9,Wineries / Wine Brands / Vineyard Tourism
690,Minimalist Interior Design Clean Space,"Interior design, furniture brands, home aesthetics","You are a minimalist interior photographer capturing clean design and minimal living spaces for interior design and furniture brand marketing. Create a serene interior photograph showing minimalist designed space with clean lines, minimal furnishings, and intentional negative space with natural window light creating peaceful minimalist atmosphere appropriate for interior design services, furniture brands, or home aesthetics emphasizing simplicity, functionality, and intentional design without cold sterility or empty abandonment. Use natural window light with actual minimalist interior spaces showcasing quality design and intentional simplicity creating peaceful uncluttered atmosphere and design clarity. Feature minimalist design with clean peaceful atmosphere. Shot in real minimalist interiors. The image should feel peacefully minimal, intentionally designed, and serenely uncluttered. Avoid cold sterile or accidentally empty spaces.",16:9,Interior Design / Furniture Brands / Home Aesthetics
691,Cozy Hygge Comfort Living,"Home comfort brands, cozy products, lifestyle marketing","You are a lifestyle comfort photographer capturing hygge coziness and comfortable living for home comfort brand and cozy lifestyle marketing. Create a warm cozy photograph showing comfortable living space with soft textiles, warm lighting, and inviting atmosphere suggesting comfort, relaxation, and hygge lifestyle with warm ambient lighting and soft comfortable elements creating cozy atmosphere appropriate for home comfort brands, cozy products, or lifestyle marketing emphasizing comfort and relaxation without excessive clutter or lazy slovenliness. Use warm ambient lighting with soft textiles and comfortable home elements creating genuine cozy atmosphere and hygge comfort with inviting warm aesthetic. Feature cozy comfort with warm hygge atmosphere. Shot in real comfortable home settings. The image should feel warmly cozy, invitingly comfortable, and hygge-peaceful. Avoid cluttered messiness or lazy disorganization.",4:5,Home Comfort Brands / Cozy Products / Lifestyle Marketing
692,Industrial Loft Urban Modern,"Urban living, loft spaces, modern design","You are an urban interior photographer capturing industrial loft aesthetics and urban modern living for urban living and modern design marketing. Create a stylish urban photograph showing industrial loft space with exposed brick, metal elements, and contemporary urban design with natural window light and urban atmosphere creating modern loft lifestyle appropriate for urban living marketing, loft real estate, or modern design products emphasizing urban sophistication and industrial design without cold warehouse or unfinished construction. Use natural window light with authentic loft architecture and industrial design elements creating urban modern atmosphere and loft sophistication with stylish contemporary aesthetic. Feature industrial loft with urban modern atmosphere. Shot in real loft spaces. The image should feel urban-sophisticated, industrially stylish, and modern-contemporary. Avoid unfinished construction or cold warehouse aesthetics.",16:9,Urban Living / Loft Spaces / Modern Design
693,Farmhouse Rustic Country Charm,"Rustic brands, farmhouse style, country living","You are a rustic lifestyle photographer capturing farmhouse charm and country living aesthetics for farmhouse style and rustic brand marketing. Create a charming rustic photograph showing farmhouse interior or country setting with natural wood, vintage elements, and rural character with natural daylight creating farmhouse atmosphere appropriate for rustic brands, country living products, or farmhouse style marketing emphasizing authentic rural character and farmhouse charm without artificial shiplap or forced rustic clichés. Use natural daylight with authentic farmhouse or country elements and genuine rustic character creating warm farmhouse atmosphere and rural authenticity with honest country aesthetic. Feature farmhouse charm with rustic country atmosphere. Shot in real farmhouse or authentic rural settings. The image should feel authentically rustic, farmhouse-charming, and country-genuine. Avoid forced shiplap or artificial farmhouse trends.",4:5,Rustic Brands / Farmhouse Style / Country Living
694,Boho Eclectic Artistic Living,"Bohemian brands, eclectic design, artistic lifestyle","You are a bohemian lifestyle photographer capturing eclectic boho aesthetics and artistic living for bohemian brand and eclectic design marketing. Create a colorful eclectic photograph showing bohemian interior or lifestyle with mixed patterns, global textiles, plants, and artistic elements with natural lighting creating boho atmosphere appropriate for bohemian brands, eclectic products, or artistic lifestyle marketing emphasizing creative freedom and global influences without chaotic clutter or cultural appropriation. Use natural lighting with authentic bohemian elements and eclectic design creating artistic boho atmosphere and creative freedom with respectful global influences. Feature boho eclectic with artistic creative atmosphere. Shot in real bohemian or eclectic spaces. The image should feel creatively boho, eclectically artistic, and globally respectful. Avoid chaotic clutter or cultural appropriation.",1:1,Bohemian Brands / Eclectic Design / Artistic Lifestyle
695,Coastal Beach House Relaxed Living,"Beach living, coastal brands, relaxed lifestyle","You are a coastal lifestyle photographer capturing beach house aesthetics and relaxed coastal living for beach brand and coastal lifestyle marketing. Create a breezy coastal photograph showing beach house interior or coastal setting with light colors, natural materials, and ocean-inspired elements with bright natural daylight creating coastal atmosphere appropriate for beach living brands, coastal products, or relaxed lifestyle marketing emphasizing breezy casual elegance and ocean connection without forced nautical clichés or excessive blue-and-white stripes. Use bright natural coastal daylight with authentic beach house elements and genuine coastal character creating breezy relaxed atmosphere and ocean-inspired calm with light casual aesthetic. Feature coastal living with beach relaxed atmosphere. Shot in real coastal homes or beach settings. The image should feel breezily coastal, relaxed-elegant, and ocean-connected. Avoid forced nautical clichés or anchor overload.",16:9,Beach Living / Coastal Brands / Relaxed Lifestyle
696,Mid-Century Modern Retro Design,"MCM brands, retro modern design, vintage contemporary","You are a mid-century design photographer capturing MCM aesthetics and retro modern style for mid-century modern brand and design marketing. Create a stylish period photograph showing mid-century modern interior with classic MCM furniture, clean lines, and period-appropriate design elements with natural lighting creating authentic MCM atmosphere appropriate for mid-century brands, retro modern products, or vintage contemporary marketing emphasizing authentic period design and timeless MCM style without Instagram filter or surface-level trend following. Use natural lighting with authentic mid-century furniture and genuine MCM design creating period-authentic atmosphere and timeless modern style with careful period accuracy. Feature mid-century modern with authentic MCM atmosphere. Shot with real MCM furniture or authentic period elements. The image should feel authentically MCM, timelessly modern, and period-accurate. Avoid trendy Instagram MCM or inauthentic reproductions.",16:9,MCM Brands / Retro Modern Design / Vintage Contemporary
697,Scandinavian Simple Functional Design,"Scandinavian brands, Nordic design, functional aesthetics","You are a Scandinavian design photographer capturing Nordic simplicity and functional design for Scandinavian brand and Nordic aesthetic marketing. Create a clean simple photograph showing Scandinavian interior with functional furniture, neutral colors, and purposeful minimalism with soft natural Nordic light creating Scandinavian atmosphere appropriate for Nordic brands, functional design products, or Scandinavian lifestyle marketing emphasizing honest functionality and purposeful simplicity without cold sterility or excessive white emptiness. Use soft natural Nordic lighting with authentic Scandinavian design elements and functional simplicity creating honest Nordic atmosphere and purposeful design with warm accessible minimalism. Feature Scandinavian design with Nordic functional atmosphere. Shot in real Scandinavian interiors or with authentic Nordic design. The image should feel functionally simple, warmly minimal, and purposefully Nordic. Avoid cold sterile or excessively white empty spaces.",16:9,Scandinavian Brands / Nordic Design / Functional Aesthetics
698,Traditional Classic Timeless Elegance,"Classic brands, traditional design, timeless style","You are a traditional interior photographer capturing classic elegance and timeless design for traditional brand and classic style marketing. Create an elegant traditional photograph showing classic interior with traditional furniture, refined details, and timeless design elements with natural and ambient lighting creating traditional elegance atmosphere appropriate for classic brands, traditional products, or timeless style marketing emphasizing quality craftsmanship and enduring design without stuffy formality or dated old-fashioned appearance. Use natural and soft ambient lighting with quality traditional furniture and refined classic details creating elegant timeless atmosphere and quality craftsmanship with approachable elegance. Feature traditional classic with timeless elegant atmosphere. Shot in real traditional interiors. The image should feel timelessly elegant, classically refined, and quality-crafted. Avoid stuffy or dated old-fashioned aesthetics.",16:9,Classic Brands / Traditional Design / Timeless Style
699,Maximalist Bold Abundant Design,"Maximalist brands, bold design, abundant aesthetics","You are a maximalist interior photographer capturing bold abundant design and maximalist aesthetics for maximalist brand and bold style marketing. Create a visually rich photograph showing maximalist interior with layered patterns, abundant color, collected objects, and intentional maximalism with natural lighting creating maximalist atmosphere appropriate for maximalist brands, bold design products, or abundant aesthetic marketing emphasizing intentional abundance and curated maximalism without chaotic clutter or hoarding appearance. Use natural lighting with carefully curated maximalist elements and intentional pattern mixing creating bold maximalist atmosphere and abundant design with thoughtful curation. Feature maximalist design with bold abundant atmosphere. Shot in real maximalist interiors. The image should feel intentionally maximalist, boldly abundant, and curatorially rich. Avoid chaotic clutter or hoarding aesthetics.",1:1,Maximalist Brands / Bold Design / Abundant Aesthetics
700,Urban Gardening City Plants,"Urban gardening, plant brands, city green living","You are an urban gardening photographer capturing city plant life and urban green living for urban gardening and plant brand marketing. Create an inspiring urban photograph showing urban garden, balcony plants, or city greenery with plants thriving in urban environment and natural daylight creating urban gardening atmosphere appropriate for plant brands, urban gardening products, or city green living marketing emphasizing growing green in cities and urban nature connection without requiring extensive outdoor space or rural setting. Use natural daylight with authentic urban garden settings and real plants thriving in city environments creating inspiring urban gardening atmosphere and accessible city green living. Feature urban gardening with city plant life atmosphere. Shot in real urban gardens or balcony settings. The image should feel urban-green, city-gardening accessible, and plant-inspiring. Avoid requiring rural space or extensive gardens.",4:5,Urban Gardening / Plant Brands / City Green Living
701,Indoor Plant Jungle Green Living,"Houseplant brands, indoor gardening, plant lifestyle","You are a houseplant lifestyle photographer capturing indoor plant collections and green living for houseplant brand and indoor gardening marketing. Create a lush green photograph showing abundant indoor plant collection in home setting with various plants creating urban jungle atmosphere and natural window light illuminating green leaves creating plant lifestyle appropriate for houseplant brands, indoor gardening products, or plant parent marketing emphasizing indoor green living and plant care passion without requiring botanical expert knowledge or perfect plant care. Use natural window light with authentic indoor plant collections and varied plant species creating lush green atmosphere and plant parent lifestyle with accessible plant enthusiasm. Feature indoor plants with green jungle atmosphere. Shot in real homes with actual plant collections. The image should feel green-lush, plant-abundant, and accessible-passionate. Avoid requiring expert botanical knowledge or perfect specimens.",4:5,Houseplant Brands / Indoor Gardening / Plant Lifestyle
702,Succulent Desert Plant Minimal,"Succulent brands, desert plants, minimal plant care","You are a succulent plant photographer capturing desert plants and low-maintenance greenery for succulent brand and minimal plant care marketing. Create a clean minimal photograph showing succulents in modern planters with clean lines and desert plant aesthetic with bright natural light creating minimal succulent atmosphere appropriate for succulent brands, desert plant products, or low-maintenance plant marketing emphasizing easy care and modern aesthetic without requiring intensive plant knowledge or frequent watering. Use bright natural lighting with modern minimal planters and various succulent species creating clean desert plant atmosphere and accessible low-maintenance appeal with modern styling. Feature succulents with minimal desert atmosphere. Shot with real succulents in contemporary settings. The image should feel minimal-modern, desert-beautiful, and care-accessible. Avoid fussy arrangements or high-maintenance plant aesthetics.",1:1,Succulent Brands / Desert Plants / Minimal Plant Care
703,Organic Farming Sustainable Agriculture,"Organic farms, sustainable agriculture, farm products","You are an agricultural photographer capturing organic farming and sustainable agriculture for organic farm and agricultural product marketing. Create an honest agricultural photograph showing organic farming practices, healthy crops, or sustainable agriculture in authentic farm setting with natural outdoor daylight creating organic farming atmosphere appropriate for organic farms, sustainable agriculture, or farm product marketing emphasizing environmental stewardship and organic practices without romanticized farm life or unrealistic rural imagery. Use natural outdoor lighting with authentic farming operations and real organic agriculture creating honest sustainable farming atmosphere and environmental responsibility with genuine agricultural work visible. Feature organic farming with sustainable agriculture atmosphere. Shot on real farms during actual farming. The image should feel agriculturally honest, sustainably authentic, and farm-genuine. Avoid romanticized or unrealistic farm imagery.",16:9,Organic Farms / Sustainable Agriculture / Farm Products
704,Beekeeping Honey Natural Apiary,"Honey brands, beekeeping, natural products","You are a beekeeping photographer capturing honey production and beekeeping practices for honey brand and beekeeping product marketing. Create an authentic agricultural photograph showing beekeeper with hives, honeycomb, or beekeeping activity in natural apiary setting with natural outdoor lighting creating beekeeping atmosphere appropriate for honey brands, beekeeping equipment, or natural product marketing emphasizing natural honey production and pollinator importance without excessive bee fear or danger emphasis. Use natural outdoor lighting with authentic beekeeping equipment and real apiary operations creating honest beekeeping atmosphere and natural honey production with respectful bee handling visible. Feature beekeeping with natural honey atmosphere. Shot at real apiaries during actual beekeeping. The image should feel naturally authentic, bee-respectful, and honey-genuine. Avoid fear-based bee imagery or excessive danger emphasis.",4:5,Honey Brands / Beekeeping / Natural Products
705,Flower Arranging Floral Design Art,"Florists, floral design, flower products","You are a floral design photographer capturing flower arrangements and floral artistry for florist and floral product marketing. Create a beautiful floral photograph showing artistic flower arrangement with various blooms, textures, and design elements demonstrating floral design skill with natural window light creating beautiful floral atmosphere appropriate for florists, flower delivery, or floral design services emphasizing artistic skill and flower beauty without excessive formality or dated traditional arrangements. Use natural window light with fresh flowers and artistic arrangement demonstrating design skill creating beautiful floral atmosphere and artistic flower design with contemporary floral aesthetic. Feature floral design with artistic arrangement atmosphere. Shot with real fresh flowers in artistic arrangements. The image should feel florally artistic, design-skilled, and flower-beautiful. Avoid dated traditional or excessively formal arrangements.",4:5,Florists / Floral Design / Flower Products
706,Pottery Ceramics Handmade Craft,"Pottery brands, ceramic artists, handmade crafts","You are a craft photography specialist capturing pottery creation and handmade ceramics for pottery brand and ceramic artist marketing. Create an artistic craft photograph showing potter at wheel creating piece, finished pottery, or ceramic craftsmanship with natural studio lighting creating pottery atmosphere appropriate for ceramic artists, pottery brands, or handmade craft marketing emphasizing handmade quality and artisan craftsmanship without excessive rustic or overly precious craft aesthetics. Use natural studio lighting with authentic pottery creation and real ceramic work creating artisan craft atmosphere and handmade quality with honest craftsmanship visible. Feature pottery craft with handmade artisan atmosphere. Shot in real pottery studios during actual creation. The image should feel artisan-crafted, pottery-authentic, and handmade-skilled. Avoid overly rustic or precious craft clichés.",1:1,Pottery Brands / Ceramic Artists / Handmade Crafts
707,Woodworking Carpentry Craftsmanship,"Woodworking brands, carpentry services, craft tools","You are a woodworking photographer capturing carpentry craftsmanship and woodworking artistry for woodworking brand and carpentry service marketing. Create a skilled craft photograph showing woodworker at work, quality woodworking, or carpentry detail with natural workshop lighting creating woodworking atmosphere appropriate for woodworking brands, carpentry services, or craft tool marketing emphasizing skilled craftsmanship and quality woodwork without excessive sawdust romanticism or unsafe practices visible. Use natural workshop lighting with authentic woodworking operations and real carpentry skill creating craftsmanship atmosphere and quality woodwork with skilled work visible and safe practices maintained. Feature woodworking with carpentry craftsmanship atmosphere. Shot in real workshops during actual woodworking. The image should feel craftsman-skilled, woodworking-authentic, and quality-focused. Avoid unsafe practices or excessive sawdust romanticism.",16:9,Woodworking Brands / Carpentry Services / Craft Tools
708,Knitting Yarn Craft Handmade Textile,"Yarn brands, knitting products, textile crafts","You are a textile craft photographer capturing knitting and handmade textile creation for yarn brand and knitting product marketing. Create a cozy craft photograph showing knitting in progress with yarn, needles, and partially completed project in comfortable setting with warm natural light creating knitting atmosphere appropriate for yarn brands, knitting products, or textile craft marketing emphasizing relaxing handmade craft and creative textile work without excessive grandma stereotypes or dated craft aesthetics. Use warm natural light with beautiful yarn and knitting work in progress creating cozy craft atmosphere and handmade textile beauty with contemporary craft aesthetic. Feature knitting craft with cozy handmade atmosphere. Shot with real yarn and authentic knitting projects. The image should feel craft-cozy, knitting-contemporary, and handmade-relaxing. Avoid grandma stereotypes or dated craft imagery.",1:1,Yarn Brands / Knitting Products / Textile Crafts
709,Painting Art Studio Creative Process,"Art supplies, artist brands, creative tools","You are an artist studio photographer capturing painting process and creative art making for art supply and artist brand marketing. Create an inspiring creative photograph showing artist painting at work, art studio environment, or painting in progress with natural studio light creating artistic atmosphere appropriate for art supplies, painting products, or creative tool marketing emphasizing creative process and artistic freedom without requiring professional artist skill or intimidating serious art world aesthetics. Use natural studio light with authentic art making and real painting work creating inspiring creative atmosphere and artistic process with accessible creative energy. Feature painting art with creative process atmosphere. Shot in real artist studios during actual painting. The image should feel creatively inspiring, artistically accessible, and process-focused. Avoid intimidating professional or serious art world exclusivity.",4:5,Art Supplies / Artist Brands / Creative Tools
710,Calligraphy Lettering Hand Typography,"Calligraphy supplies, lettering tools, typography art","You are a lettering art photographer capturing calligraphy and hand typography for calligraphy supply and lettering tool marketing. Create an elegant detail photograph showing calligraphy pen creating beautiful letters, hand lettering work, or typography art in progress with soft natural light creating calligraphy atmosphere appropriate for calligraphy supplies, lettering tools, or typography art marketing emphasizing beautiful lettering and hand typography skill without requiring professional calligrapher expertise or intimidating perfect execution. Use soft natural light with elegant calligraphy work and beautiful hand lettering creating artistic typography atmosphere and lettering beauty with accessible creative approach. Feature calligraphy with hand lettering atmosphere. Shot with real calligraphy tools and authentic lettering. The image should feel elegantly lettered, typography-beautiful, and creatively accessible. Avoid requiring professional expertise or intimidating perfection.",1:1,Calligraphy Supplies / Lettering Tools / Typography Art
711,Scrapbooking Memory Keeping Creative,"Scrapbook supplies, memory keeping, creative organization","You are a memory keeping photographer capturing scrapbooking and creative memory preservation for scrapbook supply and memory keeping product marketing. Create an inspiring creative photograph showing scrapbook pages, crafting supplies, and memory keeping materials in organized creative workspace with bright natural light creating scrapbooking atmosphere appropriate for scrapbook supplies, memory keeping products, or creative organization marketing emphasizing preserving memories creatively and organized craft supplies without dated scrapbooking stereotypes or cluttered overwhelming craft spaces. Use bright natural light with organized craft supplies and beautiful scrapbook work creating inspiring memory keeping atmosphere and creative preservation with contemporary scrapbooking aesthetic. Feature scrapbooking with memory keeping atmosphere. Shot with real scrapbook supplies and authentic projects. The image should feel memory-preserving, creatively organized, and contemporary-crafted. Avoid dated stereotypes or overwhelming clutter.",1:1,Scrapbook Supplies / Memory Keeping / Creative Organization
712,Sewing Fashion Design Textile Creation,"Sewing supplies, fashion design, textile tools","You are a textile creation photographer capturing sewing and fashion design process for sewing supply and fashion design tool marketing. Create an inspiring creative photograph showing sewing machine, fabric, and garment creation in progress in creative sewing space with natural light creating sewing atmosphere appropriate for sewing supplies, fashion design tools, or textile creation marketing emphasizing creative garment making and sewing skill without requiring professional seamstress expertise or intimidating fashion industry standards. Use natural light with beautiful fabrics and sewing work in progress creating inspiring textile creation atmosphere and fashion design process with accessible sewing approach. Feature sewing with fashion creation atmosphere. Shot in real sewing spaces with actual projects. The image should feel creatively sewing, fashion-inspired, and skill-accessible. Avoid requiring professional expertise or fashion industry intimidation.",4:5,Sewing Supplies / Fashion Design / Textile Tools
713,Candle Making Craft Artisan Creation,"Candle making supplies, craft products, artisan tools","You are a craft creation photographer capturing candle making and artisan craft process for candle supply and craft product marketing. Create an organized craft photograph showing candle making process with supplies, materials, and handmade candles in clean craft workspace with bright natural light creating candle making atmosphere appropriate for candle supplies, craft products, or artisan tool marketing emphasizing handmade creation and accessible craft process without requiring professional chandler expertise or overwhelming complicated process. Use bright natural light with organized candle making supplies and beautiful handmade candles creating accessible craft atmosphere and artisan creation process with clean organized workspace. Feature candle making with artisan craft atmosphere. Shot with real candle supplies and authentic making process. The image should feel craft-accessible, artisan-quality, and creation-inspiring. Avoid professional expertise requirements or complicated intimidating processes.",1:1,Candle Making Supplies / Craft Products / Artisan Tools
714,Soap Making Natural Beauty Craft,"Soap making supplies, natural beauty, craft products","You are a natural beauty craft photographer capturing soap making and natural product creation for soap making supply and natural beauty craft marketing. Create a clean natural photograph showing handmade soaps, natural ingredients, and soap making process in organized craft space with bright natural light creating soap making atmosphere appropriate for soap supplies, natural beauty crafts, or handmade product marketing emphasizing natural ingredients and accessible craft process without requiring chemistry expertise or professional soap making credentials. Use bright natural light with natural soap ingredients and beautiful handmade soaps creating natural beauty craft atmosphere and accessible creation process with clean organized presentation. Feature soap making with natural beauty atmosphere. Shot with real soap ingredients and authentic handmade soaps. The image should feel naturally crafted, beauty-wholesome, and accessibly creative. Avoid chemistry intimidation or professional expertise requirements.",1:1,Soap Making Supplies / Natural Beauty / Craft Products
715,Jewelry Making Beading Artisan Craft,"Jewelry supplies, beading tools, craft products","You are a jewelry craft photographer capturing jewelry making and beading artistry for jewelry supply and beading tool marketing. Create an inspiring craft photograph showing jewelry making in progress with beads, tools, and handmade jewelry pieces in organized craft workspace with natural light creating jewelry making atmosphere appropriate for jewelry supplies, beading tools, or craft product marketing emphasizing creative jewelry design and accessible craft process without requiring professional jeweler training or expensive precious materials. Use natural light with colorful beads and beautiful handmade jewelry creating inspiring craft atmosphere and creative design process with organized accessible workspace. Feature jewelry making with artisan beading atmosphere. Shot with real jewelry supplies and authentic handmade pieces. The image should feel craft-inspiring, artisan-accessible, and design-creative. Avoid professional training requirements or precious material intimidation.",1:1,Jewelry Supplies / Beading Tools / Craft Products
716,Paper Crafts Cardmaking Creative Design,"Paper craft supplies, cardmaking, creative products","You are a paper craft photographer capturing cardmaking and paper creativity for paper craft supply and creative product marketing. Create a colorful creative photograph showing paper crafts, cardmaking supplies, and handmade cards in organized creative workspace with bright natural light creating paper craft atmosphere appropriate for paper supplies, cardmaking tools, or creative craft marketing emphasizing creative paper design and accessible craft process without requiring professional graphic design skills or expensive equipment. Use bright natural light with colorful papers and beautiful handmade cards creating inspiring paper craft atmosphere and creative design process with organized accessible workspace. Feature paper crafts with cardmaking creativity atmosphere. Shot with real paper supplies and authentic handmade cards. The image should feel craft-colorful, design-creative, and accessibly inspiring. Avoid professional design requirements or equipment intimidation.",1:1,Paper Craft Supplies / Cardmaking / Creative Products
717,Photography Hobby Camera Passion,"Photography gear, camera products, photographer services","You are a photographer lifestyle specialist capturing photography hobby and camera passion for photography gear and camera product marketing. Create an inspiring hobby photograph showing photographer with camera capturing images, photography equipment, or photographer at work in natural shooting environment with natural light creating photography passion atmosphere appropriate for camera gear, photography products, or photographer services emphasizing creative photography joy and accessible hobby passion without requiring professional photographer credentials or expensive equipment. Use natural light with authentic photography equipment and real photographers capturing images creating inspiring photography atmosphere and creative camera passion with accessible hobby approach. Feature photography hobby with camera passion atmosphere. Shot showing real photographers with actual equipment. The image should feel passion-inspiring, hobby-accessible, and creatively photographic. Avoid professional credentials requirements or expensive equipment gatekeeping.",16:9,Photography Gear / Camera Products / Photographer Services
718,Hiking Trail Outdoor Adventure Nature,"Hiking gear, outdoor brands, trail products","You are an outdoor adventure photographer capturing hiking experiences and trail adventures for hiking gear and outdoor brand marketing. Create an inspiring outdoor photograph showing hiker on scenic trail with natural landscape and hiking in progress with natural outdoor daylight creating hiking atmosphere appropriate for hiking gear, trail products, or outdoor adventure marketing emphasizing accessible outdoor experiences and trail enjoyment without requiring extreme athleticism or dangerous mountain climbing. Use natural outdoor lighting with beautiful trail scenery and authentic hiking creating inspiring outdoor atmosphere and accessible trail adventure with varied difficulty levels represented. Feature hiking with trail adventure atmosphere. Shot on real trails during actual hiking. The image should feel adventure-inspiring, trail-accessible, and outdoor-inviting. Avoid extreme sports or danger-requiring activities.",16:9,Hiking Gear / Outdoor Brands / Trail Products
719,Camping Outdoor Living Nature Connection,"Camping gear, outdoor equipment, nature products","You are a camping lifestyle photographer capturing outdoor camping and nature connection for camping gear and outdoor equipment marketing. Create an inviting outdoor photograph showing camping setup with tent, campfire, or camping activities in beautiful natural setting with natural outdoor light creating camping atmosphere appropriate for camping gear, outdoor equipment, or nature connection marketing emphasizing accessible outdoor camping and nature enjoyment without requiring wilderness survival skills or extreme remote camping. Use natural outdoor lighting with welcoming camping setup and beautiful natural environment creating inviting camping atmosphere and accessible outdoor living with family-friendly camping approach. Feature camping with outdoor nature atmosphere. Shot at real campsites in natural settings. The image should feel camping-inviting, outdoor-accessible, and nature-connecting. Avoid survival skills requirements or extreme remote camping.",16:9,Camping Gear / Outdoor Equipment / Nature Products
720,Cycling Biking Active Transportation,"Cycling gear, bike products, active lifestyle","You are a cycling lifestyle photographer capturing biking and active transportation for cycling gear and bike product marketing. Create an energetic lifestyle photograph showing cyclist riding in urban or natural environment with biking in progress and active transportation visible with natural outdoor light creating cycling atmosphere appropriate for cycling gear, bike products, or active transportation marketing emphasizing accessible cycling and bike enjoyment without requiring racing cyclist fitness or professional cycling credentials. Use natural outdoor lighting with authentic cycling and varied environments creating energetic cycling atmosphere and accessible bike lifestyle with recreational cycling approach. Feature cycling with active transportation atmosphere. Shot during real cycling in actual environments. The image should feel cycling-energetic, bike-accessible, and actively inviting. Avoid racing requirements or professional cycling intimidation.",16:9,Cycling Gear / Bike Products / Active Lifestyle
721,Rock Climbing Bouldering Adventure Sport,"Climbing gear, adventure sports, active lifestyle","You are a climbing adventure photographer capturing rock climbing and bouldering for climbing gear and adventure sport marketing. Create a dynamic adventure photograph showing climber on rock face or bouldering problem with climbing in progress and athletic challenge visible with natural outdoor light creating climbing atmosphere appropriate for climbing gear, adventure sports, or active challenge marketing emphasizing accessible climbing and problem-solving sport without requiring expert climber skills or dangerous free-solo climbing. Use natural outdoor lighting with authentic climbing and varied difficulty levels creating dynamic adventure atmosphere and accessible climbing sport with safety emphasis maintained. Feature rock climbing with adventure challenge atmosphere. Shot during real climbing with proper safety. The image should feel adventure-challenging, climbing-accessible, and safely exciting. Avoid dangerous free-solo or expert-only climbing imagery.",4:5,Climbing Gear / Adventure Sports / Active Lifestyle
722,Kayaking Water Sport Paddling Adventure,"Kayaking gear, water sports, paddle products","You are a water sport photographer capturing kayaking and paddling adventures for kayaking gear and water sport marketing. Create a scenic water photograph showing kayaker paddling in beautiful water environment whether lake, river, or coastal with kayaking in progress and water adventure visible with natural outdoor light creating kayaking atmosphere appropriate for kayaking gear, paddle products, or water sport marketing emphasizing accessible paddling and water enjoyment without requiring whitewater rafting expertise or dangerous water conditions. Use natural outdoor lighting with beautiful water settings and authentic kayaking creating scenic water atmosphere and accessible paddling adventure with calm to moderate water represented. Feature kayaking with water adventure atmosphere. Shot during real kayaking in beautiful settings. The image should feel water-scenic, paddling-accessible, and adventure-inviting. Avoid whitewater danger or expert-only water sport requirements.",16:9,Kayaking Gear / Water Sports / Paddle Products
723,Skiing Winter Sport Mountain Snow,"Ski gear, winter sports, mountain products","You are a winter sport photographer capturing skiing and mountain snow sports for ski gear and winter sport marketing. Create an exhilarating winter photograph showing skier on snowy mountain slopes with skiing action and winter sport visible with natural snowy daylight creating skiing atmosphere appropriate for ski gear, winter sports, or mountain recreation marketing emphasizing accessible skiing enjoyment and winter sport fun without requiring expert skier abilities or extreme backcountry skiing. Use natural winter light with beautiful snowy mountains and authentic skiing creating exhilarating winter atmosphere and accessible ski sport with varied skill levels represented. Feature skiing with winter mountain atmosphere. Shot during real skiing on actual slopes. The image should feel winter-exhilarating, skiing-accessible, and mountain-inviting. Avoid extreme sports or expert-only backcountry requirements.",16:9,Ski Gear / Winter Sports / Mountain Products
724,Surfing Wave Riding Ocean Sport,"Surfing gear, ocean products, beach sports","You are an ocean sport photographer capturing surfing and wave riding for surfing gear and ocean sport marketing. Create a dynamic ocean photograph showing surfer riding wave with surfing action and ocean sport visible with natural beach lighting creating surfing atmosphere appropriate for surfing gear, ocean products, or beach sport marketing emphasizing accessible wave riding and ocean connection without requiring professional surfer skills or massive wave conditions. Use natural beach lighting with beautiful ocean waves and authentic surfing creating dynamic ocean atmosphere and accessible surf sport with varied wave sizes represented. Feature surfing with ocean wave atmosphere. Shot during real surfing in actual ocean conditions. The image should feel ocean-dynamic, surfing-accessible, and wave-inviting. Avoid professional big wave requirements or extreme ocean danger.",16:9,Surfing Gear / Ocean Products / Beach Sports
725,Golf Course Country Club Sport,"Golf equipment, country clubs, golf products","You are a golf lifestyle photographer capturing golf sport and country club atmosphere for golf equipment and golf product marketing. Create a classic sport photograph showing golfer on beautiful course with golf action and country club environment visible with natural outdoor daylight creating golf atmosphere appropriate for golf equipment, golf products, or country club marketing emphasizing accessible golf enjoyment and recreational sport without requiring professional golfer skills or exclusive private club membership. Use natural outdoor lighting with beautiful golf course and authentic golf play creating classic sport atmosphere and accessible golf recreation with recreational golfers represented. Feature golf with country club atmosphere. Shot on real courses during actual golf. The image should feel sport-classic, golf-accessible, and course-inviting. Avoid professional tour requirements or exclusive membership gatekeeping.",16:9,Golf Equipment / Country Clubs / Golf Products
726,Tennis Court Racquet Sport Active,"Tennis equipment, racquet sports, court products","You are a racquet sport photographer capturing tennis and court sports for tennis equipment and racquet sport marketing. Create an energetic sport photograph showing tennis player on court with playing action and racquet sport visible with natural court lighting creating tennis atmosphere appropriate for tennis equipment, racquet products, or court sport marketing emphasizing accessible tennis play and recreational sport without requiring professional tennis player skills or competitive tournament level. Use natural court lighting with tennis court environment and authentic tennis play creating energetic sport atmosphere and accessible tennis recreation with recreational players represented. Feature tennis with racquet sport atmosphere. Shot on real courts during actual play. The image should feel sport-energetic, tennis-accessible, and court-inviting. Avoid professional tournament requirements or competitive-only sport focus.",16:9,Tennis Equipment / Racquet Sports / Court Products
727,Basketball Court Street Sport Urban,"Basketball equipment, urban sports, court products","You are an urban sport photographer capturing basketball and street court culture for basketball equipment and urban sport marketing. Create a dynamic urban photograph showing basketball player on outdoor or indoor court with playing action and urban sport culture visible with natural or court lighting creating basketball atmosphere appropriate for basketball equipment, urban products, or court sport marketing emphasizing accessible basketball play and street sport culture without requiring professional basketball player skills or organized league participation. Use natural or court lighting with authentic basketball environment and real street court culture creating dynamic urban sport atmosphere and accessible basketball recreation with varied skill players represented. Feature basketball with urban court atmosphere. Shot at real courts during actual play. The image should feel urban-dynamic, basketball-accessible, and street-sport authentic. Avoid professional league requirements or organized sport gatekeeping.",4:5,Basketball Equipment / Urban Sports / Court Products
728,Running Marathon Training Fitness,"Running gear, marathon products, training services","You are a running sport photographer capturing running training and marathon pursuit for running gear and training product marketing. Create an inspiring sport photograph showing runner training on road, trail, or track with running action and athletic training visible with natural outdoor light creating running atmosphere appropriate for running gear, marathon products, or training services emphasizing accessible running pursuit and training journey without requiring elite runner speeds or qualifying marathon times. Use natural outdoor lighting with varied running environments and authentic training creating inspiring athletic atmosphere and accessible running journey with runners of varied paces represented. Feature running with training pursuit atmosphere. Shot during real running training. The image should feel athletically inspiring, running-accessible, and training-motivating. Avoid elite runner requirements or speed-focused gatekeeping.",16:9,Running Gear / Marathon Products / Training Services
729,Swimming Pool Water Fitness Sport,"Swimming gear, pool products, aquatic fitness","You are an aquatic sport photographer capturing swimming and water fitness for swimming gear and pool product marketing. Create a refreshing aquatic photograph showing swimmer in pool with swimming action and water sport visible with natural or pool lighting creating swimming atmosphere appropriate for swimming gear, pool products, or aquatic fitness marketing emphasizing accessible swimming fitness and water sport enjoyment without requiring competitive swimmer abilities or lap swimming endurance. Use natural or pool lighting with clear water and authentic swimming creating refreshing aquatic atmosphere and accessible water fitness with recreational swimmers represented. Feature swimming with aquatic fitness atmosphere. Shot in real pools during actual swimming. The image should feel aquatic-refreshing, swimming-accessible, and water-inviting. Avoid competitive swimming requirements or lap endurance focus only.",16:9,Swimming Gear / Pool Products / Aquatic Fitness
730,Martial Arts Discipline Training Sport,"Martial arts gear, training products, discipline sports","You are a martial arts photographer capturing discipline training and martial sport for martial arts gear and training product marketing. Create a focused discipline photograph showing martial artist training with technique practice and disciplined sport visible with dojo or training space lighting creating martial arts atmosphere appropriate for martial arts gear, training products, or discipline sport marketing emphasizing accessible martial arts training and discipline development without requiring black belt mastery or competitive fighting focus. Use training space lighting with authentic martial arts practice and varied skill levels creating focused discipline atmosphere and accessible martial arts journey with beginner to intermediate students represented. Feature martial arts with disciplined training atmosphere. Shot during real training in authentic dojos. The image should feel disciplined-focused, martial arts-accessible, and training-developmental. Avoid black belt requirements or competitive fighting focus only.",4:5,Martial Arts Gear / Training Products / Discipline Sports
731,Pilates Studio Core Fitness Wellness,"Pilates equipment, studio fitness, core wellness","You are a Pilates fitness photographer capturing core training and Pilates wellness for Pilates equipment and studio fitness marketing. Create a graceful fitness photograph showing person doing Pilates with controlled movement and core engagement visible in clean studio setting with soft natural or studio lighting creating Pilates atmosphere appropriate for Pilates equipment, studio products, or core wellness marketing emphasizing accessible Pilates practice and mindful fitness without requiring dancer flexibility or advanced Pilates certification. Use soft studio lighting with clean Pilates studio and authentic controlled movement creating graceful wellness atmosphere and accessible Pilates fitness with varied abilities represented. Feature Pilates with core wellness atmosphere. Shot in real Pilates studios during actual classes. The image should feel gracefully controlled, Pilates-accessible, and wellness-mindful. Avoid requiring dancer flexibility or advanced certification.",4:5,Pilates Equipment / Studio Fitness / Core Wellness
732,CrossFit Training Functional Fitness,"CrossFit gear, functional fitness, training products","You are a functional fitness photographer capturing CrossFit training and functional fitness for CrossFit gear and training product marketing. Create an energetic training photograph showing athlete doing functional fitness movements with CrossFit-style training and athletic work visible in gym setting with gym lighting creating CrossFit atmosphere appropriate for CrossFit gear, functional fitness products, or training marketing emphasizing accessible functional fitness and varied athlete abilities without requiring elite CrossFit games competitor level or intimidating hardcore-only gym culture. Use gym lighting with authentic CrossFit or functional fitness training and varied athlete abilities creating energetic training atmosphere and accessible functional fitness with beginner to intermediate athletes represented. Feature CrossFit with functional training atmosphere. Shot in real gyms during actual training. The image should feel energetically athletic, functional fitness-accessible, and training-welcoming. Avoid elite games requirements or intimidating hardcore-only culture.",16:9,CrossFit Gear / Functional Fitness / Training Products
733,Barre Fitness Ballet Inspired Workout,"Barre equipment, ballet fitness, studio products","You are a barre fitness photographer capturing ballet-inspired workouts and barre training for barre equipment and ballet fitness marketing. Create an elegant fitness photograph showing person doing barre workout with ballet-inspired movements and graceful strength visible in barre studio setting with soft studio lighting creating barre fitness atmosphere appropriate for barre equipment, ballet-inspired products, or studio fitness marketing emphasizing accessible barre training and graceful strength building without requiring professional ballet dancer training or extreme flexibility. Use soft studio lighting with authentic barre studio and real ballet-inspired fitness creating elegant training atmosphere and accessible barre workout with varied abilities represented. Feature barre fitness with ballet-inspired atmosphere. Shot in real barre studios during actual classes. The image should feel elegantly strengthening, barre-accessible, and gracefully athletic. Avoid requiring ballet dancer training or extreme flexibility.",4:5,Barre Equipment / Ballet Fitness / Studio Products
734,Boxing Training Combat Sport Fitness,"Boxing equipment, combat fitness, training gear","You are a combat sport photographer capturing boxing training and combat fitness for boxing equipment and training gear marketing. Create a powerful training photograph showing boxer training with punching bag, mitts, or boxing technique practice and combat sport visible in boxing gym with gym lighting creating boxing atmosphere appropriate for boxing equipment, combat fitness products, or training gear marketing emphasizing accessible boxing training and fitness benefits without requiring professional fighter aspirations or actual combat competition focus. Use gym lighting with authentic boxing training and fitness-focused boxing creating powerful training atmosphere and accessible combat sport with fitness boxers represented. Feature boxing with combat fitness atmosphere. Shot in real boxing gyms during actual training. The image should feel powerfully athletic, boxing-accessible, and fitness-focused. Avoid requiring fighter aspirations or combat competition focus only.",16:9,Boxing Equipment / Combat Fitness / Training Gear
735,Spin Cycling Indoor Studio Cardio,"Spin equipment, cycling studios, cardio fitness","You are an indoor cycling photographer capturing spin class energy and studio cardio for spin equipment and cycling studio marketing. Create an energetic fitness photograph showing spin class in progress with indoor cycling and high-energy cardio visible in darkened studio with dramatic studio lighting and bike screens creating spin atmosphere appropriate for spin equipment, cycling studios, or cardio fitness marketing emphasizing accessible indoor cycling and energetic group fitness without requiring outdoor cycling skills or extreme fitness levels. Use dramatic studio lighting with authentic spin class energy and motivating group atmosphere creating energetic cardio atmosphere and accessible indoor cycling with varied fitness levels represented. Feature spin cycling with studio cardio atmosphere. Shot during real spin classes in actual studios. The image should feel energetically motivating, spin-accessible, and cardio-fun. Avoid requiring cycling skills or extreme fitness levels.",16:9,Spin Equipment / Cycling Studios / Cardio Fitness
736,Dance Fitness Zumba Movement Joy,"Dance fitness, Zumba products, movement programs","You are a dance fitness photographer capturing movement joy and dance exercise for dance fitness and Zumba product marketing. Create a joyful fitness photograph showing dance fitness class with participants moving to music and joyful exercise visible in studio setting with bright studio lighting creating dance fitness atmosphere appropriate for dance programs, Zumba products, or movement fitness marketing emphasizing accessible dance exercise and fitness fun without requiring professional dance skills or perfect choreography execution. Use bright studio lighting with authentic dance fitness energy and joyful participants creating fun movement atmosphere and accessible dance exercise with varied dance abilities represented. Feature dance fitness with joyful movement atmosphere. Shot during real classes with actual participants. The image should feel joyfully moving, dance-accessible, and fitness-fun. Avoid requiring dance skills or perfect choreography.",4:5,Dance Fitness / Zumba Products / Movement Programs
737,HIIT Training Interval Fitness Intense,"HIIT equipment, interval training, intense fitness","You are an interval training photographer capturing HIIT workouts and intense interval fitness for HIIT equipment and interval training marketing. Create an intense fitness photograph showing HIIT workout in progress with high-intensity exercise and interval training visible in training space with gym lighting creating HIIT atmosphere appropriate for HIIT equipment, interval products, or intense fitness marketing emphasizing accessible interval training and efficient workouts without requiring extreme fitness levels or hardcore athlete status. Use gym lighting with authentic HIIT training and varied intensity levels creating intense training atmosphere and accessible interval fitness with modifications shown for different abilities. Feature HIIT with interval training atmosphere. Shot during real HIIT workouts. The image should feel intensely effective, HIIT-accessible, and efficiently challenging. Avoid requiring extreme fitness or hardcore athlete status.",16:9,HIIT Equipment / Interval Training / Intense Fitness
738,Stretching Flexibility Mobility Wellness,"Stretching products, flexibility tools, mobility wellness","You are a flexibility wellness photographer capturing stretching and mobility work for stretching product and flexibility tool marketing. Create a peaceful wellness photograph showing person stretching with proper technique and mobility work visible in clean space with soft natural light creating stretching atmosphere appropriate for stretching products, flexibility tools, or mobility wellness marketing emphasizing accessible stretching practice and flexibility development without requiring contortionist flexibility or extreme range of motion. Use soft natural light with authentic stretching and proper technique demonstration creating peaceful wellness atmosphere and accessible mobility work with realistic flexibility levels represented. Feature stretching with flexibility wellness atmosphere. Shot during real stretching practice. The image should feel peacefully beneficial, stretching-accessible, and mobility-improving. Avoid contortionist extremes or unrealistic flexibility.",4:5,Stretching Products / Flexibility Tools / Mobility Wellness
739,Foam Rolling Recovery Self Care,"Recovery tools, foam rollers, self-care products","You are a recovery wellness photographer capturing foam rolling and self-care recovery for recovery tool and foam roller marketing. Create a self-care photograph showing person foam rolling with recovery technique and muscle care visible in home or gym setting with natural or ambient lighting creating recovery atmosphere appropriate for foam rollers, recovery tools, or self-care products marketing emphasizing accessible recovery practices and self-care importance without requiring physical therapy expertise or medical knowledge. Use natural or ambient lighting with authentic foam rolling and proper recovery technique creating self-care atmosphere and accessible recovery practice with educational approach to technique. Feature foam rolling with recovery self-care atmosphere. Shot during real recovery practices. The image should feel self-care beneficial, recovery-accessible, and technique-educational. Avoid requiring therapy expertise or medical knowledge.",4:5,Recovery Tools / Foam Rollers / Self-Care Products
740,Personal Training Fitness Coaching Support,"Personal training services, fitness coaching, training programs","You are a personal training photographer capturing fitness coaching and training support for personal training service and coaching program marketing. Create a supportive training photograph showing trainer working with client demonstrating exercise with coaching support and personal attention visible in gym or training space with natural gym lighting creating personal training atmosphere appropriate for training services, fitness coaching, or training programs marketing emphasizing supportive guidance and personalized attention without intimidating hardcore trainer or boot camp drill sergeant stereotypes. Use natural gym lighting with authentic trainer-client interaction and supportive encouraging coaching creating helpful training atmosphere and personalized fitness guidance with positive motivating relationship visible. Feature personal training with supportive coaching atmosphere. Shot during real training sessions. The image should feel supportively guiding, training-helpful, and coach-encouraging. Avoid intimidating drill sergeant or hardcore trainer stereotypes.",16:9,Personal Training Services / Fitness Coaching / Training Programs
741,Nutrition Coaching Meal Planning Wellness,"Nutrition services, meal planning, wellness coaching","You are a nutrition wellness photographer capturing meal planning and nutrition coaching for nutrition service and wellness coaching marketing. Create a supportive wellness photograph showing nutrition consultation, healthy meal planning, or nutrition guidance with client and coach interaction visible in consultation setting with natural lighting creating nutrition coaching atmosphere appropriate for nutrition services, meal planning programs, or wellness coaching marketing emphasizing supportive guidance and sustainable healthy eating without extreme dieting or restrictive eating disorder messaging. Use natural lighting with authentic nutrition consultation and supportive coaching interaction creating helpful wellness atmosphere and balanced nutrition approach with anti-diet health-focused messaging. Feature nutrition coaching with supportive wellness atmosphere. Shot during real consultations. The image should feel supportively healthy, nutrition-balanced, and wellness-sustainable. Avoid extreme dieting or eating disorder triggering messaging.",16:9,Nutrition Services / Meal Planning / Wellness Coaching
742,Physical Therapy Rehabilitation Recovery,"Physical therapy services, rehabilitation, recovery programs","You are a rehabilitation photographer capturing physical therapy and recovery treatment for physical therapy service and rehabilitation program marketing. Create a professional therapy photograph showing physical therapist working with patient demonstrating rehabilitation exercise with therapeutic support and recovery progress visible in clinical therapy setting with clinical lighting creating physical therapy atmosphere appropriate for therapy services, rehabilitation programs, or recovery marketing emphasizing professional expertise and patient progress without emphasizing pain or injury severity. Use clinical lighting with authentic therapy session and professional patient interaction creating supportive recovery atmosphere and therapeutic progress with hopeful recovery emphasis. Feature physical therapy with rehabilitation recovery atmosphere. Shot during real therapy sessions with appropriate privacy. The image should feel professionally therapeutic, recovery-progressive, and hopefully healing. Avoid pain emphasis or injury severity focus.",16:9,Physical Therapy Services / Rehabilitation / Recovery Programs
743,Chiropractic Care Spinal Health Wellness,"Chiropractic services, spinal health, wellness care","You are a chiropractic care photographer capturing spinal health treatment and chiropractic wellness for chiropractic service and spinal health marketing. Create a professional care photograph showing chiropractor providing treatment with spinal adjustment or wellness care visible in chiropractic office with professional office lighting creating chiropractic atmosphere appropriate for chiropractic services, spinal health products, or wellness care marketing emphasizing professional expertise and gentle care without emphasizing pain or promoting pseudoscience claims. Use professional lighting with authentic chiropractic treatment and professional patient care creating wellness care atmosphere and spinal health focus with evidence-based approach emphasized. Feature chiropractic with spinal wellness atmosphere. Shot in real chiropractic offices. The image should feel professionally caring, spinal health-focused, and evidence-based. Avoid pain focus or pseudoscience promotion.",16:9,Chiropractic Services / Spinal Health / Wellness Care
744,Massage Therapy Relaxation Bodywork,"Massage services, spa therapy, bodywork wellness","You are a massage therapy photographer capturing relaxation treatment and therapeutic bodywork for massage service and spa therapy marketing. Create a peaceful therapy photograph showing massage therapist providing treatment with therapeutic touch and client relaxation visible in tranquil spa or therapy room with soft ambient lighting creating massage atmosphere appropriate for massage services, spa therapy, or bodywork wellness marketing emphasizing professional therapeutic care and relaxation benefits without inappropriate imagery or sexual suggestion. Use soft ambient lighting with professional therapeutic session and appropriate draping creating peaceful wellness atmosphere and therapeutic relaxation with professional boundaries maintained. Feature massage therapy with relaxation wellness atmosphere. Shot in real spa or therapy settings with appropriate professionalism. The image should feel peacefully therapeutic, professionally caring, and relaxation-focused. Avoid inappropriate imagery or sexual suggestion.",4:5,Massage Services / Spa Therapy / Bodywork Wellness
745,Acupuncture Traditional Medicine Holistic,"Acupuncture services, traditional medicine, holistic health","You are a traditional medicine photographer capturing acupuncture treatment and holistic healing for acupuncture service and holistic health marketing. Create a serene treatment photograph showing acupuncture session with needles placed and holistic treatment visible in calm treatment room with soft natural lighting creating acupuncture atmosphere appropriate for acupuncture services, traditional medicine, or holistic health marketing emphasizing ancient healing tradition and gentle treatment without emphasizing needle fear or promoting cure-all claims. Use soft natural lighting with authentic acupuncture treatment and peaceful treatment environment creating calm healing atmosphere and traditional medicine respect with realistic treatment expectations. Feature acupuncture with holistic healing atmosphere. Shot in real treatment rooms. The image should feel serenely healing, traditionally respectful, and gently therapeutic. Avoid needle fear emphasis or cure-all unrealistic claims.",4:5,Acupuncture Services / Traditional Medicine / Holistic Health
746,Mental Health Therapy Counseling Support,"Therapy services, mental health, counseling support","You are a mental health photographer capturing therapy support and counseling care for therapy service and mental health marketing. Create a supportive therapeutic photograph showing therapy session with therapist and client in comfortable counseling office with natural lighting creating therapy atmosphere appropriate for therapy services, mental health support, or counseling marketing emphasizing professional support and safe therapeutic space without stigmatizing mental health or showing client distress. Use natural lighting with comfortable therapy office and supportive professional environment creating safe therapeutic atmosphere and mental health support with stigma-reducing positive messaging. Feature mental health therapy with counseling support atmosphere. Shot in real therapy offices with appropriate privacy and ethical considerations. The image should feel supportively safe, professionally therapeutic, and stigma-reducing. Avoid mental health stigma or client distress display.",16:9,Therapy Services / Mental Health / Counseling Support
747,Telehealth Virtual Healthcare Digital Medicine,"Telehealth services, virtual care, digital healthcare","You are a telehealth photographer capturing virtual healthcare and digital medicine for telehealth service and virtual care marketing. Create a modern healthcare photograph showing patient having telehealth appointment via computer or device with doctor visible on screen and virtual consultation in progress in comfortable home setting with natural indoor lighting creating telehealth atmosphere appropriate for telehealth services, virtual care platforms, or digital healthcare marketing emphasizing convenient accessible healthcare and technology enabling care without losing human connection or medical professionalism. Use natural indoor lighting with authentic telehealth appointment and comfortable home environment creating accessible healthcare atmosphere and digital medicine convenience with human care connection maintained. Feature telehealth with virtual healthcare atmosphere. Shot during real telehealth appointments with appropriate privacy. The image should feel accessibly convenient, virtually caring, and professionally connected. Avoid cold technology or lost human healthcare connection.",16:9,Telehealth Services / Virtual Care / Digital Healthcare
748,Pharmacy Medication Healthcare Professional,"Pharmacy services, medication management, healthcare retail","You are a pharmaceutical care photographer capturing pharmacy services and medication management for pharmacy service and healthcare retail marketing. Create a professional healthcare photograph showing pharmacist providing medication consultation or pharmacy service with professional interaction and healthcare expertise visible in clean pharmacy setting with bright pharmacy lighting creating pharmacy atmosphere appropriate for pharmacy services, medication products, or healthcare retail marketing emphasizing professional pharmaceutical care and medication expertise without emphasizing illness or promoting overmedication. Use bright pharmacy lighting with authentic pharmacy environment and professional pharmacist-patient interaction creating trustworthy healthcare atmosphere and pharmaceutical expertise with responsible medication messaging. Feature pharmacy with professional healthcare atmosphere. Shot in real pharmacies with appropriate privacy. The image should feel professionally caring, pharmaceutically expert, and healthcare-trustworthy. Avoid illness emphasis or overmedication promotion.",16:9,Pharmacy Services / Medication Management / Healthcare Retail
749,Laboratory Medical Testing Healthcare Science,"Laboratory services, medical testing, diagnostic services","You are a medical laboratory photographer capturing lab testing and diagnostic services for laboratory service and medical testing marketing. Create a professional scientific photograph showing lab professional performing tests with medical laboratory equipment and scientific testing visible in clean laboratory setting with bright lab lighting creating laboratory atmosphere appropriate for lab services, medical testing, or diagnostic products marketing emphasizing professional scientific expertise and accurate testing without emphasizing medical fear or disease focus. Use bright lab lighting with authentic laboratory environment and professional scientific work creating trustworthy scientific atmosphere and testing accuracy with professional healthcare standards. Feature laboratory with medical science atmosphere. Shot in real medical laboratories with appropriate protocols. The image should feel scientifically professional, medically accurate, and trustworthy-expert. Avoid medical fear emphasis or disease-focused messaging.",16:9,Laboratory Services / Medical Testing / Diagnostic Services
750,Telemedicine Prescription Refill Digital Health,"Digital prescriptions, online healthcare, telemedicine apps","You are a digital health photographer capturing telemedicine prescriptions and online healthcare for digital prescription service and telemedicine app marketing. Create a convenient digital photograph showing person using smartphone or device to request prescription refill or access medication with digital healthcare interface visible in everyday setting with natural lighting creating digital health atmosphere appropriate for telemedicine apps, online prescription services, or digital healthcare platforms emphasizing convenient healthcare access and medication management without encouraging medication misuse or bypassing necessary medical care. Use natural lighting with authentic digital health usage and comfortable everyday environment creating accessible healthcare atmosphere and convenient digital medicine with appropriate healthcare standards maintained. Feature telemedicine with digital prescription atmosphere. Shot in real-life usage scenarios. The image should feel conveniently accessible, digitally healthcare-enabled, and appropriately professional. Avoid medication misuse suggestion or medical care bypassing.",4:5,Digital Prescriptions / Online Healthcare / Telemedicine Apps
751,Blood Donation Community Health Giving,"Blood donation services, community health, giving campaigns","You are a community health photographer capturing blood donation and community giving for blood donation service and community health marketing. Create an inspiring community photograph showing blood donor giving donation with medical professional assistance and community health contribution visible in donation center with bright medical lighting creating donation atmosphere appropriate for blood donation services, community health campaigns, or giving programs marketing emphasizing community contribution and life-saving donation without emphasizing blood or needle fear. Use bright medical lighting with professional donation environment and supportive donation experience creating community giving atmosphere and life-saving contribution with fear-reducing positive messaging. Feature blood donation with community giving atmosphere. Shot in real donation centers with appropriate privacy. The image should feel community-contributing, life-saving positive, and fear-reducing encouraging. Avoid blood gore or needle fear emphasis.",16:9,Blood Donation Services / Community Health / Giving Campaigns
752,Health Insurance Coverage Security,"Health insurance, coverage products, healthcare security","You are a healthcare insurance photographer capturing coverage security and healthcare protection for health insurance and coverage product marketing. Create a secure reassuring photograph showing family or individual representing health coverage with insurance materials or healthcare security suggested in comfortable home setting with natural lighting creating insurance security atmosphere appropriate for health insurance, coverage products, or healthcare security marketing emphasizing protection and peace of mind without fear-based medical crisis messaging or confusing insurance complexity. Use natural lighting with comfortable home environment and diverse families or individuals creating security atmosphere and healthcare protection with clear accessible insurance messaging avoiding complexity. Feature health insurance with coverage security atmosphere. Shot with authentic diverse representation. The image should feel secure-protecting, peace of mind-giving, and accessibly clear. Avoid fear-based crisis messaging or confusing insurance complexity.",16:9,Health Insurance / Coverage Products / Healthcare Security
753,Dental Hygiene Oral Care Daily Routine,"Dental products, oral hygiene, daily care","You are an oral care photographer capturing dental hygiene and daily routine for dental product and oral hygiene marketing. Create a fresh clean photograph showing person practicing good oral hygiene with toothbrushing, flossing, or dental care in bathroom setting with bright bathroom lighting creating dental hygiene atmosphere appropriate for dental products, oral care items, or hygiene routine marketing emphasizing daily care importance and healthy habits without emphasizing dental problems or creating dental anxiety. Use bright bathroom lighting with authentic oral care routine and clean bathroom environment creating fresh hygiene atmosphere and healthy daily habits with positive dental care messaging. Feature dental hygiene with oral care routine atmosphere. Shot in real bathroom settings during actual hygiene routines. The image should feel fresh-clean, hygiene-healthy, and routine-positive. Avoid dental problem emphasis or anxiety-creating imagery.",4:5,Dental Products / Oral Hygiene / Daily Care
754,Vision Care Eye Health Optical,"Vision products, eye care, optical services","You are a vision care photographer capturing eye health and optical services for vision product and eye care marketing. Create a professional optical photograph showing eye exam, vision testing, or optical consultation with eye care professional and patient interaction visible in clean optical office with bright office lighting creating vision care atmosphere appropriate for eyewear products, eye care services, or optical marketing emphasizing professional eye health and vision protection without emphasizing vision loss fear or medical eye problems. Use bright office lighting with professional optical environment and caring patient interaction creating trustworthy vision care atmosphere and eye health focus with preventive care emphasis. Feature vision care with optical health atmosphere. Shot in real optical offices with appropriate professionalism. The image should feel professionally caring, vision-protecting, and eye health-focused. Avoid vision loss fear or medical problem emphasis.",16:9,Vision Products / Eye Care / Optical Services
755,Hearing Healthcare Audio Health Audiology,"Hearing aids, audiology services, audio health","You are an audiology photographer capturing hearing healthcare and audio wellness for hearing aid and audiology service marketing. Create a professional audiology photograph showing hearing test, hearing aid fitting, or audiology consultation with audiologist and patient interaction visible in audiology office with professional office lighting creating hearing care atmosphere appropriate for hearing aids, audiology services, or audio health marketing emphasizing professional hearing healthcare and hearing protection without emphasizing hearing loss fear or social isolation. Use professional lighting with authentic audiology environment and supportive patient care creating trustworthy hearing care atmosphere and audio health focus with quality of life emphasis. Feature hearing care with professional audiology atmosphere. Shot in real audiology offices with appropriate sensitivity. The image should feel professionally supportive, hearing-protecting, and quality of life-enhancing. Avoid hearing loss fear or social isolation emphasis.",16:9,Hearing Aids / Audiology Services / Audio Health
756,Sleep Health Rest Quality Wellness,"Sleep products, rest wellness, sleep services","You are a sleep wellness photographer capturing rest quality and sleep health for sleep product and rest wellness marketing. Create a peaceful rest photograph showing person sleeping peacefully in comfortable bed with quality sleep visible in serene bedroom setting with soft ambient lighting creating sleep wellness atmosphere appropriate for sleep products, mattresses, or rest wellness marketing emphasizing sleep quality importance and restful sleep without showing sleeping person inappropriately or promoting sleep medication dependency. Use soft ambient lighting with comfortable bedroom environment and peaceful restful sleep creating wellness sleep atmosphere and rest quality focus with natural sleep health emphasis. Feature sleep wellness with rest quality atmosphere. Shot in real bedroom settings with appropriate privacy and dignity. The image should feel peacefully restful, sleep-quality focused, and wellness-healthy. Avoid inappropriate sleeping imagery or medication dependency promotion.",16:9,Sleep Products / Rest Wellness / Sleep Services
757,Immune Health Wellness Prevention,"Immune products, wellness prevention, health supplements","You are an immune wellness photographer capturing health prevention and immune support for immune product and wellness prevention marketing. Create a healthy vibrant photograph showing person engaging in immune-supporting activities like nutrition, exercise, or wellness with healthy lifestyle visible in natural setting with bright natural lighting creating immune health atmosphere appropriate for immune supplements, wellness products, or prevention-focused marketing emphasizing natural immune support and healthy lifestyle without making disease cure claims or promoting supplement dependency. Use bright natural lighting with healthy lifestyle activities and wellness behaviors creating vibrant health atmosphere and immune support focus with holistic health approach not cure claims. Feature immune health with wellness prevention atmosphere. Shot during real healthy lifestyle activities. The image should feel vibrant-healthy, wellness-preventive, and holistically supportive. Avoid disease cure claims or supplement dependency promotion.",4:5,Immune Products / Wellness Prevention / Health Supplements
758,Digestive Health Gut Wellness Nutrition,"Digestive products, gut health, probiotic brands","You are a digestive wellness photographer capturing gut health and digestive wellness for digestive product and gut health marketing. Create a comfortable wellness photograph showing person feeling well with healthy digestion suggested through happy healthy appearance and wellness activities with gut-healthy foods or products visible in lifestyle setting with natural lighting creating digestive wellness atmosphere appropriate for probiotic products, digestive supplements, or gut health marketing emphasizing digestive comfort and gut wellness without showing digestive distress or making disease treatment claims. Use natural lighting with healthy lifestyle and gut-healthy foods creating comfortable wellness atmosphere and digestive health focus with wellness approach not medical claims. Feature digestive health with gut wellness atmosphere. Shot in positive wellness contexts. The image should feel comfortably well, digestively healthy, and wellness-focused. Avoid digestive distress display or disease treatment claims.",4:5,Digestive Products / Gut Health / Probiotic Brands
759,Heart Health Cardiovascular Wellness,"Heart health products, cardiovascular wellness, cardiac care","You are a cardiovascular wellness photographer capturing heart health and cardiovascular care for heart health product and cardiovascular wellness marketing. Create an active healthy photograph showing person engaging in heart-healthy activities like aerobic exercise, heart-healthy eating, or active lifestyle with cardiovascular wellness visible through active healthy behavior in outdoor or fitness setting with natural lighting creating heart health atmosphere appropriate for heart health supplements, cardiovascular products, or cardiac wellness marketing emphasizing heart-healthy lifestyle and cardiovascular wellness without fear-based heart attack imagery or making cardiac disease treatment claims. Use natural lighting with heart-healthy activities and active lifestyle creating vibrant cardiovascular atmosphere and heart health focus with prevention approach not fear-based disease messaging. Feature heart health with cardiovascular wellness atmosphere. Shot during healthy active behaviors. The image should feel heart-healthy active, cardiovascularly vibrant, and prevention-focused. Avoid heart attack fear imagery or cardiac disease treatment claims.",16:9,Heart Health Products / Cardiovascular Wellness / Cardiac Care
760,Joint Health Mobility Wellness Support,"Joint supplements, mobility products, skeletal health","You are a mobility wellness photographer capturing joint health and movement wellness for joint supplement and mobility product marketing. Create an active mobility photograph showing person moving freely with healthy joints visible through active comfortable movement in exercise or outdoor setting with natural lighting creating joint health atmosphere appropriate for joint supplements, mobility products, or skeletal wellness marketing emphasizing joint comfort and active mobility without showing joint pain or making arthritis cure claims. Use natural lighting with active comfortable movement and varied age representation creating healthy mobility atmosphere and joint wellness focus with quality of life emphasis not disease cure claims. Feature joint health with mobility wellness atmosphere. Shot during comfortable active movement. The image should feel mobility-comfortable, joint-healthy, and actively free-moving. Avoid pain display or arthritis cure claims.",4:5,Joint Supplements / Mobility Products / Skeletal Health
761,Brain Health Cognitive Wellness Mental Fitness,"Brain supplements, cognitive health, mental fitness","You are a cognitive wellness photographer capturing brain health and mental fitness for brain supplement and cognitive health marketing. Create a mentally active photograph showing person engaged in cognitively stimulating activity like reading, puzzles, learning, or creative work with mental engagement visible in lifestyle setting with natural lighting creating brain health atmosphere appropriate for brain supplements, cognitive products, or mental fitness marketing emphasizing brain health and cognitive wellness without making IQ increase claims or promoting nootropic dependency. Use natural lighting with cognitively engaging activities and mentally active lifestyle creating brain wellness atmosphere and cognitive health focus with holistic brain health not performance drug messaging. Feature brain health with cognitive wellness atmosphere. Shot during genuine mentally engaging activities. The image should feel mentally engaged, cognitively healthy, and brain-wellness focused. Avoid IQ increase claims or nootropic dependency promotion.",4:5,Brain Supplements / Cognitive Health / Mental Fitness
762,Stress Relief Relaxation Calm Wellness,"Stress relief products, relaxation tools, calm wellness","You are a stress relief photographer capturing relaxation and calm wellness for stress relief product and relaxation tool marketing. Create a peaceful calm photograph showing person in relaxed state practicing stress relief whether meditation, deep breathing, or calming activity in tranquil setting with soft natural lighting creating stress relief atmosphere appropriate for stress products, relaxation tools, or calm wellness marketing emphasizing healthy stress management and relaxation practices without showing extreme stress or promoting anxiety medication dependency. Use soft natural lighting with peaceful relaxation activities and tranquil environments creating calm wellness atmosphere and healthy stress relief with self-care practices emphasis not medication dependency. Feature stress relief with relaxation calm atmosphere. Shot during genuine calming practices. The image should feel peacefully calm, stress-relieved, and relaxation-centered. Avoid extreme stress display or medication dependency promotion.",4:5,Stress Relief Products / Relaxation Tools / Calm Wellness
763,Energy Vitality Active Living Wellness,"Energy products, vitality supplements, active lifestyle","You are a vitality wellness photographer capturing energy and active living for energy product and vitality supplement marketing. Create a vibrant energetic photograph showing person full of energy engaged in active pursuits with vitality and enthusiasm visible through active body language and energetic activity in dynamic setting with bright natural lighting creating energy vitality atmosphere appropriate for energy products, vitality supplements, or active lifestyle marketing emphasizing natural energy and vibrant living without promoting caffeine addiction or unrealistic energy supplement claims. Use bright natural lighting with genuinely energetic activities and authentic vitality creating vibrant energy atmosphere and healthy active living with sustainable energy emphasis not addiction or false claims. Feature energy vitality with active living atmosphere. Shot during real energetic activities. The image should feel vibrantly energetic, naturally vital, and actively enthusiastic. Avoid caffeine addiction promotion or unrealistic energy claims.",16:9,Energy Products / Vitality Supplements / Active Lifestyle
764,Hydration Water Health Daily Wellness,"Water products, hydration tools, daily wellness","You are a hydration wellness photographer capturing water health and daily hydration for water product and hydration tool marketing. Create a fresh healthy photograph showing person staying hydrated with water bottle, drinking water, or hydration habit in active or daily setting with natural lighting creating hydration wellness atmosphere appropriate for water bottles, hydration products, or wellness marketing emphasizing hydration importance and water drinking habits without promoting overpriced special water or detox water scams. Use natural lighting with authentic hydration habits and everyday water drinking creating fresh wellness atmosphere and hydration health focus with simple water benefits not special water scams. Feature hydration with water health atmosphere. Shot during real daily hydration moments. The image should feel fresh-hydrating, water-healthy, and daily-essential. Avoid special water scams or detox water false claims.",4:5,Water Products / Hydration Tools / Daily Wellness
765,Posture Health Ergonomic Wellness Alignment,"Posture products, ergonomic tools, alignment wellness","You are an ergonomic wellness photographer capturing posture health and body alignment for posture product and ergonomic tool marketing. Create a properly aligned photograph showing person with good posture in work or daily setting with ergonomic setup and healthy alignment visible in office or home environment with natural lighting creating posture wellness atmosphere appropriate for posture products, ergonomic tools, or alignment wellness marketing emphasizing good posture habits and ergonomic setup without showing extreme pain or making back pain cure promises. Use natural lighting with proper ergonomic setup and good posture demonstration creating wellness alignment atmosphere and posture health focus with prevention emphasis not pain cure promises. Feature posture health with ergonomic wellness atmosphere. Shot showing proper alignment and ergonomic setups. The image should feel alignment-healthy, ergonomically proper, and posture-beneficial. Avoid extreme pain display or back pain cure promises.",16:9,Posture Products / Ergonomic Tools / Alignment Wellness
766,Hand Hygiene Sanitizer Health Protection,"Sanitizer products, hand hygiene, health protection","You are a hygiene health photographer capturing hand sanitizing and health protection for sanitizer product and hygiene protection marketing. Create a clean health photograph showing person using hand sanitizer with proper hygiene practice visible in everyday setting with bright clean lighting creating hygiene protection atmosphere appropriate for sanitizer products, hand hygiene, or health protection marketing emphasizing cleanliness and germ protection without promoting germophobia or excessive sanitizer dependency. Use bright clean lighting with authentic hygiene practices and everyday sanitizer use creating health protection atmosphere and hand hygiene focus with balanced hygiene approach not germophobia. Feature hand hygiene with sanitizer protection atmosphere. Shot during normal hygiene practices. The image should feel clean-protecting, hygiene-healthy, and balanced-practical. Avoid germophobia promotion or excessive sanitizer dependency messaging.",4:5,Sanitizer Products / Hand Hygiene / Health Protection
767,Sun Protection Skin Safety UV Defense,"Sunscreen products, UV protection, skin safety","You are a sun safety photographer capturing UV protection and skin safety for sunscreen product and sun protection marketing. Create a sunny outdoor photograph showing person applying sunscreen with sun protection and outdoor safety visible in beach, pool, or outdoor setting with bright natural sunlight creating sun safety atmosphere appropriate for sunscreen products, UV protection, or skin safety marketing emphasizing sun protection importance and skin cancer prevention without fear-based skin damage imagery or promoting tanning as healthy. Use bright natural sunlight with authentic sunscreen application and responsible sun exposure creating sun safety atmosphere and UV protection focus with cancer prevention emphasis not tanning promotion or excessive fear imagery. Feature sun protection with skin safety atmosphere. Shot in real sunny outdoor environments. The image should feel sun-safe protecting, UV-defended, and skin-caring. Avoid tanning promotion or fear-based severe sunburn imagery.",16:9,Sunscreen Products / UV Protection / Skin Safety
768,First Aid Emergency Preparedness Safety,"First aid products, emergency kits, safety preparedness","You are a safety preparedness photographer capturing first aid and emergency readiness for first aid product and emergency kit marketing. Create a prepared safety photograph showing first aid kit and emergency supplies with safety preparedness visible in home or outdoor setting with clear lighting creating emergency preparedness atmosphere appropriate for first aid products, emergency kits, or safety preparedness marketing emphasizing being prepared and basic first aid without showing graphic injuries or promoting fear-based disaster prepping extremism. Use clear lighting with organized first aid supplies and preparedness items creating safety ready atmosphere and emergency preparation focus with practical preparedness not extremist fear-based prepping. Feature first aid with emergency preparedness atmosphere. Shot with real first aid and emergency supplies. The image should feel prepared-ready, safety-conscious, and practically equipped. Avoid graphic injury display or extremist disaster prepper fear messaging.",1:1,First Aid Products / Emergency Kits / Safety Preparedness
769,Allergy Relief Seasonal Wellness Comfort,"Allergy products, seasonal relief, wellness comfort","You are an allergy relief photographer capturing seasonal wellness and allergy comfort for allergy product and seasonal relief marketing. Create a comfortable relief photograph showing person feeling better with allergy relief enjoying outdoor spring or seasonal environment comfortably with wellness and relief visible through comfortable happy expression in beautiful outdoor setting with natural lighting creating allergy relief atmosphere appropriate for allergy products, seasonal relief, or wellness comfort marketing emphasizing symptom relief and seasonal enjoyment without showing extreme allergy suffering or promoting medication overuse. Use natural lighting with beautiful seasonal environment and person comfortably enjoying outdoors creating relief wellness atmosphere and allergy comfort focus with quality of life emphasis not extreme suffering display. Feature allergy relief with seasonal comfort atmosphere. Shot in real seasonal environments showing comfortable outdoor enjoyment. The image should feel relief-comfortable, seasonally enjoyable, and wellness-restored. Avoid extreme allergy suffering or medication overuse promotion.",16:9,Allergy Products / Seasonal Relief / Wellness Comfort
770,Pain Relief Comfort Wellness Management,"Pain relief products, comfort wellness, pain management","You are a pain relief photographer capturing comfort and wellness management for pain relief product and comfort wellness marketing. Create a comfortable relief photograph showing person feeling more comfortable with pain relief going about daily activities with increased comfort visible through relaxed comfortable body language in everyday setting with natural lighting creating pain relief atmosphere appropriate for pain relief products, comfort wellness, or pain management marketing emphasizing returning to comfortable living and pain management without showing extreme pain suffering or promoting painkiller dependency. Use natural lighting with everyday activities resumed comfortably and relaxed comfortable demeanor creating relief wellness atmosphere and pain management focus with quality of life restoration not extreme pain display or addiction risk promotion. Feature pain relief with comfort management atmosphere. Shot showing comfortable daily activities and normal life. The image should feel comfort-restored, pain-managed, and quality of life-improved. Avoid extreme pain suffering display or painkiller addiction risk promotion.",4:5,Pain Relief Products / Comfort Wellness / Pain Management
771,Diabetes Management Blood Sugar Health,"Diabetes products, blood sugar management, diabetic care","You are a diabetes care photographer capturing blood sugar management and diabetic wellness for diabetes product and blood sugar health marketing. Create a healthy managing photograph showing person managing diabetes well through monitoring, healthy eating, or wellness activities with diabetes management visible through testing supplies or healthy lifestyle in everyday setting with natural lighting creating diabetes management atmosphere appropriate for diabetes products, blood sugar monitoring, or diabetic care marketing emphasizing living well with diabetes and good management without showing diabetes complications or promoting fear-based disease messaging. Use natural lighting with diabetes management activities and healthy lifestyle behaviors creating wellness management atmosphere and blood sugar health focus with living well emphasis not complication fear or stigma. Feature diabetes management with blood sugar health atmosphere. Shot showing real management activities and wellness behaviors. The image should feel well-managed, health-focused, and living well-emphasized. Avoid complication fear imagery or diabetes stigma messaging.",4:5,Diabetes Products / Blood Sugar Management / Diabetic Care
772,Cancer Survivor Hope Recovery Strength,"Cancer support, survivor stories, hope messaging","You are a cancer survivor photographer capturing hope and recovery strength for cancer support and survivor story marketing. Create an inspiring hopeful photograph showing cancer survivor living fully with strength and hope visible through active engaged living in meaningful setting with natural lighting creating cancer survivor atmosphere appropriate for cancer support organizations, survivor programs, or hope-focused marketing emphasizing living fully after cancer and survivor strength without exploitation or tragedy porn while respecting ongoing treatment realities. Use natural lighting with authentic survivor living fully and meaningful activities creating hopeful strength atmosphere and recovery focus with inspiration not exploitation while acknowledging treatment realities sensitively. Feature cancer survivor with hope recovery atmosphere. Shot with real survivors sharing their stories consensually and respectfully. The image should feel hopeful-inspiring, strength-celebrating, and survivor-respecting. Avoid exploitation or tragedy porn while respecting ongoing treatment realities and diverse cancer experiences.",4:5,Cancer Support / Survivor Stories / Hope Messaging
773,Disability Pride Accessibility Inclusion,"Disability inclusion, accessibility products, pride messaging","You are a disability inclusion photographer capturing disability pride and accessibility for disability inclusion and accessibility product marketing. Create an empowering inclusion photograph showing disabled person living fully with assistive technology, accessibility accommodations, or inclusive environment enabling full participation with disability pride visible through confident representation in inclusive setting with natural lighting creating disability inclusion atmosphere appropriate for accessibility products, inclusion campaigns, or disability pride marketing emphasizing full participation and disability justice without inspiration porn or pity charity messaging while showing real disabled people's actual lives. Use natural lighting with authentic disabled representation and real accessibility enabling participation creating inclusion atmosphere and disability pride focus with justice orientation not inspiration porn or pity charity. Feature disability with pride inclusion atmosphere. Shot with actually disabled people controlling their representation respectfully with dignity and empowerment. The image should feel pride-celebrating, inclusion-enabling, and justice-oriented. Avoid inspiration porn or pity charity while ensuring actually disabled people control their representation with dignity.",4:5,Disability Inclusion / Accessibility Products / Pride Messaging
774,Senior Independence Active Aging Quality,"Senior independence, aging products, quality of life","You are an active aging photographer capturing senior independence and quality living for senior independence product and active aging marketing. Create a vibrant independent photograph showing older adult living independently with vitality and autonomy visible through active engaged living in home or community setting with natural lighting creating senior independence atmosphere appropriate for aging products, senior services, or quality of life marketing emphasizing independence and active aging without patronizing infantilization or aging denial while respecting natural aging process. Use natural lighting with authentic older adults living independently and autonomously creating vibrant aging atmosphere and independence focus with respect for aging not patronizing or denial. Feature senior independence with active aging atmosphere. Shot with real older adults showing genuine independence and vitality respectfully without patronization. The image should feel independent-autonomous, actively vital, and respect-aging. Avoid patronizing infantilization or aging denial while showing real aging dignity.",4:5,Senior Independence / Aging Products / Quality of Life
775,Child Development Parenting Support Growth,"Parenting products, child development, family support","You are a child development photographer capturing parenting and child growth for parenting product and child development marketing. Create a developmental photograph showing parent supporting child development through play, learning, or nurturing interaction with healthy development visible through age-appropriate activities in home or play setting with natural lighting creating child development atmosphere appropriate for parenting products, developmental toys, or family support marketing emphasizing supporting healthy development and positive parenting without perfectionism pressure or intensive parenting demands while respecting diverse parenting approaches. Use natural lighting with authentic parent-child interaction and developmentally appropriate activities creating supportive growth atmosphere and healthy development focus with realistic parenting not perfection pressure. Feature child development with parenting support atmosphere. Shot showing real families and authentic parenting moments respectfully with diverse approaches. The image should feel developmentally supportive, parenting-realistic, and growth-healthy. Avoid perfectionism pressure or intensive parenting demands while respecting diverse parenting approaches and family structures.",4:5,Parenting Products / Child Development / Family Support
776,Teen Mental Health Adolescent Support,"Teen mental health, adolescent support, youth wellness","You are a youth mental health photographer capturing adolescent wellness and teen support for teen mental health and adolescent support marketing. Create a supportive youth photograph showing teenager with peer support, healthy coping, or mental wellness activities visible through authentic teen life in school, home, or community setting with natural lighting creating teen mental health atmosphere appropriate for youth mental health services, teen support programs, or adolescent wellness marketing emphasizing teen mental health matters and support availability without stigma or trivializing teen struggles while respecting teen autonomy and privacy. Use natural lighting with authentic teen experiences and peer support visible creating supportive wellness atmosphere and adolescent mental health focus with stigma reduction not minimization of real struggles. Feature teen mental health with adolescent support atmosphere. Shot with real teens controlling their representation with appropriate privacy and consent. The image should feel supportively validating, teen-respectful, and stigma-reducing. Avoid stigmatizing or trivializing while protecting teen privacy and respecting autonomy.",4:5,Teen Mental Health / Adolescent Support / Youth Wellness
777,Pregnancy Health Prenatal Care Maternal,"Prenatal products, pregnancy health, maternal care","You are a prenatal health photographer capturing pregnancy wellness and maternal care for prenatal product and pregnancy health marketing. Create a healthy pregnancy photograph showing pregnant person receiving prenatal care, practicing pregnancy wellness, or preparing for baby with maternal health visible through healthcare interaction or wellness activities in medical or home setting with natural lighting creating prenatal health atmosphere appropriate for prenatal vitamins, pregnancy products, or maternal care marketing emphasizing healthy pregnancy and prenatal care importance without body shaming or romanticizing pregnancy while acknowledging pregnancy challenges. Use natural lighting with prenatal healthcare and pregnancy wellness activities creating maternal health atmosphere and prenatal care focus with body positivity not shaming and realistic not romanticized pregnancy. Feature pregnancy health with prenatal care atmosphere. Shot with real pregnant people of diverse bodies with dignity and appropriate medical accuracy. The image should feel health-focused, body-positive, and realistically supportive. Avoid body shaming or romanticizing while showing diverse pregnant bodies respectfully.",4:5,Prenatal Products / Pregnancy Health / Maternal Care
778,Postpartum Recovery New Parent Support,"Postpartum products, new parent support, recovery care","You are a postpartum care photographer capturing new parent support and recovery wellness for postpartum product and new parent support marketing. Create a supportive recovery photograph showing new parent with baby receiving support or practicing self-care with postpartum period visible through realistic new parent life in home setting with natural lighting creating postpartum support atmosphere appropriate for postpartum products, recovery care, or new parent support marketing emphasizing postpartum care matters and recovery support availability without romanticizing difficult postpartum period or showing only perfect Instagram motherhood while acknowledging real postpartum challenges. Use natural lighting with realistic new parent experiences and support systems visible creating recovery support atmosphere and postpartum wellness focus with honesty about challenges not romanticized perfection. Feature postpartum with new parent support atmosphere. Shot showing real postpartum experiences with honesty and support emphasis. The image should feel supportively realistic, recovery-caring, and honestly helpful. Avoid romanticized Instagram perfection while showing real postpartum challenges and needed support.",4:5,Postpartum Products / New Parent Support / Recovery Care
779,Fertility Journey Conception Support Hope,"Fertility products, conception support, fertility services","You are a fertility care photographer capturing fertility journey and conception support for fertility product and conception support marketing. Create a hopeful supportive photograph showing person or couple on fertility journey with medical support or hopeful preparation visible through fertility treatment or emotional support in medical or home setting with soft lighting creating fertility journey atmosphere appropriate for fertility products, IVF services, or conception support marketing emphasizing hope and support through fertility challenges without false success promises or minimizing infertility grief while respecting privacy of this sensitive journey. Use soft lighting with supportive fertility care and hopeful preparation creating journey support atmosphere and fertility wellness focus with realistic hope not false promises while respecting infertility grief and privacy. Feature fertility journey with conception support atmosphere. Shot with appropriate sensitivity and privacy for this deeply personal medical journey. The image should feel hopefully supportive, realistically caring, and privacy-respecting. Avoid false success promises or minimizing infertility grief while maintaining appropriate privacy.",4:5,Fertility Products / Conception Support / Fertility Services
780,Menopause Health Midlife Wellness Transition,"Menopause products, midlife wellness, transition support","You are a menopause wellness photographer capturing midlife transition and menopause health for menopause product and midlife wellness marketing. Create an empowering transition photograph showing person experiencing menopause with wellness support or healthy management visible through self-care or medical support in everyday setting with natural lighting creating menopause health atmosphere appropriate for menopause products, hormone therapy, or midlife wellness marketing emphasizing menopause as natural transition and support availability without aging stigma or medicalization of natural process while acknowledging real symptoms needing management. Use natural lighting with menopause wellness activities and support systems creating empowering transition atmosphere and midlife health focus with natural process acknowledgment not aging stigma while validating real symptoms. Feature menopause health with midlife transition atmosphere. Shot showing real menopause experiences with dignity and empowerment not aging stigma. The image should feel empowering-natural, wellness-supporting, and stigma-reducing. Avoid aging stigma or excessive medicalization while acknowledging symptoms needing management.",4:5,Menopause Products / Midlife Wellness / Transition Support
781,Men's Health Masculine Wellness Preventive,"Men's health products, masculine wellness, preventive care","You are a men's health photographer capturing masculine wellness and preventive care for men's health product and masculine wellness marketing. Create a healthy masculine photograph showing man practicing preventive health through medical checkup, healthy lifestyle, or wellness activities with men's health visible through healthcare engagement or healthy behaviors in medical or lifestyle setting with natural lighting creating men's health atmosphere appropriate for men's health products, preventive care, or masculine wellness marketing emphasizing men's health matters and healthcare engagement importance without toxic masculinity or ignoring men's health needs while encouraging health-seeking behavior. Use natural lighting with men's healthcare engagement and healthy lifestyle creating masculine wellness atmosphere and preventive health focus with healthy masculinity not toxic while addressing real men's health needs. Feature men's health with masculine wellness atmosphere. Shot showing diverse men engaging in preventive healthcare and wellness. The image should feel health-engaged, masculinity-healthy, and care-encouraging. Avoid toxic masculinity while addressing men's health needs and encouraging healthcare-seeking.",16:9,Men's Health Products / Masculine Wellness / Preventive Care
782,Women's Health Feminine Wellness Gynecological,"Women's health products, feminine wellness, gynecological care","You are a women's health photographer capturing feminine wellness and gynecological care for women's health product and feminine wellness marketing. Create a dignified health photograph showing woman receiving gynecological care or practicing women's health wellness with feminine health visible through medical consultation or health behaviors in medical or wellness setting with natural lighting creating women's health atmosphere appropriate for women's health products, gynecological services, or feminine wellness marketing emphasizing women's health importance and healthcare dignity without body shame or gender essentialism while respecting diverse women including trans women. Use natural lighting with respectful healthcare interaction and women's wellness activities creating dignified health atmosphere and gynecological care focus with body respect not shame while including all women. Feature women's health with feminine wellness atmosphere. Shot showing diverse women including trans women with healthcare dignity and respect. The image should feel dignified-caring, health-respecting, and inclusively representing. Avoid body shame or gender essentialism while including all women respectfully.",4:5,Women's Health Products / Feminine Wellness / Gynecological Care
783,LGBTQ Healthcare Inclusive Medical Care,"LGBTQ health services, inclusive care, affirming healthcare","You are an inclusive healthcare photographer capturing LGBTQ-affirming care and inclusive medicine for LGBTQ health service and inclusive care marketing. Create an affirming healthcare photograph showing LGBTQ person receiving affirming medical care with inclusive healthcare and respectful treatment visible through supportive medical interaction in inclusive healthcare setting with natural lighting creating inclusive care atmosphere appropriate for LGBTQ health services, affirming clinics, or inclusive healthcare marketing emphasizing affirming care availability and healthcare safety for LGBTQ people without tokenism or rainbow-washing while showing genuine LGBTQ healthcare inclusion. Use natural lighting with authentically inclusive healthcare and affirming medical interaction creating safe care atmosphere and LGBTQ health focus with genuine inclusion not performative tokenism. Feature LGBTQ healthcare with inclusive affirming atmosphere. Shot showing real LGBTQ-inclusive healthcare with authentic representation and genuine affirmation. The image should feel safely affirming, genuinely inclusive, and healthcare-competent. Avoid tokenism or rainbow-washing while showing authentic LGBTQ healthcare inclusion.",16:9,LGBTQ Health Services / Inclusive Care / Affirming Healthcare
784,Chronic Illness Management Living Well,"Chronic illness products, disease management, living well support","You are a chronic illness photographer capturing living well management and disease wellness for chronic illness product and living well support marketing. Create an empowering wellness photograph showing person managing chronic illness well while living full life with condition management and quality living visible through daily activities and medical management in everyday setting with natural lighting creating chronic illness management atmosphere appropriate for disease management products, chronic illness support, or living well marketing emphasizing living well with chronic illness and empowered management without tragedy focus or minimizing condition realities while showing full life possible. Use natural lighting with active condition management and full life living creating empowered wellness atmosphere and disease management focus with quality of life not tragedy while acknowledging real condition challenges. Feature chronic illness with living well atmosphere. Shot showing real people managing chronic conditions while living fully. The image should feel empowered-managing, fully-living, and realistically hopeful. Avoid tragedy focus or condition minimization while showing full life possible.",4:5,Chronic Illness Products / Disease Management / Living Well Support
785,Mental Illness Recovery Psychiatric Wellness,"Mental health recovery, psychiatric care, wellness support","You are a mental illness recovery photographer capturing psychiatric wellness and recovery journey for mental health recovery and psychiatric care marketing. Create a hopeful recovery photograph showing person in mental illness recovery engaging in wellness activities with recovery progress and psychiatric wellness visible through healthy activities and support systems in community or home setting with natural lighting creating recovery wellness atmosphere appropriate for psychiatric services, mental health products, or recovery support marketing emphasizing recovery possible and wellness achievable without stigma or romanticizing mental illness while showing real recovery challenges and victories. Use natural lighting with recovery wellness activities and supportive environments creating hopeful recovery atmosphere and psychiatric wellness focus with stigma reduction not romanticization while acknowledging real challenges and celebrating victories. Feature mental illness recovery with psychiatric wellness atmosphere. Shot showing real recovery journeys with hope and dignity without stigma. The image should feel hopefully recovering, wellness-progressing, and stigma-reducing. Avoid stigmatizing or romanticizing while showing real recovery is possible with support.",4:5,Mental Health Recovery / Psychiatric Care / Wellness Support
786,Addiction Recovery Sobriety Support Healing,"Addiction recovery services, sobriety support, healing programs","You are an addiction recovery photographer capturing sobriety journey and healing recovery for addiction recovery service and sobriety support marketing. Create a dignified recovery photograph showing person in addiction recovery with sobriety support and healing visible through recovery activities and support group participation in treatment or community setting with natural lighting creating recovery healing atmosphere appropriate for addiction services, sobriety programs, or recovery support marketing emphasizing recovery possible and support available without stigma or glamorizing addiction while showing real recovery work and celebrating sobriety victories. Use natural lighting with recovery support activities and healing community creating dignified recovery atmosphere and sobriety focus with stigma reduction not glamorization while showing hard work of recovery and hope of healing. Feature addiction recovery with sobriety healing atmosphere. Shot showing real recovery journeys with dignity and hope without addiction stigma. The image should feel dignified-recovering, soberly-healing, and hopefully-progressing. Avoid stigmatizing or glamorizing while showing recovery is possible with hard work and support.",16:9,Addiction Recovery Services / Sobriety Support / Healing Programs
787,Grief Support Loss Healing Bereavement,"Grief support services, bereavement care, loss healing","You are a grief support photographer capturing bereavement care and loss healing for grief support service and bereavement care marketing. Create a compassionate support photograph showing person receiving grief support with bereavement care and healing support visible through counseling, support group, or memorial activity in supportive setting with soft lighting creating grief support atmosphere appropriate for bereavement services, grief counseling, or loss support marketing emphasizing grief support available and healing possible without rushing grief or toxic positivity while honoring loss and respecting grief timeline. Use soft lighting with compassionate support provision and grief honoring activities creating caring support atmosphere and bereavement care focus with grief respect not rush or toxicity while supporting healing journey. Feature grief support with loss healing atmosphere. Shot showing real grief support with compassion and respect for grieving timeline. The image should feel compassionately supportive, grief-respecting, and gently healing. Avoid rushing grief or toxic positivity while offering genuine support and hope for healing.",4:5,Grief Support Services / Bereavement Care / Loss Healing
788,Trauma Recovery PTSD Healing Support,"Trauma recovery services, PTSD treatment, healing support","You are a trauma recovery photographer capturing healing support and PTSD treatment for trauma recovery service and healing support marketing. Create a safe healing photograph showing trauma survivor in recovery with therapeutic support and healing progress visible through trauma therapy or healing activities in safe therapeutic setting with gentle lighting creating trauma recovery atmosphere appropriate for trauma services, PTSD treatment, or healing support marketing emphasizing healing possible and safety available without retraumatizing or sensationalizing trauma while respecting survivors and showing professional trauma care. Use gentle lighting with trauma-informed support and safe therapeutic environment creating healing safety atmosphere and recovery focus with survivor respect not exploitation while showing professional effective trauma treatment. Feature trauma recovery with PTSD healing atmosphere. Shot with trauma-informed approach respecting survivors with dignity and safety. The image should feel safely healing, trauma-informed, and respectfully supportive. Avoid retraumatizing or sensationalizing while showing healing is possible with professional support.",4:5,Trauma Recovery Services / PTSD Treatment / Healing Support
789,Eating Disorder Recovery Body Healing,"Eating disorder treatment, recovery support, body healing","You are an eating disorder recovery photographer capturing body healing and recovery support for eating disorder treatment and recovery support marketing. Create a healing recovery photograph showing person in eating disorder recovery with treatment support and body healing visible through recovery meals, therapy, or healing activities in treatment or recovery setting with soft lighting creating recovery healing atmosphere appropriate for eating disorder treatment, recovery programs, or body healing support marketing emphasizing recovery possible and support available without triggering or body focus while supporting healing relationship with food and body. Use soft lighting with recovery support and healing activities creating safe recovery atmosphere and treatment focus with non-triggering approach while showing recovery progress and body peace. Feature eating disorder recovery with body healing atmosphere. Shot with eating disorder-informed approach avoiding triggering content or body focus. The image should feel safely recovering, healing-supported, and body-peaceful. Avoid triggering content or body focus while showing recovery is achievable with professional treatment.",4:5,Eating Disorder Treatment / Recovery Support / Body Healing
790,Domestic Violence Survivor Support Safety,"Domestic violence services, survivor support, safety resources","You are a survivor support photographer capturing safety resources and survivor healing for domestic violence service and survivor support marketing. Create a safe supportive photograph showing domestic violence survivor accessing support with safety resources and survivor services visible through counseling, shelter, or support services in confidential safe setting with natural lighting creating survivor support atmosphere appropriate for domestic violence services, survivor programs, or safety resources marketing emphasizing safety available and support accessible without exploitation or triggering while respecting survivor privacy and showing path to safety. Use natural lighting with confidential support services and safe environments creating survivor safety atmosphere and support access focus with privacy protection not exploitation while showing survivors escaping is possible. Feature domestic violence survivor with support safety atmosphere. Shot with extreme sensitivity protecting survivor privacy and avoiding re-traumatization. The image should feel safely supportive, confidentially protective, and hope-providing. Avoid exploitation or triggers while showing safety and support are available and escaping is possible.",4:5,Domestic Violence Services / Survivor Support / Safety Resources
791,Sexual Assault Survivor Healing Support,"Sexual assault services, survivor healing, support resources","You are a sexual assault support photographer capturing survivor healing and support resources for sexual assault service and survivor support marketing. Create a safe healing photograph showing sexual assault survivor accessing healing support with survivor services and healing resources visible through counseling, advocacy, or healing activities in safe confidential setting with gentle lighting creating survivor support atmosphere appropriate for sexual assault services, healing programs, or survivor resources marketing emphasizing survivors believed and support available without victim-blaming or sensationalizing while respecting survivor trauma and privacy. Use gentle lighting with trauma-informed support services and safe healing environments creating survivor care atmosphere and healing access focus with believe survivors approach not victim-blaming while providing hope for healing. Feature sexual assault survivor with healing support atmosphere. Shot with trauma-informed approach protecting survivor privacy avoiding retraumatization. The image should feel safely caring, believed-supported, and healing-hopeful. Avoid victim-blaming or sensationalizing while showing survivors are believed and healing support is available.",4:5,Sexual Assault Services / Survivor Healing / Support Resources
792,Human Trafficking Survivor Freedom Recovery,"Anti-trafficking services, survivor recovery, freedom support","You are an anti-trafficking photographer capturing survivor freedom and recovery support for human trafficking service and survivor recovery marketing. Create a dignified freedom photograph showing trafficking survivor in recovery with freedom support and healing services visible through survivor care, skills training, or recovery programs in safe supportive setting with natural lighting creating survivor recovery atmosphere appropriate for anti-trafficking services, survivor programs, or freedom support marketing emphasizing freedom possible and comprehensive support available without exploitation or savior complex while respecting survivor dignity and showing holistic recovery services. Use natural lighting with comprehensive survivor services and dignified recovery creating freedom healing atmosphere and survivor empowerment focus with dignity respect not exploitation while showing escape and recovery are possible. Feature trafficking survivor with freedom recovery atmosphere. Shot with extreme respect for survivor dignity avoiding exploitation or savior narratives. The image should feel freedom-dignified, recovery-supported, and empowerment-focused. Avoid exploitation or savior complex while showing survivors can escape and recover with comprehensive support.",4:5,Anti-Trafficking Services / Survivor Recovery / Freedom Support
793,Homelessness Support Housing Services Hope,"Homeless services, housing support, hope programs","You are a housing support photographer capturing homeless services and housing hope for homeless service and housing support marketing. Create a dignified hope photograph showing person experiencing homelessness accessing services with housing support and pathways to housing visible through service provision, case management, or housing program in service setting with natural lighting creating homeless support atmosphere appropriate for homeless services, housing programs, or support resources marketing emphasizing housing as human right and support available without dehumanization or poverty porn while respecting dignity and showing housing solutions exist. Use natural lighting with dignified service provision and housing pathway services creating respectful support atmosphere and housing access focus with dignity not dehumanization while showing housing solutions and support. Feature homelessness support with housing hope atmosphere. Shot with respect for human dignity of people experiencing homelessness avoiding poverty porn. The image should feel dignified-respectful, hope-providing, and solution-focused. Avoid dehumanization or poverty porn while showing housing is human right and solutions exist.",16:9,Homeless Services / Housing Support / Hope Programs
794,Refugee Support Integration Services Welcome,"Refugee services, integration support, welcome programs","You are a refugee support photographer capturing integration services and welcome programs for refugee service and integration support marketing. Create a welcoming integration photograph showing refugees accessing support with integration services and community welcome visible through ESL classes, job training, or cultural orientation in welcoming community setting with natural lighting creating refugee support atmosphere appropriate for refugee services, integration programs, or welcome initiatives marketing emphasizing refugees welcome and support available without savior complex or refugee trauma exploitation while respecting refugee dignity and showing successful integration support. Use natural lighting with welcoming support services and community integration creating dignified welcome atmosphere and integration support focus with mutual benefit not charity while showing refugees contribute and thrive. Feature refugee support with integration welcome atmosphere. Shot respecting refugee dignity and agency avoiding savior narratives or trauma exploitation. The image should feel welcomingly supportive, dignity-respecting, and mutually beneficial. Avoid savior complex or trauma exploitation while showing refugees are welcomed contributors who thrive with support.",16:9,Refugee Services / Integration Support / Welcome Programs
795,Veteran Services Military Transition Support,"Veteran services, military transition, support programs","You are a veteran support photographer capturing military transition and veteran services for veteran service and transition support marketing. Create a supportive transition photograph showing veteran transitioning to civilian life with support services and transition assistance visible through job training, counseling, or benefits access in support setting with natural lighting creating veteran support atmosphere appropriate for veteran services, transition programs, or military support marketing emphasizing veterans served and support available without glorifying war or forgetting female veterans while respecting veteran experience and showing comprehensive transition support. Use natural lighting with veteran support services and transition assistance creating respectful support atmosphere and transition focus with inclusive veteran representation not war glorification while showing comprehensive services. Feature veteran services with transition support atmosphere. Shot showing diverse veterans including women and minorities with respect and dignity. The image should feel respectfully supportive, transition-assisting, and inclusively representing. Avoid war glorification or male-only veteran assumptions while showing comprehensive transition support for all veterans.",16:9,Veteran Services / Military Transition / Support Programs
796,Elderly Care Senior Services Aging Support,"Elderly care services, senior support, aging assistance","You are an elderly care photographer capturing senior services and aging support for elderly care service and senior assistance marketing. Create a dignified care photograph showing older adult receiving care services with senior support and quality care visible through home care, assisted living, or care services in care setting with natural lighting creating elderly care atmosphere appropriate for senior care services, aging support, or elderly assistance marketing emphasizing quality compassionate care and aging dignity without infantilization or warehousing seniors while respecting elder autonomy and showing person-centered care. Use natural lighting with quality care provision and respectful care interaction creating dignified care atmosphere and senior support focus with autonomy respect not infantilization while showing compassionate quality care. Feature elderly care with senior dignity atmosphere. Shot showing real quality elder care with respect and person-centered approach. The image should feel dignified-respectful, compassionately-caring, and autonomy-honoring. Avoid infantilization or warehousing while showing quality person-centered elder care.",16:9,Elderly Care Services / Senior Support / Aging Assistance
797,Foster Care Support Child Welfare Services,"Foster care services, child welfare, support systems","You are a child welfare photographer capturing foster care and child welfare services for foster care service and child welfare marketing. Create a caring support photograph showing foster care system providing support with child welfare services and caring foster families visible through supportive care, family support, or welfare services in supportive setting with natural lighting creating foster care atmosphere appropriate for foster services, child welfare, or foster family support marketing emphasizing children deserve stable loving care and foster families supported without savior narratives or biological family bias while respecting complex foster situations and showing quality foster care support. Use natural lighting with supportive foster care and child welfare services creating caring support atmosphere and child welfare focus with complex sensitivity not savior narrative while showing foster families need and deserve support. Feature foster care with child welfare atmosphere. Shot respecting foster children privacy and complex family situations with sensitivity. The image should feel caring-supportive, child-centered, and family-respectful. Avoid savior narratives or biological bias while showing foster children deserve stability and foster families deserve support.",4:5,Foster Care Services / Child Welfare / Support Systems
798,Adoption Services Family Building Support,"Adoption services, family building, adoption support","You are an adoption services photographer capturing family building and adoption support for adoption service and family building marketing. Create a joyful family photograph showing adoptive family with adoption support and family building visible through family bonding, adoption celebration, or support services in family setting with natural lighting creating adoption atmosphere appropriate for adoption services, family building, or adoption support marketing emphasizing families formed through adoption and support available without savior narratives or birth parent erasure while respecting adoption complexity and showing diverse family formations. Use natural lighting with adoptive family bonding and supportive family building creating joyful family atmosphere and adoption support focus with complexity acknowledgment not savior narrative while respecting birth families. Feature adoption with family building atmosphere. Shot showing diverse adoptive families including transracial and LGBTQ adoptions with sensitivity. The image should feel family-celebrating, adoption-supported, and complexity-respecting. Avoid savior narratives or birth parent erasure while showing beautiful families formed through adoption with appropriate support.",4:5,Adoption Services / Family Building / Adoption Support
799,Community Development Neighborhood Building Together,"Community development, neighborhood programs, collective building","You are a community development photographer capturing neighborhood building and community development for community development and neighborhood program marketing. Create an engaged community photograph showing neighbors working together with community development and collective building visible through neighborhood projects, community organizing, or local development in community setting with natural lighting creating community development atmosphere appropriate for community programs, neighborhood initiatives, or development projects marketing emphasizing community building together and collective power without gentrification or displacement while respecting longtime residents and showing equitable development. Use natural lighting with authentic community organizing and neighborhood collective action creating engaged community atmosphere and development focus with equity emphasis not gentrification while centering longtime residents. Feature community development with neighborhood building atmosphere. Shot showing diverse community members especially longtime residents with agency and leadership. The image should feel community-powered, collectively-building, and equity-focused. Avoid gentrification or displacement while showing communities have power to develop equitably together.",16:9,Community Development / Neighborhood Programs / Collective Building
800,Social Justice Advocacy Movement Action,"Social justice organizations, advocacy campaigns, movement building","You are a social justice photographer capturing movement action and advocacy organizing for social justice organization and advocacy campaign marketing. Create a powerful action photograph showing activists organizing or demonstrating for justice with social movement and advocacy action visible through protest, organizing, or justice work in movement setting with natural lighting creating social justice atmosphere appropriate for justice organizations, advocacy campaigns, or movement building marketing emphasizing justice movements powerful and collective action effective without white savior framing or movement tourism while centering most impacted communities and showing grassroots power. Use natural lighting with authentic movement organizing and grassroots action creating powerful collective atmosphere and justice focus with impacted community leadership not savior framing while showing movements win justice. Feature social justice with movement action atmosphere. Shot showing diverse activists especially those most impacted leading with dignity and power. The image should feel movement-powerful, justice-advancing, and collectively-acting. Avoid white savior framing or movement tourism while showing justice movements led by impacted communities win change through collective action.",16:9,Social Justice Organizations / Advocacy Campaigns / Movement Building
801,Climate Action Environmental Justice Movement,"Climate activism, environmental justice, ecological movement","You are a climate action photographer specializing in environmental justice movements and ecological activism for climate organizations and environmental campaigns. Create a powerful activist photograph showing climate activists taking action for environmental justice with diverse protesters, indigenous land defenders, or youth climate strikers visible in outdoor protest or action setting with natural daylight creating climate action atmosphere emphasizing frontline community leadership and intersectional environmentalism without white saviorism or excluding global south voices while showing climate justice is racial justice. Use natural outdoor lighting with authentic climate activism and diverse movement leadership especially frontline communities and indigenous peoples creating justice movement atmosphere with intersectional analysis centering most impacted. Feature climate action with environmental justice movement atmosphere showing real activists leading especially indigenous and frontline communities. The image should feel justice-centered movement-powerful and intersectionally environmental without white saviorism centering frontline leadership.",16:9,Climate Activism / Environmental Justice / Ecological Movement
802,Voting Democracy Civic Engagement Participation,"Voter registration, democracy campaigns, civic participation",You are a civic engagement photographer specializing in democracy participation and voter engagement for voter registration drives and democracy campaigns. Create an empowering civic photograph showing diverse people voting or registering with democratic participation and civic engagement visible in polling place or registration drive setting with bright indoor lighting creating democracy atmosphere emphasizing voting rights sacred and civic participation essential without voter suppression erasure or partisan messaging while showing democracy requires participation. Use bright indoor lighting with diverse voters participating and registration happening creating civic engagement atmosphere with voting rights emphasis acknowledging suppression fighting. Feature voting democracy with civic participation atmosphere showing diverse communities especially historically suppressed voters exercising democratic power. The image should feel democracy-empowering civic-engaging and rights-protecting without partisan bias acknowledging voter suppression battles.,16:9,Voter Registration / Democracy Campaigns / Civic Participation
803,Labor Union Workers Rights Solidarity,"Labor unions, workers rights, union organizing","You are a labor movement photographer specializing in workers rights and union solidarity for labor unions and organizing campaigns. Create a solidarity-powerful photograph showing workers united in union with labor organizing and workers rights advocacy visible in workplace, picket line, or union hall setting with natural or industrial lighting creating labor solidarity atmosphere emphasizing workers power in union and collective bargaining rights without corporate anti-union framing or excluding service and care workers while showing labor movement includes all workers. Use authentic lighting with real union members and diverse workers organizing creating solidarity movement atmosphere with workers power emphasis including service care and gig workers not just industrial. Feature labor union with workers solidarity atmosphere showing diverse workers especially women and workers of color in union leadership roles. The image should feel worker-powered union-strong and solidarity-building without corporate framing including all worker types.",16:9,Labor Unions / Workers Rights / Union Organizing
804,Mutual Aid Community Care Solidarity Support,"Mutual aid networks, community care, solidarity support",You are a mutual aid photographer specializing in community care networks and solidarity support for mutual aid organizations and community care networks. Create a caring community photograph showing mutual aid in action with community members supporting each other and solidarity care visible in neighborhood setting with natural lighting creating mutual aid atmosphere emphasizing communities care for each other and mutual aid not charity while showing solidarity economics and community resilience. Use natural lighting with authentic mutual aid organizing and community care networks creating solidarity support atmosphere with mutual aid principles not charity model showing community power and care. Feature mutual aid with community solidarity atmosphere showing diverse community members giving and receiving mutual support as equals. The image should feel community-caring solidarity-supporting and mutually-aiding without charity framing showing communities have power to care collectively.,16:9,Mutual Aid Networks / Community Care / Solidarity Support
805,Cooperative Business Democratic Economy Ownership,"Worker cooperatives, cooperative business, democratic economy",You are a cooperative economy photographer specializing in worker ownership and democratic business for worker cooperatives and cooperative enterprises. Create an empowering economic photograph showing worker-owners democratically running cooperative with democratic decision-making and worker ownership visible in cooperative workplace setting with natural lighting creating cooperative economy atmosphere emphasizing workers can own workplaces and democratic economy possible without capitalist inevitability framing or excluding care and service cooperatives while showing diverse cooperative models succeed. Use natural lighting with authentic worker-owner governance and democratic workplace creating cooperative economy atmosphere with worker ownership emphasis showing diverse cooperative types including care and service work not just production. Feature cooperative business with democratic ownership atmosphere showing diverse worker-owners especially women and people of color in democratic workplace governance. The image should feel worker-empowering democratically-economic and ownership-achieving without capitalist inevitability showing workers successfully own cooperatively.,16:9,Worker Cooperatives / Cooperative Business / Democratic Economy
806,Financial Literacy Money Education Empowerment,"Financial education, money literacy, economic empowerment","You are a financial empowerment photographer specializing in money education and financial literacy for financial education programs and economic empowerment initiatives. Create an empowering education photograph showing people learning financial skills with money management education and financial empowerment visible through workshop, class, or counseling setting with bright natural lighting creating financial literacy atmosphere emphasizing financial knowledge is power and economic empowerment possible without shame or classist assumptions while teaching practical money skills accessibly. Use bright natural lighting with authentic financial education and diverse participants learning creating empowerment atmosphere with shame-free money education accessible to all economic backgrounds. Feature financial literacy with money empowerment atmosphere showing diverse people especially economically marginalized communities accessing financial education without judgment. The image should feel empowering-educational shame-free and economically-accessible without classist bias showing financial knowledge empowers everyone.",16:9,Financial Education / Money Literacy / Economic Empowerment
807,Digital Literacy Technology Access Equity,"Digital literacy programs, tech access, digital equity",You are a digital equity photographer specializing in technology access and digital literacy for digital literacy programs and technology access initiatives. Create an empowering tech photograph showing people gaining digital skills with technology education and digital access visible in community tech center or library setting with natural lighting creating digital literacy atmosphere emphasizing digital divide is justice issue and technology access is right without assuming digital nativeness or excluding elders while bridging digital divide equitably. Use natural lighting with authentic digital learning and diverse ages especially elders gaining skills creating equity atmosphere with dignity respect not age assumptions bridging divide justly. Feature digital literacy with technology equity atmosphere showing diverse people especially elders and economically marginalized accessing digital skills with dignity. The image should feel tech-empowering digitally-equitable and age-respectful without digital native assumptions showing technology access is justice issue.,16:9,Digital Literacy Programs / Tech Access / Digital Equity
808,Urban Farming City Agriculture Food Justice,"Urban agriculture, city farming, food justice",You are an urban agriculture photographer specializing in city farming and food justice for urban farming projects and food justice organizations. Create an inspiring urban photograph showing city dwellers growing food with urban agriculture and community gardens visible in urban setting with natural daylight creating food justice atmosphere emphasizing communities can grow own food and food sovereignty possible without gentrification green-washing or displacing longtime residents while showing food justice means community control. Use natural daylight with authentic urban farming and diverse community growers creating food sovereignty atmosphere with anti-gentrification lens centering longtime residents growing food. Feature urban farming with food justice atmosphere showing diverse urban communities especially people of color and immigrants who have always grown food leading urban agriculture. The image should feel community-empowering food-sovereign and justice-centered without gentrification showing communities control their food systems.,16:9,Urban Agriculture / City Farming / Food Justice
809,Prison Abolition Justice Reform System Change,"Criminal justice reform, abolition movements, system transformation",You are a justice transformation photographer specializing in abolition movements and system change for criminal justice reform and abolition organizations. Create a powerful reform photograph showing formerly incarcerated people leading or justice advocates organizing with abolition movement and system transformation visible in community or organizing setting with natural lighting creating justice reform atmosphere emphasizing prison system unjust and abolition necessary without reform­ism only approach or excluding currently incarcerated voices while centering directly impacted leadership. Use natural lighting with authentic abolition organizing and formerly incarcerated leaders creating transformation movement atmosphere with abolitionist analysis not reform­ism centering most impacted voices. Feature prison abolition with justice transformation atmosphere showing formerly incarcerated people especially women and trans people of color in movement leadership positions. The image should feel abolition-powerful justice-transforming and impacted-led without reform­ism showing prison system must be abolished not just reformed.,16:9,Criminal Justice Reform / Abolition Movements / System Transformation
810,Immigration Rights Migrant Justice Movement,"Immigration advocacy, migrant rights, justice campaigns","You are an immigration justice photographer specializing in migrant rights and immigration advocacy for immigrant rights organizations and migrant justice campaigns. Create a dignified justice photograph showing immigrants organizing for rights with migrant justice movement and immigration advocacy visible in rally, organizing, or community setting with natural lighting creating immigration rights atmosphere emphasizing immigrants rights are human rights and migrant justice is racial justice without savior narratives or immigrant trauma porn while centering immigrant voices and leadership. Use natural lighting with authentic immigrant organizing and migrant community leaders creating justice movement atmosphere with immigrant leadership not savior framing respecting dignity. Feature immigration rights with migrant justice atmosphere showing immigrant communities especially undocumented people leading their own movements with dignity and power. The image should feel justice-demanding dignity-maintaining and immigrant-led without saviorism showing immigrants fight for and win their own rights.",16:9,Immigration Advocacy / Migrant Rights / Justice Campaigns
